filename,blur_path,sharp_path,blur_level,estimated_angle,estimated_kernel_length,blur_psnr,blur_ssim,blur_lap_var,wiener_path,wiener_psnr,wiener_ssim,wiener_lap_var,wiener_runtime_sec,rl_path,rl_psnr,rl_ssim,rl_lap_var,rl_runtime_sec,eval_height,eval_width
000291.png,C:\Users\User\comp6001_assignment1\data\raw\gopro\blur\images\000291.png,C:\Users\User\comp6001_assignment1\data\raw\gopro\sharp\images\000291.png,low_blur,-2.0000076293945312,13,30.255339621561156,0.9089111399267154,631.7584777341951,C:\Users\User\comp6001_assignment1\data\processed\deblurred_gopro\wiener\000291.png,13.810380811979918,0.19579504417380167,3109.795391770792,0.2015357000000222,C:\Users\User\comp6001_assignment1\data\processed\deblurred_gopro\richardson_lucy\000291.png,22.416221975056445,0.7389432456418287,687.8012333151734,0.26228100000025734,288,512
000734.png,C:\Users\User\comp6001_assignment1\data\raw\gopro\blur\images\000734.png,C:\Users\User\comp6001_assignment1\data\raw\gopro\sharp\images\000734.png,low_blur,2.9999923706054688,17,26.233965428800108,0.869980167746796,319.5394949239253,C:\Users\User\comp6001_assignment1\data\processed\deblurred_gopro\wiener\000734.png,14.960312026400997,0.24788625595481525,1950.6166394240693,0.18685660000028292,C:\Users\User\comp6001_assignment1\data\processed\deblurred_gopro\richardson_lucy\000734.png,22.440239448679577,0.7270943572589944,415.31286362788563,0.2838688000001639,288,512
000262.png,C:\Users\User\comp6001_assignment1\data\raw\gopro\blur\images\000262.png,C:\Users\User\comp6001_assignment1\data\raw\gopro\sharp\images\000262.png,low_blur,23.49999237060547,13,26.096887717377328,0.8305515687113099,337.4820714408969,C:\Users\User\comp6001_assignment1\data\processed\deblurred_gopro\wiener\000262.png,16.70617394964434,0.3145485835568695,2457.4246236542126,0.17420230000061565,C:\Users\User\comp6001_assignment1\data\processed\deblurred_gopro\richardson_lucy\000262.png,23.903995528813653,0.7527866251182749,473.1142527725963,0.2719137000003684,288,512
000108.png,C:\Users\User\comp6001_assignment1\data\raw\gopro\blur\images\000108.png,C:\Users\User\comp6001_assignment1\data\raw\gopro\sharp\images\000108.png,medium_blur,-5.500003814697266,17,33.22631544223624,0.9604053155751746,248.80122560906557,C:\Users\User\comp6001_assignment1\data\processed\deblurred_gopro\wiener\000108.png,14.45635159129812,0.22040312383387892,1478.5500556226402,0.188154399999803,C:\Users\User\comp6001_assignment1\data\processed\deblurred_gopro\richardson_lucy\000108.png,22.966190593260848,0.7552188994701172,366.60687924383416,0.313614000000598,288,512
000620.png,C:\Users\User\comp6001_assignment1\data\raw\gopro\blur\images\000620.png,C:\Users\User\comp6001_assignment1\data\raw\gopro\sharp\images\000620.png,high_blur,-9.000007629394531,21,23.177536152782633,0.6740868799028377,84.95617634554702,C:\Users\User\comp6001_assignment1\data\processed\deblurred_gopro\wiener\000620.png,16.408625093996044,0.28693795254835747,782.0267589974828,0.1673386999991635,C:\Users\User\comp6001_assignment1\data\processed\deblurred_gopro\richardson_lucy\000620.png,21.23709061756607,0.5816627423441381,121.78975580425725,0.282799999999952,288,512
000238.png,C:\Users\User\comp6001_assignment1\data\raw\gopro\blur\images\000238.png,C:\Users\User\comp6001_assignment1\data\raw\gopro\sharp\images\000238.png,high_blur,11.999992370605469,17,24.028292939085723,0.7037824246692327,101.3003675043123,C:\Users\User\comp6001_assignment1\data\processed\deblurred_gopro\wiener\000238.png,19.190315602231234,0.48835976757467287,893.5395803626307,0.17151749999993626,C:\Users\User\comp6001_assignment1\data\processed\deblurred_gopro\richardson_lucy\000238.png,23.761175597175246,0.7021276773344738,147.64368336836316,0.2960309000000052,288,512
000159.png,C:\Users\User\comp6001_assignment1\data\raw\gopro\blur\images\000159.png,C:\Users\User\comp6001_assignment1\data\raw\gopro\sharp\images\000159.png,low_blur,-27.000003814697266,13,29.596039270547273,0.9406470109589957,417.7057372241477,C:\Users\User\comp6001_assignment1\data\processed\deblurred_gopro\wiener\000159.png,14.561748809776523,0.18016770956366832,2819.869816307622,0.1627648000003319,C:\Users\User\comp6001_assignment1\data\processed\deblurred_gopro\richardson_lucy\000159.png,22.514017498578006,0.6966848316774191,476.2333645268262,0.27355139999963285,288,512
002171.png,C:\Users\User\comp6001_assignment1\data\raw\gopro\blur\images\002171.png,C:\Users\User\comp6001_assignment1\data\raw\gopro\sharp\images\002171.png,low_blur,-5.500003814697266,17,34.20975388380751,0.9692115812140436,286.45718015270467,C:\Users\User\comp6001_assignment1\data\processed\deblurred_gopro\wiener\002171.png,15.311919493989235,0.2774072236022482,1712.7608445455999,0.19748359999994136,C:\Users\User\comp6001_assignment1\data\processed\deblurred_gopro\richardson_lucy\002171.png,23.359481761433912,0.7728402677049377,474.29237222009243,0.3420132000001104,288,512
002143.png,C:\Users\User\comp6001_assignment1\data\raw\gopro\blur\images\002143.png,C:\Users\User\comp6001_assignment1\data\raw\gopro\sharp\images\002143.png,medium_blur,-4.000007629394531,17,33.570938332024625,0.9535338831785215,234.63045144890566,C:\Users\User\comp6001_assignment1\data\processed\deblurred_gopro\wiener\002143.png,16.203193022142376,0.2906794312210043,1424.0380005122702,0.16638530000000173,C:\Users\User\comp6001_assignment1\data\processed\deblurred_gopro\richardson_lucy\002143.png,23.586342637610784,0.7674345693152965,391.7213054319591,0.3117782999997871,288,512
000297.png,C:\Users\User\comp6001_assignment1\data\raw\gopro\blur\images\000297.png,C:\Users\User\comp6001_assignment1\data\raw\gopro\sharp\images\000297.png,medium_blur,-1.5000038146972656,17,21.830614355155177,0.6911509459278514,162.33655961336177,C:\Users\User\comp6001_assignment1\data\processed\deblurred_gopro\wiener\000297.png,15.446861974900647,0.20668820805666077,1096.9209285972663,0.175532999999632,C:\Users\User\comp6001_assignment1\data\processed\deblurred_gopro\richardson_lucy\000297.png,20.537427655908655,0.6093154551575429,211.82282058393326,0.2990712999999232,288,512
002495.png,C:\Users\User\comp6001_assignment1\data\raw\gopro\blur\images\002495.png,C:\Users\User\comp6001_assignment1\data\raw\gopro\sharp\images\002495.png,high_blur,-45.0,21,23.657901956517385,0.7203273431499913,63.982373603884085,C:\Users\User\comp6001_assignment1\data\processed\deblurred_gopro\wiener\002495.png,16.443550933220326,0.2089634329145964,465.34502515155407,0.18086219999986497,C:\Users\User\comp6001_assignment1\data\processed\deblurred_gopro\richardson_lucy\002495.png,22.623713080386104,0.6349485330741481,78.95524701581877,0.3021386000000348,288,512
000032.png,C:\Users\User\comp6001_assignment1\data\raw\gopro\blur\images\000032.png,C:\Users\User\comp6001_assignment1\data\raw\gopro\sharp\images\000032.png,high_blur,-5.500003814697266,21,26.165804804435705,0.869905999519332,102.09321382269263,C:\Users\User\comp6001_assignment1\data\processed\deblurred_gopro\wiener\000032.png,17.13339111503105,0.44193013653756735,781.6427742562452,0.16353350000008504,C:\Users\User\comp6001_assignment1\data\processed\deblurred_gopro\richardson_lucy\000032.png,23.412272366390138,0.7947769144837649,164.56561387744216,0.2999227999998766,288,512
000732.png,C:\Users\User\comp6001_assignment1\data\raw\gopro\blur\images\000732.png,C:\Users\User\comp6001_assignment1\data\raw\gopro\sharp\images\000732.png,low_blur,1.4999923706054688,9,30.70666916305456,0.9607727494690508,938.305380679897,C:\Users\User\comp6001_assignment1\data\processed\deblurred_gopro\wiener\000732.png,15.351240144361952,0.30427843415797134,5377.448063678028,0.17305379999925208,C:\Users\User\comp6001_assignment1\data\processed\deblurred_gopro\richardson_lucy\000732.png,24.094090823402034,0.8287351399701582,1234.849613764726,0.025982500000282016,288,512
001352.png,C:\Users\User\comp6001_assignment1\data\raw\gopro\blur\images\001352.png,C:\Users\User\comp6001_assignment1\data\raw\gopro\sharp\images\001352.png,low_blur,-5.500003814697266,13,31.51169879299435,0.9520677549323854,617.6828084543438,C:\Users\User\comp6001_assignment1\data\processed\deblurred_gopro\wiener\001352.png,14.289181471144234,0.22648464448846325,4260.263017733477,0.1976927000005162,C:\Users\User\comp6001_assignment1\data\processed\deblurred_gopro\richardson_lucy\001352.png,22.987281734640526,0.761869430546422,872.2498750848076,0.29173399999945104,288,512
002516.png,C:\Users\User\comp6001_assignment1\data\raw\gopro\blur\images\002516.png,C:\Users\User\comp6001_assignment1\data\raw\gopro\sharp\images\002516.png,high_blur,-7.62939453125e-06,21,27.76023554277455,0.7548445901150265,65.80594751404391,C:\Users\User\comp6001_assignment1\data\processed\deblurred_gopro\wiener\002516.png,17.88790805213592,0.2624619140893879,432.4415317519488,0.1734071999999287,C:\Users\User\comp6001_assignment1\data\processed\deblurred_gopro\richardson_lucy\002516.png,25.180004220456098,0.6568778952126818,83.33587586176063,0.35359429999971326,288,512
000557.png,C:\Users\User\comp6001_assignment1\data\raw\gopro\blur\images\000557.png,C:\Users\User\comp6001_assignment1\data\raw\gopro\sharp\images\000557.png,high_blur,0.0,21,23.018516613312705,0.5628005402454005,27.01510752498368,C:\Users\User\comp6001_assignment1\data\processed\deblurred_gopro\wiener\000557.png,19.607903331410377,0.35537229787282953,169.25338197964027,0.17471690000002127,C:\Users\User\comp6001_assignment1\data\processed\deblurred_gopro\richardson_lucy\000557.png,22.42930631193387,0.5370085104461311,29.48647708363003,0.3346156000006886,288,512
000593.png,C:\Users\User\comp6001_assignment1\data\raw\gopro\blur\images\000593.png,C:\Users\User\comp6001_assignment1\data\raw\gopro\sharp\images\000593.png,high_blur,32.0,17,21.72248879291753,0.5154645342391008,104.9038537806935,C:\Users\User\comp6001_assignment1\data\processed\deblurred_gopro\wiener\000593.png,16.2596957225387,0.15328596574976788,859.3286042272308,0.17170470000019122,C:\Users\User\comp6001_assignment1\data\processed\deblurred_gopro\richardson_lucy\000593.png,20.51526952807036,0.41961241212962846,104.18363799205349,0.29648139999972045,288,512
001309.png,C:\Users\User\comp6001_assignment1\data\raw\gopro\blur\images\001309.png,C:\Users\User\comp6001_assignment1\data\raw\gopro\sharp\images\001309.png,low_blur,0.4999961853027344,9,30.846390009581107,0.9581705333067975,754.0622926280822,C:\Users\User\comp6001_assignment1\data\processed\deblurred_gopro\wiener\001309.png,15.081343976127947,0.2821430500066847,4671.490099782561,0.1744661000002452,C:\Users\User\comp6001_assignment1\data\processed\deblurred_gopro\richardson_lucy\001309.png,23.019773999003377,0.7842491262893723,1017.402911885975,0.022898000000168395,288,512
000266.png,C:\Users\User\comp6001_assignment1\data\raw\gopro\blur\images\000266.png,C:\Users\User\comp6001_assignment1\data\raw\gopro\sharp\images\000266.png,high_blur,21.99999237060547,17,25.609336830321933,0.7645773535571468,146.14991941675547,C:\Users\User\comp6001_assignment1\data\processed\deblurred_gopro\wiener\000266.png,16.678783805335364,0.25844797632350414,1377.9774934051584,0.20783080000001064,C:\Users\User\comp6001_assignment1\data\processed\deblurred_gopro\richardson_lucy\000266.png,23.69565969775046,0.694011553967442,226.0625736723987,0.30996779999986757,288,512
000248.png,C:\Users\User\comp6001_assignment1\data\raw\gopro\blur\images\000248.png,C:\Users\User\comp6001_assignment1\data\raw\gopro\sharp\images\000248.png,high_blur,17.49999237060547,17,24.021547237903743,0.6574415900890119,103.4491352091233,C:\Users\User\comp6001_assignment1\data\processed\deblurred_gopro\wiener\000248.png,17.160846087676298,0.3070109356914658,791.0041211164659,0.2181733000006716,C:\Users\User\comp6001_assignment1\data\processed\deblurred_gopro\richardson_lucy\000248.png,22.975408236821554,0.6080653145587057,115.55145538883443,0.287148100000195,288,512
002137.png,C:\Users\User\comp6001_assignment1\data\raw\gopro\blur\images\002137.png,C:\Users\User\comp6001_assignment1\data\raw\gopro\sharp\images\002137.png,high_blur,-3.5000076293945312,17,33.50987049084901,0.9470232269093635,177.10840639430614,C:\Users\User\comp6001_assignment1\data\processed\deblurred_gopro\wiener\002137.png,17.058831027587512,0.31086411515614715,895.2820122175285,0.17425880000064353,C:\Users\User\comp6001_assignment1\data\processed\deblurred_gopro\richardson_lucy\002137.png,24.56474862786038,0.7809401476016756,285.3577245502836,0.31192319999991014,288,512
001371.png,C:\Users\User\comp6001_assignment1\data\raw\gopro\blur\images\001371.png,C:\Users\User\comp6001_assignment1\data\raw\gopro\sharp\images\001371.png,low_blur,-8.000007629394531,13,32.62765373620301,0.9611939701771762,611.1985264044761,C:\Users\User\comp6001_assignment1\data\processed\deblurred_gopro\wiener\001371.png,14.134150989410676,0.19571839254917456,4362.453344263367,0.16421309999986988,C:\Users\User\comp6001_assignment1\data\processed\deblurred_gopro\richardson_lucy\001371.png,22.90874215227604,0.7635518975204757,834.1096839418657,0.30229289999988396,288,512
001376.png,C:\Users\User\comp6001_assignment1\data\raw\gopro\blur\images\001376.png,C:\Users\User\comp6001_assignment1\data\raw\gopro\sharp\images\001376.png,low_blur,-9.000007629394531,13,30.139276934180263,0.9372034588199365,419.21334262794727,C:\Users\User\comp6001_assignment1\data\processed\deblurred_gopro\wiener\001376.png,14.573047436454512,0.22560303153505343,3228.029259095176,0.1896483000000444,C:\Users\User\comp6001_assignment1\data\processed\deblurred_gopro\richardson_lucy\001376.png,22.91463409160353,0.7552920406346821,655.1642422278261,0.2765246000008119,288,512
001312.png,C:\Users\User\comp6001_assignment1\data\raw\gopro\blur\images\001312.png,C:\Users\User\comp6001_assignment1\data\raw\gopro\sharp\images\001312.png,low_blur,-2.0000076293945312,13,29.968917337969078,0.941721314324119,546.3891537976853,C:\Users\User\comp6001_assignment1\data\processed\deblurred_gopro\wiener\001312.png,14.061112277505394,0.19178262036147853,3180.8894119438846,0.1795509999992646,C:\Users\User\comp6001_assignment1\data\processed\deblurred_gopro\richardson_lucy\001312.png,21.982443917241504,0.730980753957963,707.4607830002997,0.26410070000019914,288,512
000619.png,C:\Users\User\comp6001_assignment1\data\raw\gopro\blur\images\000619.png,C:\Users\User\comp6001_assignment1\data\raw\gopro\sharp\images\000619.png,high_blur,-9.500007629394531,21,23.37724615761462,0.6827424607183937,82.15972931512894,C:\Users\User\comp6001_assignment1\data\processed\deblurred_gopro\wiener\000619.png,15.49247616192627,0.2546596514677322,667.6965282157892,0.16920419999951264,C:\Users\User\comp6001_assignment1\data\processed\deblurred_gopro\richardson_lucy\000619.png,20.8041118044919,0.5709812768437469,111.33743838303616,0.2775310000006357,288,512
000219.png,C:\Users\User\comp6001_assignment1\data\raw\gopro\blur\images\000219.png,C:\Users\User\comp6001_assignment1\data\raw\gopro\sharp\images\000219.png,low_blur,-45.0,13,27.220111154483458,0.8721488938103491,430.1629517519455,C:\Users\User\comp6001_assignment1\data\processed\deblurred_gopro\wiener\000219.png,15.25819526900651,0.2276185715735806,3136.6472373001366,0.17922899999939546,C:\Users\User\comp6001_assignment1\data\processed\deblurred_gopro\richardson_lucy\000219.png,23.063128831163905,0.7297808486682454,558.6122893900323,0.3077685999996902,288,512
001366.png,C:\Users\User\comp6001_assignment1\data\raw\gopro\blur\images\001366.png,C:\Users\User\comp6001_assignment1\data\raw\gopro\sharp\images\001366.png,low_blur,-9.000007629394531,13,30.584447234661532,0.9484084667179751,558.4298029291779,C:\Users\User\comp6001_assignment1\data\processed\deblurred_gopro\wiener\001366.png,14.224569412903525,0.18716381443358995,4080.0288136181543,0.20428809999975783,C:\Users\User\comp6001_assignment1\data\processed\deblurred_gopro\richardson_lucy\001366.png,22.782066243395608,0.7539919747011871,785.4775306725484,0.32963699999982055,288,512
000097.png,C:\Users\User\comp6001_assignment1\data\raw\gopro\blur\images\000097.png,C:\Users\User\comp6001_assignment1\data\raw\gopro\sharp\images\000097.png,medium_blur,-5.000007629394531,17,32.272454019020174,0.9662773299161828,336.20427446522643,C:\Users\User\comp6001_assignment1\data\processed\deblurred_gopro\wiener\000097.png,15.636205347809796,0.3690827590300361,2276.3275406058456,0.16535360000034416,C:\Users\User\comp6001_assignment1\data\processed\deblurred_gopro\richardson_lucy\000097.png,23.98226961466932,0.8348350545160722,493.35223632388636,0.2933675000003859,288,512
000300.png,C:\Users\User\comp6001_assignment1\data\raw\gopro\blur\images\000300.png,C:\Users\User\comp6001_assignment1\data\raw\gopro\sharp\images\000300.png,medium_blur,0.0,17,22.77917505946781,0.6765695227018016,208.96390570088482,C:\Users\User\comp6001_assignment1\data\processed\deblurred_gopro\wiener\000300.png,13.975852265239775,0.19293724269406684,1280.046894319999,0.17061020000073768,C:\Users\User\comp6001_assignment1\data\processed\deblurred_gopro\richardson_lucy\000300.png,20.179699641019226,0.5673905031581543,239.68524083600914,0.32661080000070797,288,512
001390.png,C:\Users\User\comp6001_assignment1\data\raw\gopro\blur\images\001390.png,C:\Users\User\comp6001_assignment1\data\raw\gopro\sharp\images\001390.png,low_blur,-13.500003814697266,17,27.154120003113555,0.8853240931153832,310.4280100427568,C:\Users\User\comp6001_assignment1\data\processed\deblurred_gopro\wiener\001390.png,13.64956179604276,0.1483308547128573,2112.62097908814,0.21964370000023337,C:\Users\User\comp6001_assignment1\data\processed\deblurred_gopro\richardson_lucy\001390.png,21.362306418921637,0.6808941354338799,442.38169977285065,0.3716562999998132,288,512
000990.png,C:\Users\User\comp6001_assignment1\data\raw\gopro\blur\images\000990.png,C:\Users\User\comp6001_assignment1\data\raw\gopro\sharp\images\000990.png,high_blur,-3.0000076293945312,17,26.569070534887146,0.8127684951187056,124.17568348348141,C:\Users\User\comp6001_assignment1\data\processed\deblurred_gopro\wiener\000990.png,16.9501732005129,0.2452086969674592,750.4924482989734,0.2305317999998806,C:\Users\User\comp6001_assignment1\data\processed\deblurred_gopro\richardson_lucy\000990.png,23.502735485224775,0.6808057085104936,164.74282695021896,0.36808019999989483,288,512
000281.png,C:\Users\User\comp6001_assignment1\data\raw\gopro\blur\images\000281.png,C:\Users\User\comp6001_assignment1\data\raw\gopro\sharp\images\000281.png,low_blur,-45.0,13,27.703936161456575,0.862659645911615,446.0570856546178,C:\Users\User\comp6001_assignment1\data\processed\deblurred_gopro\wiener\000281.png,15.392490639022665,0.21461347334428715,3041.363794962565,0.2409683000005316,C:\Users\User\comp6001_assignment1\data\processed\deblurred_gopro\richardson_lucy\000281.png,23.305067309589468,0.7183420002405855,561.2332608721413,0.37779279999995197,288,512
000951.png,C:\Users\User\comp6001_assignment1\data\raw\gopro\blur\images\000951.png,C:\Users\User\comp6001_assignment1\data\raw\gopro\sharp\images\000951.png,high_blur,3.9999923706054688,21,26.804940135988403,0.7959369154952923,58.74864350847991,C:\Users\User\comp6001_assignment1\data\processed\deblurred_gopro\wiener\000951.png,18.03319038739992,0.3102650532739195,587.7829131891974,0.19123830000080488,C:\Users\User\comp6001_assignment1\data\processed\deblurred_gopro\richardson_lucy\000951.png,23.820531580327394,0.6796248243005468,90.07287597490681,0.37052739999944606,288,512
000623.png,C:\Users\User\comp6001_assignment1\data\raw\gopro\blur\images\000623.png,C:\Users\User\comp6001_assignment1\data\raw\gopro\sharp\images\000623.png,medium_blur,3.9999923706054688,17,25.499230612339634,0.828235735771209,186.77495433592497,C:\Users\User\comp6001_assignment1\data\processed\deblurred_gopro\wiener\000623.png,15.100901708488745,0.20073281989594363,1500.9660128794703,0.17979819999982283,C:\Users\User\comp6001_assignment1\data\processed\deblurred_gopro\richardson_lucy\000623.png,21.24654648409244,0.6354251662307523,269.327177769194,0.3055266000001211,288,512
000102.png,C:\Users\User\comp6001_assignment1\data\raw\gopro\blur\images\000102.png,C:\Users\User\comp6001_assignment1\data\raw\gopro\sharp\images\000102.png,low_blur,-14.500007629394531,17,37.99635391721799,0.9789594483626063,358.8698102985911,C:\Users\User\comp6001_assignment1\data\processed\deblurred_gopro\wiener\000102.png,14.101550592067063,0.21203672566267398,2251.187968969345,0.22697160000006988,C:\Users\User\comp6001_assignment1\data\processed\deblurred_gopro\richardson_lucy\000102.png,22.954708212963645,0.7567535640165411,500.8232669234277,0.3205557000001136,288,512
000959.png,C:\Users\User\comp6001_assignment1\data\raw\gopro\blur\images\000959.png,C:\Users\User\comp6001_assignment1\data\raw\gopro\sharp\images\000959.png,low_blur,-2.5000076293945312,13,31.791689285432266,0.9348224842488624,298.6218154224349,C:\Users\User\comp6001_assignment1\data\processed\deblurred_gopro\wiener\000959.png,17.154285107124466,0.3067002180155855,1579.6793608133805,0.1841445999998541,C:\Users\User\comp6001_assignment1\data\processed\deblurred_gopro\richardson_lucy\000959.png,25.037566891679454,0.7708819911107309,392.5856454637315,0.30407390000073065,288,512
000778.png,C:\Users\User\comp6001_assignment1\data\raw\gopro\blur\images\000778.png,C:\Users\User\comp6001_assignment1\data\raw\gopro\sharp\images\000778.png,high_blur,-31.500003814697266,17,24.030495969267605,0.7102605017720941,108.16635785937125,C:\Users\User\comp6001_assignment1\data\processed\deblurred_gopro\wiener\000778.png,17.109952253096843,0.3119803396432645,1157.4114687869119,0.18033759999980248,C:\Users\User\comp6001_assignment1\data\processed\deblurred_gopro\richardson_lucy\000778.png,22.752365150345398,0.6641104840442217,171.93666955713687,0.2911915000004228,288,512
000110.png,C:\Users\User\comp6001_assignment1\data\raw\gopro\blur\images\000110.png,C:\Users\User\comp6001_assignment1\data\raw\gopro\sharp\images\000110.png,high_blur,-5.000007629394531,17,31.07438592226956,0.9381267141007509,171.11088054544396,C:\Users\User\comp6001_assignment1\data\processed\deblurred_gopro\wiener\000110.png,15.007107384732166,0.2297781953261987,1118.5001977665556,0.18618059999971592,C:\Users\User\comp6001_assignment1\data\processed\deblurred_gopro\richardson_lucy\000110.png,23.027518591340122,0.7424535900731951,287.15156515876265,0.34254630000032193,288,512
000071.png,C:\Users\User\comp6001_assignment1\data\raw\gopro\blur\images\000071.png,C:\Users\User\comp6001_assignment1\data\raw\gopro\sharp\images\000071.png,high_blur,-9.000007629394531,17,26.57798776143914,0.8934979008904752,184.85991550650863,C:\Users\User\comp6001_assignment1\data\processed\deblurred_gopro\wiener\000071.png,16.0157346123378,0.42274487842020286,1406.9035444126732,0.21350659999916388,C:\Users\User\comp6001_assignment1\data\processed\deblurred_gopro\richardson_lucy\000071.png,22.553304355735673,0.787577639120214,228.6671678975316,0.32566440000027796,288,512
000060.png,C:\Users\User\comp6001_assignment1\data\raw\gopro\blur\images\000060.png,C:\Users\User\comp6001_assignment1\data\raw\gopro\sharp\images\000060.png,high_blur,-9.000007629394531,21,23.575306672896094,0.7816976098913869,118.80666832110764,C:\Users\User\comp6001_assignment1\data\processed\deblurred_gopro\wiener\000060.png,15.984480079699388,0.3723727055180543,697.5442839463552,0.2080194999998639,C:\Users\User\comp6001_assignment1\data\processed\deblurred_gopro\richardson_lucy\000060.png,21.586607854110067,0.7031364778513426,142.81507819996753,0.3174701999996614,288,512
000683.png,C:\Users\User\comp6001_assignment1\data\raw\gopro\blur\images\000683.png,C:\Users\User\comp6001_assignment1\data\raw\gopro\sharp\images\000683.png,medium_blur,-1.5000038146972656,17,24.813794827647477,0.7918478497344053,178.31853483764473,C:\Users\User\comp6001_assignment1\data\processed\deblurred_gopro\wiener\000683.png,17.822018841266207,0.3966985787474968,1110.6656180618354,0.20905889999994542,C:\Users\User\comp6001_assignment1\data\processed\deblurred_gopro\richardson_lucy\000683.png,22.83970868071883,0.7113891750056774,254.96736105720018,0.3380808000001707,288,512
002504.png,C:\Users\User\comp6001_assignment1\data\raw\gopro\blur\images\002504.png,C:\Users\User\comp6001_assignment1\data\raw\gopro\sharp\images\002504.png,high_blur,-16.50000762939453,21,26.403289614957718,0.7200945799631286,57.49441877665159,C:\Users\User\comp6001_assignment1\data\processed\deblurred_gopro\wiener\002504.png,17.743560283186582,0.2774587326723164,639.3213465697604,0.18961250000029395,C:\Users\User\comp6001_assignment1\data\processed\deblurred_gopro\richardson_lucy\002504.png,24.383130016479928,0.6431570763183146,91.40509024699344,0.2680602000000363,288,512
000137.png,C:\Users\User\comp6001_assignment1\data\raw\gopro\blur\images\000137.png,C:\Users\User\comp6001_assignment1\data\raw\gopro\sharp\images\000137.png,high_blur,-31.500003814697266,17,27.790603657975254,0.8985902552244837,212.98678053634953,C:\Users\User\comp6001_assignment1\data\processed\deblurred_gopro\wiener\000137.png,14.108286222146837,0.13783439414709994,1377.2452920093947,0.21477490000052057,C:\Users\User\comp6001_assignment1\data\processed\deblurred_gopro\richardson_lucy\000137.png,22.125630635176417,0.6686960861761341,240.90227976105655,0.3158751000000848,288,512
002512.png,C:\Users\User\comp6001_assignment1\data\raw\gopro\blur\images\002512.png,C:\Users\User\comp6001_assignment1\data\raw\gopro\sharp\images\002512.png,high_blur,0.0,21,25.743093673202928,0.6306765672659409,25.923576943990255,C:\Users\User\comp6001_assignment1\data\processed\deblurred_gopro\wiener\002512.png,20.04196264928957,0.3642300588528906,210.45047724394146,0.20160089999990305,C:\Users\User\comp6001_assignment1\data\processed\deblurred_gopro\richardson_lucy\002512.png,25.01605856614055,0.5953406022750631,33.641322926192736,0.33692299999984243,288,512
002804.png,C:\Users\User\comp6001_assignment1\data\raw\gopro\blur\images\002804.png,C:\Users\User\comp6001_assignment1\data\raw\gopro\sharp\images\002804.png,low_blur,-0.5,17,29.322722586673432,0.9181820829400409,360.6272499956834,C:\Users\User\comp6001_assignment1\data\processed\deblurred_gopro\wiener\002804.png,13.40822582942803,0.16672905059591778,1928.0331197038386,0.17367430000012973,C:\Users\User\comp6001_assignment1\data\processed\deblurred_gopro\richardson_lucy\002804.png,20.275014904538583,0.6617319879966866,467.4990456170045,0.32558869999957096,288,512
000169.png,C:\Users\User\comp6001_assignment1\data\raw\gopro\blur\images\000169.png,C:\Users\User\comp6001_assignment1\data\raw\gopro\sharp\images\000169.png,medium_blur,-25.0,17,33.9874248059466,0.9641517315667425,284.10185026662583,C:\Users\User\comp6001_assignment1\data\processed\deblurred_gopro\wiener\000169.png,14.138695147989708,0.1487625323264339,1826.1885375788459,0.1662333000003855,C:\Users\User\comp6001_assignment1\data\processed\deblurred_gopro\richardson_lucy\000169.png,23.138505791576,0.7306271078587109,439.49403767779836,0.29623780000019906,288,512
001023.png,C:\Users\User\comp6001_assignment1\data\raw\gopro\blur\images\001023.png,C:\Users\User\comp6001_assignment1\data\raw\gopro\sharp\images\001023.png,low_blur,0.9999923706054688,13,32.431882539950536,0.9573979340458805,490.85873990423147,C:\Users\User\comp6001_assignment1\data\processed\deblurred_gopro\wiener\001023.png,15.075858016185474,0.22645919665286332,2621.699393775728,0.18753240000023652,C:\Users\User\comp6001_assignment1\data\processed\deblurred_gopro\richardson_lucy\001023.png,23.67050209925713,0.7696129516045586,636.5071590902904,0.28115040000011504,288,512
000087.png,C:\Users\User\comp6001_assignment1\data\raw\gopro\blur\images\000087.png,C:\Users\User\comp6001_assignment1\data\raw\gopro\sharp\images\000087.png,high_blur,-5.000007629394531,21,25.261381269247302,0.8498919800146462,108.04928539123064,C:\Users\User\comp6001_assignment1\data\processed\deblurred_gopro\wiener\000087.png,16.339037463128378,0.3849561110308876,1394.20685141575,0.16432720000011614,C:\Users\User\comp6001_assignment1\data\processed\deblurred_gopro\richardson_lucy\000087.png,23.027251939862786,0.7715971489557064,170.49600327231082,0.29555119999986346,288,512
000576.png,C:\Users\User\comp6001_assignment1\data\raw\gopro\blur\images\000576.png,C:\Users\User\comp6001_assignment1\data\raw\gopro\sharp\images\000576.png,high_blur,-1.0,17,24.69691896730837,0.7043058799912236,131.27952012290925,C:\Users\User\comp6001_assignment1\data\processed\deblurred_gopro\wiener\000576.png,16.793746896413378,0.25862467571808173,872.1695559155427,0.1748873000005915,C:\Users\User\comp6001_assignment1\data\processed\deblurred_gopro\richardson_lucy\000576.png,22.418191135688282,0.6147684793709131,155.3289397755799,0.2982538999995086,288,512
000575.png,C:\Users\User\comp6001_assignment1\data\raw\gopro\blur\images\000575.png,C:\Users\User\comp6001_assignment1\data\raw\gopro\sharp\images\000575.png,high_blur,-2.0000076293945312,17,25.184440811806617,0.7309731321606042,126.14161240277284,C:\Users\User\comp6001_assignment1\data\processed\deblurred_gopro\wiener\000575.png,16.885983991704116,0.273212941340463,831.182531228726,0.18115260000013222,C:\Users\User\comp6001_assignment1\data\processed\deblurred_gopro\richardson_lucy\000575.png,22.608172956467705,0.6339887241838441,150.95429956747427,0.296160100000634,288,512
000287.png,C:\Users\User\comp6001_assignment1\data\raw\gopro\blur\images\000287.png,C:\Users\User\comp6001_assignment1\data\raw\gopro\sharp\images\000287.png,low_blur,-2.0000076293945312,17,25.293721679379935,0.8386915710405544,317.00086202867965,C:\Users\User\comp6001_assignment1\data\processed\deblurred_gopro\wiener\000287.png,13.123024426674597,0.1431809484519042,1744.8759341600041,0.17388439999922412,C:\Users\User\comp6001_assignment1\data\processed\deblurred_gopro\richardson_lucy\000287.png,20.892138587338952,0.6713557084756298,365.7156897120545,0.2913250000001426,288,512
000556.png,C:\Users\User\comp6001_assignment1\data\raw\gopro\blur\images\000556.png,C:\Users\User\comp6001_assignment1\data\raw\gopro\sharp\images\000556.png,high_blur,0.0,21,21.00974142457389,0.4930334130587671,33.362173629717695,C:\Users\User\comp6001_assignment1\data\processed\deblurred_gopro\wiener\000556.png,18.04852236024969,0.27330862714381526,236.69343710713736,0.1722288999999364,C:\Users\User\comp6001_assignment1\data\processed\deblurred_gopro\richardson_lucy\000556.png,20.500277981293998,0.45893436812062943,37.41645598370168,0.32451570000012,288,512
001327.png,C:\Users\User\comp6001_assignment1\data\raw\gopro\blur\images\001327.png,C:\Users\User\comp6001_assignment1\data\raw\gopro\sharp\images\001327.png,low_blur,-7.500003814697266,13,30.533228533057255,0.9524482401669694,590.0917275808753,C:\Users\User\comp6001_assignment1\data\processed\deblurred_gopro\wiener\001327.png,14.23622355906064,0.2045030701896021,4241.808015587108,0.1834746999993513,C:\Users\User\comp6001_assignment1\data\processed\deblurred_gopro\richardson_lucy\001327.png,22.388722728917216,0.7514021453025505,861.4813484538024,0.3116758000005575,288,512
000643.png,C:\Users\User\comp6001_assignment1\data\raw\gopro\blur\images\000643.png,C:\Users\User\comp6001_assignment1\data\raw\gopro\sharp\images\000643.png,high_blur,0.0,21,26.736155852717253,0.7745548635691133,35.13265384894646,C:\Users\User\comp6001_assignment1\data\processed\deblurred_gopro\wiener\000643.png,20.287035473160152,0.47209952096611163,312.4952161310264,0.20437109999966196,C:\Users\User\comp6001_assignment1\data\processed\deblurred_gopro\richardson_lucy\000643.png,25.523897419353297,0.7336854262315602,41.9441037706019,0.3394206999992093,288,512
000739.png,C:\Users\User\comp6001_assignment1\data\raw\gopro\blur\images\000739.png,C:\Users\User\comp6001_assignment1\data\raw\gopro\sharp\images\000739.png,high_blur,2.9999923706054688,17,24.022265158628883,0.7349293232155433,147.94661868828132,C:\Users\User\comp6001_assignment1\data\processed\deblurred_gopro\wiener\000739.png,17.298533509099283,0.34305809543856786,1198.0474435951974,0.19328809999933583,C:\Users\User\comp6001_assignment1\data\processed\deblurred_gopro\richardson_lucy\000739.png,22.755972849185913,0.67574875330346,192.76719354405813,0.3331949000003078,288,512
000329.png,C:\Users\User\comp6001_assignment1\data\raw\gopro\blur\images\000329.png,C:\Users\User\comp6001_assignment1\data\raw\gopro\sharp\images\000329.png,high_blur,-5.000003814697266,21,25.75212654958662,0.787425638621205,20.002848163063142,C:\Users\User\comp6001_assignment1\data\processed\deblurred_gopro\wiener\000329.png,20.72204423487789,0.490865171529965,214.35388378136687,0.18846269999994547,C:\Users\User\comp6001_assignment1\data\processed\deblurred_gopro\richardson_lucy\000329.png,24.880926240638054,0.7477165042486346,37.97867555677154,0.3073214000005464,288,512
000299.png,C:\Users\User\comp6001_assignment1\data\raw\gopro\blur\images\000299.png,C:\Users\User\comp6001_assignment1\data\raw\gopro\sharp\images\000299.png,medium_blur,-0.5,17,24.32057170184782,0.7483170651696721,272.19401506026406,C:\Users\User\comp6001_assignment1\data\processed\deblurred_gopro\wiener\000299.png,13.543546792593332,0.17115321994070323,1443.8545837135591,0.18267930000001797,C:\Users\User\comp6001_assignment1\data\processed\deblurred_gopro\richardson_lucy\000299.png,20.69486994232677,0.6054272811865938,307.644060658084,0.2987191000001985,288,512
002129.png,C:\Users\User\comp6001_assignment1\data\raw\gopro\blur\images\002129.png,C:\Users\User\comp6001_assignment1\data\raw\gopro\sharp\images\002129.png,medium_blur,-2.5000076293945312,17,35.43590630891365,0.9563592136631721,207.14736783044566,C:\Users\User\comp6001_assignment1\data\processed\deblurred_gopro\wiener\002129.png,16.997929988789565,0.30952614536202877,1016.4728503811784,0.17889580000064598,C:\Users\User\comp6001_assignment1\data\processed\deblurred_gopro\richardson_lucy\002129.png,24.524020398507904,0.7853630204164158,327.138694608607,0.32269279999945866,288,512
001004.png,C:\Users\User\comp6001_assignment1\data\raw\gopro\blur\images\001004.png,C:\Users\User\comp6001_assignment1\data\raw\gopro\sharp\images\001004.png,low_blur,-11.500003814697266,13,31.529580337727403,0.9500681951177693,450.7769180109472,C:\Users\User\comp6001_assignment1\data\processed\deblurred_gopro\wiener\001004.png,15.192499841231928,0.2464916967372964,3010.9624634302327,0.17488630000025296,C:\Users\User\comp6001_assignment1\data\processed\deblurred_gopro\richardson_lucy\001004.png,23.541470221826202,0.7654108732603504,734.0259148868513,0.2921974000000773,288,512
000011.png,C:\Users\User\comp6001_assignment1\data\raw\gopro\blur\images\000011.png,C:\Users\User\comp6001_assignment1\data\raw\gopro\sharp\images\000011.png,high_blur,-7.0,21,24.491934634497067,0.8109249894058647,82.97659590490804,C:\Users\User\comp6001_assignment1\data\processed\deblurred_gopro\wiener\000011.png,16.955418725405455,0.41297759242622045,1123.1220196551747,0.16954660000010335,C:\Users\User\comp6001_assignment1\data\processed\deblurred_gopro\richardson_lucy\000011.png,22.49244745844055,0.7389824389538221,127.13899559279282,0.2921341000001121,288,512
000648.png,C:\Users\User\comp6001_assignment1\data\raw\gopro\blur\images\000648.png,C:\Users\User\comp6001_assignment1\data\raw\gopro\sharp\images\000648.png,high_blur,3.9999923706054688,17,28.392948157125893,0.7997776155534867,59.47949452086547,C:\Users\User\comp6001_assignment1\data\processed\deblurred_gopro\wiener\000648.png,20.954551053247933,0.4600981662061791,879.981561480803,0.1882607999996253,C:\Users\User\comp6001_assignment1\data\processed\deblurred_gopro\richardson_lucy\000648.png,27.092441583657866,0.7670609743139822,117.22305555581865,0.3062690999995539,288,512
002524.png,C:\Users\User\comp6001_assignment1\data\raw\gopro\blur\images\002524.png,C:\Users\User\comp6001_assignment1\data\raw\gopro\sharp\images\002524.png,high_blur,0.0,21,23.80692919640628,0.6128257680454159,14.086397063401009,C:\Users\User\comp6001_assignment1\data\processed\deblurred_gopro\wiener\002524.png,19.698251087572846,0.3350758008376358,115.95251008021978,0.17222700000002078,C:\Users\User\comp6001_assignment1\data\processed\deblurred_gopro\richardson_lucy\002524.png,23.612583513969284,0.5907541688597254,17.701678172995646,0.2802756999999474,288,512
000770.png,C:\Users\User\comp6001_assignment1\data\raw\gopro\blur\images\000770.png,C:\Users\User\comp6001_assignment1\data\raw\gopro\sharp\images\000770.png,high_blur,0.4999961853027344,17,22.215908743584222,0.6158059947642428,105.38119112226515,C:\Users\User\comp6001_assignment1\data\processed\deblurred_gopro\wiener\000770.png,16.02361721516672,0.21935765791496262,765.8897738743251,0.17223030000059225,C:\Users\User\comp6001_assignment1\data\processed\deblurred_gopro\richardson_lucy\000770.png,20.928607579302327,0.5426690160660991,122.01975982259086,0.27147319999949104,288,512
000140.png,C:\Users\User\comp6001_assignment1\data\raw\gopro\blur\images\000140.png,C:\Users\User\comp6001_assignment1\data\raw\gopro\sharp\images\000140.png,low_blur,-26.000001907348633,17,29.191339914423317,0.9260565474962558,354.5381108785485,C:\Users\User\comp6001_assignment1\data\processed\deblurred_gopro\wiener\000140.png,13.66548239158315,0.11637652370117336,2054.5075080659653,0.16265609999936714,C:\Users\User\comp6001_assignment1\data\processed\deblurred_gopro\richardson_lucy\000140.png,22.009297077548723,0.6764016696622318,409.454791304506,0.28570899999976973,288,512
000628.png,C:\Users\User\comp6001_assignment1\data\raw\gopro\blur\images\000628.png,C:\Users\User\comp6001_assignment1\data\raw\gopro\sharp\images\000628.png,high_blur,-4.000007629394531,17,27.204234901629455,0.866889662133309,181.19254346670192,C:\Users\User\comp6001_assignment1\data\processed\deblurred_gopro\wiener\000628.png,14.876272634761518,0.1648384162703657,1545.0320035732452,0.16407040000012785,C:\Users\User\comp6001_assignment1\data\processed\deblurred_gopro\richardson_lucy\000628.png,21.52692646563159,0.6381277056552603,235.41978623837602,0.2678329999998823,288,512
000211.png,C:\Users\User\comp6001_assignment1\data\raw\gopro\blur\images\000211.png,C:\Users\User\comp6001_assignment1\data\raw\gopro\sharp\images\000211.png,low_blur,2.9999923706054688,13,24.061031869664543,0.7421618809176795,322.2417171718438,C:\Users\User\comp6001_assignment1\data\processed\deblurred_gopro\wiener\000211.png,18.296663557592435,0.4021924461619128,1463.7451343705625,0.17627429999993183,C:\Users\User\comp6001_assignment1\data\processed\deblurred_gopro\richardson_lucy\000211.png,23.05918875509747,0.705773718494771,544.8575473990245,0.2816996999999901,288,512
002857.png,C:\Users\User\comp6001_assignment1\data\raw\gopro\blur\images\002857.png,C:\Users\User\comp6001_assignment1\data\raw\gopro\sharp\images\002857.png,high_blur,-4.500007629394531,17,26.275711397324727,0.8787240502306043,221.34076852691763,C:\Users\User\comp6001_assignment1\data\processed\deblurred_gopro\wiener\002857.png,13.492242332412676,0.1872860010676586,1668.717120082244,0.21987559999979567,C:\Users\User\comp6001_assignment1\data\processed\deblurred_gopro\richardson_lucy\002857.png,20.397734990309125,0.675325816287097,360.6377460860912,0.3199238000006517,288,512
000987.png,C:\Users\User\comp6001_assignment1\data\raw\gopro\blur\images\000987.png,C:\Users\User\comp6001_assignment1\data\raw\gopro\sharp\images\000987.png,high_blur,-24.0,17,27.721493789226145,0.854257733177762,158.9977861326418,C:\Users\User\comp6001_assignment1\data\processed\deblurred_gopro\wiener\000987.png,16.569886614368592,0.24187800334946385,1202.2640748483439,0.1699202999998306,C:\Users\User\comp6001_assignment1\data\processed\deblurred_gopro\richardson_lucy\000987.png,23.770505867705296,0.7102194415538824,248.74917340899506,0.30144340000060765,288,512
002884.png,C:\Users\User\comp6001_assignment1\data\raw\gopro\blur\images\002884.png,C:\Users\User\comp6001_assignment1\data\raw\gopro\sharp\images\002884.png,high_blur,-6.5,17,25.682073831469875,0.8637775670105082,178.82304482286176,C:\Users\User\comp6001_assignment1\data\processed\deblurred_gopro\wiener\002884.png,14.61651561849809,0.29963518831912334,1310.4460383322044,0.17666910000025382,C:\Users\User\comp6001_assignment1\data\processed\deblurred_gopro\richardson_lucy\002884.png,21.26074293222883,0.7143511599210299,268.97076265343725,0.2913851000002978,288,512
000077.png,C:\Users\User\comp6001_assignment1\data\raw\gopro\blur\images\000077.png,C:\Users\User\comp6001_assignment1\data\raw\gopro\sharp\images\000077.png,high_blur,-7.0,21,21.012125001713766,0.6587013117311397,46.969304610135744,C:\Users\User\comp6001_assignment1\data\processed\deblurred_gopro\wiener\000077.png,16.522018190418034,0.3842645462368599,781.1463908884259,0.1863192999999228,C:\Users\User\comp6001_assignment1\data\processed\deblurred_gopro\richardson_lucy\000077.png,20.116997481643164,0.6074201589730971,62.24025331143244,0.3186448000005839,288,512
000966.png,C:\Users\User\comp6001_assignment1\data\raw\gopro\blur\images\000966.png,C:\Users\User\comp6001_assignment1\data\raw\gopro\sharp\images\000966.png,high_blur,0.0,21,22.372118487586008,0.5716508584785173,27.9282016058303,C:\Users\User\comp6001_assignment1\data\processed\deblurred_gopro\wiener\000966.png,17.645432818849457,0.26391654867275993,250.2885359436917,0.1971480000001975,C:\Users\User\comp6001_assignment1\data\processed\deblurred_gopro\richardson_lucy\000966.png,21.592836673523884,0.5114371369187038,33.452691957860445,0.29863530000056926,288,512
000998.png,C:\Users\User\comp6001_assignment1\data\raw\gopro\blur\images\000998.png,C:\Users\User\comp6001_assignment1\data\raw\gopro\sharp\images\000998.png,low_blur,-0.5,13,30.204264492999492,0.9355780329014495,456.4308185345138,C:\Users\User\comp6001_assignment1\data\processed\deblurred_gopro\wiener\000998.png,15.479428517754933,0.24392226413495624,2434.2273211754673,0.18130130000008648,C:\Users\User\comp6001_assignment1\data\processed\deblurred_gopro\richardson_lucy\000998.png,23.83774290625627,0.7654483887379842,600.1405176085731,0.28790269999990414,288,512
000031.png,C:\Users\User\comp6001_assignment1\data\raw\gopro\blur\images\000031.png,C:\Users\User\comp6001_assignment1\data\raw\gopro\sharp\images\000031.png,medium_blur,-7.0,17,29.141805150902954,0.9412032717182708,256.059935486933,C:\Users\User\comp6001_assignment1\data\processed\deblurred_gopro\wiener\000031.png,17.319744823321372,0.4411059800643368,1382.3328732848163,0.1743507999999565,C:\Users\User\comp6001_assignment1\data\processed\deblurred_gopro\richardson_lucy\000031.png,24.37272207858312,0.8464266201738962,441.9240450917938,0.29119470000023284,288,512
000986.png,C:\Users\User\comp6001_assignment1\data\raw\gopro\blur\images\000986.png,C:\Users\User\comp6001_assignment1\data\raw\gopro\sharp\images\000986.png,medium_blur,-20.50000762939453,17,28.604435436677782,0.8806990849620977,216.48618990619795,C:\Users\User\comp6001_assignment1\data\processed\deblurred_gopro\wiener\000986.png,16.094462808223664,0.2167634282016729,1719.880630986926,0.18514559999948688,C:\Users\User\comp6001_assignment1\data\processed\deblurred_gopro\richardson_lucy\000986.png,23.954246558749958,0.7300426991646911,362.7057852347232,0.3280990999992355,288,512
000714.png,C:\Users\User\comp6001_assignment1\data\raw\gopro\blur\images\000714.png,C:\Users\User\comp6001_assignment1\data\raw\gopro\sharp\images\000714.png,low_blur,0.0,13,31.806939755373843,0.9524633804721453,389.8207576157133,C:\Users\User\comp6001_assignment1\data\processed\deblurred_gopro\wiener\000714.png,16.574215995400415,0.32048632121113724,2140.6155144962263,0.1902868999995917,C:\Users\User\comp6001_assignment1\data\processed\deblurred_gopro\richardson_lucy\000714.png,25.054641405826775,0.8203642111075018,515.7110927369399,0.30021170000054553,288,512
000055.png,C:\Users\User\comp6001_assignment1\data\raw\gopro\blur\images\000055.png,C:\Users\User\comp6001_assignment1\data\raw\gopro\sharp\images\000055.png,high_blur,-8.000007629394531,17,27.165719197048134,0.9039783328498862,213.98727442374758,C:\Users\User\comp6001_assignment1\data\processed\deblurred_gopro\wiener\000055.png,16.35284669066482,0.4290645158244182,1162.6187103025982,0.18430799999987357,C:\Users\User\comp6001_assignment1\data\processed\deblurred_gopro\richardson_lucy\000055.png,23.176291614835204,0.8056872112434669,278.64956895395375,0.3169722000002366,288,512
000024.png,C:\Users\User\comp6001_assignment1\data\raw\gopro\blur\images\000024.png,C:\Users\User\comp6001_assignment1\data\raw\gopro\sharp\images\000024.png,high_blur,-7.0,17,24.938736144734204,0.8437153374027514,137.47782313120035,C:\Users\User\comp6001_assignment1\data\processed\deblurred_gopro\wiener\000024.png,18.89801703566758,0.5034383682808171,1411.5624859431919,0.17769330000010086,C:\Users\User\comp6001_assignment1\data\processed\deblurred_gopro\richardson_lucy\000024.png,23.35634530242445,0.7901841070345598,229.055564256178,0.3067127000003893,288,512
001043.png,C:\Users\User\comp6001_assignment1\data\raw\gopro\blur\images\001043.png,C:\Users\User\comp6001_assignment1\data\raw\gopro\sharp\images\001043.png,low_blur,0.9999923706054688,13,33.68794305279201,0.9736893165334571,564.6674984796548,C:\Users\User\comp6001_assignment1\data\processed\deblurred_gopro\wiener\001043.png,14.495479363065762,0.20579837765437184,3055.9319979813367,0.19204009999975824,C:\Users\User\comp6001_assignment1\data\processed\deblurred_gopro\richardson_lucy\001043.png,23.28732119148853,0.7652731537846608,735.4483224815792,0.2969087000001309,288,512
002113.png,C:\Users\User\comp6001_assignment1\data\raw\gopro\blur\images\002113.png,C:\Users\User\comp6001_assignment1\data\raw\gopro\sharp\images\002113.png,high_blur,1.4999923706054688,17,32.320395954382505,0.9313186009629125,167.18913263703388,C:\Users\User\comp6001_assignment1\data\processed\deblurred_gopro\wiener\002113.png,17.553470776613093,0.3217839535215534,821.4602223501804,0.16874769999958517,C:\Users\User\comp6001_assignment1\data\processed\deblurred_gopro\richardson_lucy\002113.png,24.681088861016956,0.7714254910092988,275.9758274729973,0.3071866999998747,288,512
000245.png,C:\Users\User\comp6001_assignment1\data\raw\gopro\blur\images\000245.png,C:\Users\User\comp6001_assignment1\data\raw\gopro\sharp\images\000245.png,high_blur,-45.0,21,23.255793181282286,0.612662072160763,45.86023718445205,C:\Users\User\comp6001_assignment1\data\processed\deblurred_gopro\wiener\000245.png,20.107638038920115,0.47418199428017216,272.71288286149496,0.17459880000023986,C:\Users\User\comp6001_assignment1\data\processed\deblurred_gopro\richardson_lucy\000245.png,24.080396874717614,0.6670045589913088,75.24797062736785,0.2981620999998995,288,512
000004.png,C:\Users\User\comp6001_assignment1\data\raw\gopro\blur\images\000004.png,C:\Users\User\comp6001_assignment1\data\raw\gopro\sharp\images\000004.png,medium_blur,-5.000007629394531,17,31.41726009915498,0.9601679368739976,265.71058425472836,C:\Users\User\comp6001_assignment1\data\processed\deblurred_gopro\wiener\000004.png,16.43554091941372,0.3831535548445553,1763.8275878682823,0.19880250000005617,C:\Users\User\comp6001_assignment1\data\processed\deblurred_gopro\richardson_lucy\000004.png,25.035481821149844,0.8501347622081207,333.58902965357277,0.2853402000000642,288,512
000996.png,C:\Users\User\comp6001_assignment1\data\raw\gopro\blur\images\000996.png,C:\Users\User\comp6001_assignment1\data\raw\gopro\sharp\images\000996.png,medium_blur,-3.5000076293945312,17,29.985543146721835,0.9273078581050886,290.87943349042797,C:\Users\User\comp6001_assignment1\data\processed\deblurred_gopro\wiener\000996.png,14.881340257944682,0.2010377714468068,1429.3168410989972,0.18025779999970837,C:\Users\User\comp6001_assignment1\data\processed\deblurred_gopro\richardson_lucy\000996.png,23.365552045418532,0.7347446116388389,336.90645437066746,0.28616169999986596,288,512
002896.png,C:\Users\User\comp6001_assignment1\data\raw\gopro\blur\images\002896.png,C:\Users\User\comp6001_assignment1\data\raw\gopro\sharp\images\002896.png,medium_blur,-5.000007629394531,17,31.710186385067274,0.952484123917984,356.715866430996,C:\Users\User\comp6001_assignment1\data\processed\deblurred_gopro\wiener\002896.png,13.056470816808199,0.21384010274307916,2021.2233052069762,0.17797950000021956,C:\Users\User\comp6001_assignment1\data\processed\deblurred_gopro\richardson_lucy\002896.png,20.933502134729206,0.7358641462062029,532.512305908549,0.2957272000003286,288,512
000232.png,C:\Users\User\comp6001_assignment1\data\raw\gopro\blur\images\000232.png,C:\Users\User\comp6001_assignment1\data\raw\gopro\sharp\images\000232.png,medium_blur,-1.0,17,24.461297247816873,0.7684952656279697,195.6365991102325,C:\Users\User\comp6001_assignment1\data\processed\deblurred_gopro\wiener\000232.png,18.46774799234897,0.4603763548573991,969.2954131861069,0.1710040999996636,C:\Users\User\comp6001_assignment1\data\processed\deblurred_gopro\richardson_lucy\000232.png,23.284655521720307,0.7242541442205109,256.4187289531125,0.32909599999948114,288,512
000606.png,C:\Users\User\comp6001_assignment1\data\raw\gopro\blur\images\000606.png,C:\Users\User\comp6001_assignment1\data\raw\gopro\sharp\images\000606.png,high_blur,-45.0,21,20.514398963781968,0.44892447927907875,60.87171606990843,C:\Users\User\comp6001_assignment1\data\processed\deblurred_gopro\wiener\000606.png,18.842127576802113,0.3261936925062534,396.1704978489858,0.19070099999953527,C:\Users\User\comp6001_assignment1\data\processed\deblurred_gopro\richardson_lucy\000606.png,21.07726833557518,0.4832943014258127,96.15719797098896,0.29655879999972967,288,512
001328.png,C:\Users\User\comp6001_assignment1\data\raw\gopro\blur\images\001328.png,C:\Users\User\comp6001_assignment1\data\raw\gopro\sharp\images\001328.png,low_blur,-2.0000038146972656,9,31.890470569901073,0.9624714691921646,683.775244149483,C:\Users\User\comp6001_assignment1\data\processed\deblurred_gopro\wiener\001328.png,15.514563354045885,0.320978586137647,4172.182076795188,0.1572585000003528,C:\Users\User\comp6001_assignment1\data\processed\deblurred_gopro\richardson_lucy\001328.png,23.555944229658614,0.7950533672583223,919.4905110597151,0.01823359999980312,288,512
001045.png,C:\Users\User\comp6001_assignment1\data\raw\gopro\blur\images\001045.png,C:\Users\User\comp6001_assignment1\data\raw\gopro\sharp\images\001045.png,low_blur,-2.0000076293945312,13,30.35204332919367,0.9431103358149008,415.8351897342982,C:\Users\User\comp6001_assignment1\data\processed\deblurred_gopro\wiener\001045.png,14.83433615226163,0.2062951973279563,2377.566352773412,0.16437180000048102,C:\Users\User\comp6001_assignment1\data\processed\deblurred_gopro\richardson_lucy\001045.png,23.08514394332473,0.7495522573018878,552.363955438137,0.26973309999993944,288,512
001020.png,C:\Users\User\comp6001_assignment1\data\raw\gopro\blur\images\001020.png,C:\Users\User\comp6001_assignment1\data\raw\gopro\sharp\images\001020.png,low_blur,-2.5000076293945312,13,33.06489144930042,0.9613164351028894,497.88562403122586,C:\Users\User\comp6001_assignment1\data\processed\deblurred_gopro\wiener\001020.png,15.093276924099126,0.23645302290123907,2677.076567932365,0.1765239999995174,C:\Users\User\comp6001_assignment1\data\processed\deblurred_gopro\richardson_lucy\001020.png,23.8439178118837,0.7747540713513281,643.0068233894347,0.284228799999255,288,512
002505.png,C:\Users\User\comp6001_assignment1\data\raw\gopro\blur\images\002505.png,C:\Users\User\comp6001_assignment1\data\raw\gopro\sharp\images\002505.png,high_blur,-42.0,21,24.986512762910372,0.6238386709060134,34.102531204207075,C:\Users\User\comp6001_assignment1\data\processed\deblurred_gopro\wiener\002505.png,19.825077920098654,0.37419704488574324,244.65201923508707,0.17299999999977445,C:\Users\User\comp6001_assignment1\data\processed\deblurred_gopro\richardson_lucy\002505.png,24.588487643975437,0.6100817765081691,57.33321057531384,0.29094850000001315,288,512
000589.png,C:\Users\User\comp6001_assignment1\data\raw\gopro\blur\images\000589.png,C:\Users\User\comp6001_assignment1\data\raw\gopro\sharp\images\000589.png,medium_blur,-14.500007629394531,17,24.00086100272176,0.6709286378403868,224.78222199428228,C:\Users\User\comp6001_assignment1\data\processed\deblurred_gopro\wiener\000589.png,15.220430902890278,0.19038714273299998,1790.9598526810696,0.17694639999990613,C:\Users\User\comp6001_assignment1\data\processed\deblurred_gopro\richardson_lucy\000589.png,21.55134131362179,0.5651741905567197,288.8578118100578,0.27114350000010745,288,512
002870.png,C:\Users\User\comp6001_assignment1\data\raw\gopro\blur\images\002870.png,C:\Users\User\comp6001_assignment1\data\raw\gopro\sharp\images\002870.png,medium_blur,-4.500007629394531,17,26.802494880077077,0.8897892465402966,277.9344309169202,C:\Users\User\comp6001_assignment1\data\processed\deblurred_gopro\wiener\002870.png,13.567082388761708,0.23454392780240327,1961.003981758737,0.15135509999981878,C:\Users\User\comp6001_assignment1\data\processed\deblurred_gopro\richardson_lucy\002870.png,21.03297219554078,0.7016154213861103,438.8458944132298,0.2621979999994437,288,512
000967.png,C:\Users\User\comp6001_assignment1\data\raw\gopro\blur\images\000967.png,C:\Users\User\comp6001_assignment1\data\raw\gopro\sharp\images\000967.png,high_blur,83.49999237060547,21,23.833417562283607,0.6848985064146819,68.98133037248512,C:\Users\User\comp6001_assignment1\data\processed\deblurred_gopro\wiener\000967.png,18.23679030845195,0.352102557295549,688.4987633834928,0.16705460000048333,C:\Users\User\comp6001_assignment1\data\processed\deblurred_gopro\richardson_lucy\000967.png,23.294029489840664,0.6388245280452935,108.06700946206665,0.2812887000000046,288,512
000200.png,C:\Users\User\comp6001_assignment1\data\raw\gopro\blur\images\000200.png,C:\Users\User\comp6001_assignment1\data\raw\gopro\sharp\images\000200.png,medium_blur,-0.5,17,21.061000216470482,0.4896917764412567,91.05732168050275,C:\Users\User\comp6001_assignment1\data\processed\deblurred_gopro\wiener\000200.png,18.31266830363898,0.3428825474877643,894.470350538093,0.18065220000062254,C:\Users\User\comp6001_assignment1\data\processed\deblurred_gopro\richardson_lucy\000200.png,21.032404237456692,0.4862019038016383,107.64255077290682,0.2923139999993509,288,512
000701.png,C:\Users\User\comp6001_assignment1\data\raw\gopro\blur\images\000701.png,C:\Users\User\comp6001_assignment1\data\raw\gopro\sharp\images\000701.png,medium_blur,-10.000003814697266,17,24.666218567658067,0.7643516892199997,162.33921540661908,C:\Users\User\comp6001_assignment1\data\processed\deblurred_gopro\wiener\000701.png,16.38417696994137,0.28787072555376486,1590.6368904639448,0.15790759999981674,C:\Users\User\comp6001_assignment1\data\processed\deblurred_gopro\richardson_lucy\000701.png,22.424804489542204,0.6691459171964068,211.97687434152138,0.2841290999995181,288,512
000209.png,C:\Users\User\comp6001_assignment1\data\raw\gopro\blur\images\000209.png,C:\Users\User\comp6001_assignment1\data\raw\gopro\sharp\images\000209.png,low_blur,-6.000003814697266,13,25.489734363507154,0.8262724176526149,378.7978720972199,C:\Users\User\comp6001_assignment1\data\processed\deblurred_gopro\wiener\000209.png,15.648333886377976,0.30835930470414735,3732.859611150246,0.1665952000003017,C:\Users\User\comp6001_assignment1\data\processed\deblurred_gopro\richardson_lucy\000209.png,22.85829942215731,0.7248104021751103,602.0044692003707,0.32898300000033487,288,512
000624.png,C:\Users\User\comp6001_assignment1\data\raw\gopro\blur\images\000624.png,C:\Users\User\comp6001_assignment1\data\raw\gopro\sharp\images\000624.png,high_blur,2.4999923706054688,21,22.701526977364423,0.616088529310744,74.73977650536432,C:\Users\User\comp6001_assignment1\data\processed\deblurred_gopro\wiener\000624.png,16.546776570914737,0.2327157535516132,544.2782315044767,0.17829419999998208,C:\Users\User\comp6001_assignment1\data\processed\deblurred_gopro\richardson_lucy\000624.png,21.00049141378321,0.5194536745709205,95.5932145955754,0.27818349999961356,288,512
000627.png,C:\Users\User\comp6001_assignment1\data\raw\gopro\blur\images\000627.png,C:\Users\User\comp6001_assignment1\data\raw\gopro\sharp\images\000627.png,high_blur,30.0,21,22.454613136376143,0.5969246239161494,80.28300952837793,C:\Users\User\comp6001_assignment1\data\processed\deblurred_gopro\wiener\000627.png,15.363864537144057,0.1864317292924161,587.4274704584645,0.16604149999966467,C:\Users\User\comp6001_assignment1\data\processed\deblurred_gopro\richardson_lucy\000627.png,20.444756972488012,0.48271330540080853,96.07847184145156,0.2927065000003495,288,512
002184.png,C:\Users\User\comp6001_assignment1\data\raw\gopro\blur\images\002184.png,C:\Users\User\comp6001_assignment1\data\raw\gopro\sharp\images\002184.png,medium_blur,-6.0,17,34.877326332291865,0.9691925893210224,270.94878688339656,C:\Users\User\comp6001_assignment1\data\processed\deblurred_gopro\wiener\002184.png,15.768681521140246,0.29059538220290976,1737.9905648242084,0.193912900000214,C:\Users\User\comp6001_assignment1\data\processed\deblurred_gopro\richardson_lucy\002184.png,23.918349539099776,0.7796384040863487,432.9453170888218,0.30382900000040536,288,512
000040.png,C:\Users\User\comp6001_assignment1\data\raw\gopro\blur\images\000040.png,C:\Users\User\comp6001_assignment1\data\raw\gopro\sharp\images\000040.png,low_blur,-8.500007629394531,17,29.969618343642885,0.9534344497593802,344.66548892961424,C:\Users\User\comp6001_assignment1\data\processed\deblurred_gopro\wiener\000040.png,16.014813355918818,0.395940125238941,2161.0381212708667,0.1754720000008092,C:\Users\User\comp6001_assignment1\data\processed\deblurred_gopro\richardson_lucy\000040.png,24.05043933799864,0.8413076272864776,550.723791266987,0.2984802999999374,288,512
000566.png,C:\Users\User\comp6001_assignment1\data\raw\gopro\blur\images\000566.png,C:\Users\User\comp6001_assignment1\data\raw\gopro\sharp\images\000566.png,high_blur,0.0,21,23.175905906826944,0.6494833340751843,14.05945249232981,C:\Users\User\comp6001_assignment1\data\processed\deblurred_gopro\wiener\000566.png,20.60577128688511,0.47145972638170147,111.34348373570376,0.1714226999993116,C:\Users\User\comp6001_assignment1\data\processed\deblurred_gopro\richardson_lucy\000566.png,22.80227921660231,0.6278649363453069,16.692978613492514,0.2978220999993937,288,512
000320.png,C:\Users\User\comp6001_assignment1\data\raw\gopro\blur\images\000320.png,C:\Users\User\comp6001_assignment1\data\raw\gopro\sharp\images\000320.png,low_blur,2.4999923706054688,13,21.264136564231944,0.7031414073241388,326.47378051943247,C:\Users\User\comp6001_assignment1\data\processed\deblurred_gopro\wiener\000320.png,15.176136783776176,0.3149557813924581,2350.1702100229854,0.18093839999983174,C:\Users\User\comp6001_assignment1\data\processed\deblurred_gopro\richardson_lucy\000320.png,20.039396275222416,0.6395385437249147,414.77542125475065,0.3298871000006329,288,512
001048.png,C:\Users\User\comp6001_assignment1\data\raw\gopro\blur\images\001048.png,C:\Users\User\comp6001_assignment1\data\raw\gopro\sharp\images\001048.png,low_blur,-0.5,13,29.913051322404215,0.9353824683499044,406.8992362815288,C:\Users\User\comp6001_assignment1\data\processed\deblurred_gopro\wiener\001048.png,14.963441568707278,0.2187794172085209,2257.782682496042,0.18830930000058288,C:\Users\User\comp6001_assignment1\data\processed\deblurred_gopro\richardson_lucy\001048.png,23.129173906580487,0.7472529836349558,555.641535125351,0.30761809999967227,288,512
000657.png,C:\Users\User\comp6001_assignment1\data\raw\gopro\blur\images\000657.png,C:\Users\User\comp6001_assignment1\data\raw\gopro\sharp\images\000657.png,high_blur,3.4999923706054688,17,26.62716965052423,0.8410595803975451,90.64488589427904,C:\Users\User\comp6001_assignment1\data\processed\deblurred_gopro\wiener\000657.png,18.87878252042555,0.47062751253050444,618.4797806750385,0.17767509999976028,C:\Users\User\comp6001_assignment1\data\processed\deblurred_gopro\richardson_lucy\000657.png,24.75718752859839,0.7779236860748587,116.80826163291934,0.30401939999956085,288,512
002500.png,C:\Users\User\comp6001_assignment1\data\raw\gopro\blur\images\002500.png,C:\Users\User\comp6001_assignment1\data\raw\gopro\sharp\images\002500.png,high_blur,-7.000003814697266,21,24.999263328065457,0.6688848290049236,40.90857475881039,C:\Users\User\comp6001_assignment1\data\processed\deblurred_gopro\wiener\002500.png,20.383730088587487,0.483322185352069,501.8574236762008,0.1937753000001976,C:\Users\User\comp6001_assignment1\data\processed\deblurred_gopro\richardson_lucy\002500.png,25.176928015542792,0.6726938965556633,71.9637253644566,0.3061477000001105,288,512
000067.png,C:\Users\User\comp6001_assignment1\data\raw\gopro\blur\images\000067.png,C:\Users\User\comp6001_assignment1\data\raw\gopro\sharp\images\000067.png,low_blur,-10.000007629394531,13,25.785435789699616,0.867122887075172,318.79389812033855,C:\Users\User\comp6001_assignment1\data\processed\deblurred_gopro\wiener\000067.png,18.86024329358593,0.5410024453933504,1457.198204110434,0.18438719999994646,C:\Users\User\comp6001_assignment1\data\processed\deblurred_gopro\richardson_lucy\000067.png,24.516261861715023,0.8398998425569494,593.2256765817693,0.3015560000003461,288,512
000306.png,C:\Users\User\comp6001_assignment1\data\raw\gopro\blur\images\000306.png,C:\Users\User\comp6001_assignment1\data\raw\gopro\sharp\images\000306.png,medium_blur,1.9999923706054688,17,19.723277906166572,0.5936594665369851,170.28421971822783,C:\Users\User\comp6001_assignment1\data\processed\deblurred_gopro\wiener\000306.png,17.227261047670105,0.3984046652372039,1174.3733990909416,0.17379909999999654,C:\Users\User\comp6001_assignment1\data\processed\deblurred_gopro\richardson_lucy\000306.png,19.89452932123379,0.5953129893421161,251.75241892311124,0.3017699000001812,288,512
000068.png,C:\Users\User\comp6001_assignment1\data\raw\gopro\blur\images\000068.png,C:\Users\User\comp6001_assignment1\data\raw\gopro\sharp\images\000068.png,low_blur,-11.500003814697266,13,27.04977312307197,0.9021395386526688,341.9149992840801,C:\Users\User\comp6001_assignment1\data\processed\deblurred_gopro\wiener\000068.png,18.07047626407215,0.4979886539648563,1540.3157122105727,0.19508029999997234,C:\Users\User\comp6001_assignment1\data\processed\deblurred_gopro\richardson_lucy\000068.png,24.246419934422903,0.8399878956720125,620.5842443671031,0.3136218999998164,288,512
000311.png,C:\Users\User\comp6001_assignment1\data\raw\gopro\blur\images\000311.png,C:\Users\User\comp6001_assignment1\data\raw\gopro\sharp\images\000311.png,low_blur,6.0,17,20.054669237977976,0.5924065089684352,247.92361081676714,C:\Users\User\comp6001_assignment1\data\processed\deblurred_gopro\wiener\000311.png,12.733937615439395,0.1530941029290535,2087.5264073135213,0.17326450000018667,C:\Users\User\comp6001_assignment1\data\processed\deblurred_gopro\richardson_lucy\000311.png,18.1851239942054,0.48801032638736147,285.65814188228524,0.3093057999994926,288,512
000736.png,C:\Users\User\comp6001_assignment1\data\raw\gopro\blur\images\000736.png,C:\Users\User\comp6001_assignment1\data\raw\gopro\sharp\images\000736.png,low_blur,1.9999923706054688,17,26.837396864639302,0.8828224593985996,299.817518255179,C:\Users\User\comp6001_assignment1\data\processed\deblurred_gopro\wiener\000736.png,14.696943474401117,0.21780968397695055,1751.0121280252472,0.16723989999991318,C:\Users\User\comp6001_assignment1\data\processed\deblurred_gopro\richardson_lucy\000736.png,22.680046688432782,0.7373411691576558,367.56229612557786,0.27190800000062154,288,512
000674.png,C:\Users\User\comp6001_assignment1\data\raw\gopro\blur\images\000674.png,C:\Users\User\comp6001_assignment1\data\raw\gopro\sharp\images\000674.png,medium_blur,2.4999923706054688,17,29.387305711619078,0.918351599347421,150.58444605891904,C:\Users\User\comp6001_assignment1\data\processed\deblurred_gopro\wiener\000674.png,18.46164853490283,0.4335562407225417,795.0283802850747,0.1700955000005706,C:\Users\User\comp6001_assignment1\data\processed\deblurred_gopro\richardson_lucy\000674.png,26.028056584276655,0.8379862343965295,178.73664651075262,0.2884770999999091,288,512
002103.png,C:\Users\User\comp6001_assignment1\data\raw\gopro\blur\images\002103.png,C:\Users\User\comp6001_assignment1\data\raw\gopro\sharp\images\002103.png,medium_blur,1.4999923706054688,17,29.402354858331556,0.9177189143638841,216.55121427038569,C:\Users\User\comp6001_assignment1\data\processed\deblurred_gopro\wiener\002103.png,17.256808774892168,0.29952147081798236,1138.019988403966,0.1761393999995562,C:\Users\User\comp6001_assignment1\data\processed\deblurred_gopro\richardson_lucy\002103.png,24.399132321061234,0.7530990862381687,336.8062472137404,0.29608960000041407,288,512
002107.png,C:\Users\User\comp6001_assignment1\data\raw\gopro\blur\images\002107.png,C:\Users\User\comp6001_assignment1\data\raw\gopro\sharp\images\002107.png,high_blur,1.4999923706054688,17,32.878946736770246,0.9356510273966757,162.0279582987229,C:\Users\User\comp6001_assignment1\data\processed\deblurred_gopro\wiener\002107.png,17.933634730635216,0.3308442226537027,772.7539599062759,0.17283469999983936,C:\Users\User\comp6001_assignment1\data\processed\deblurred_gopro\richardson_lucy\002107.png,25.144608852077212,0.7784687494367049,269.9415697138986,0.27278279999973165,288,512
000780.png,C:\Users\User\comp6001_assignment1\data\raw\gopro\blur\images\000780.png,C:\Users\User\comp6001_assignment1\data\raw\gopro\sharp\images\000780.png,low_blur,0.0,17,27.827991462130832,0.8939290004527155,295.6748245391121,C:\Users\User\comp6001_assignment1\data\processed\deblurred_gopro\wiener\000780.png,14.96349557427622,0.23316988873922614,1581.6387275909474,0.16646320000018022,C:\Users\User\comp6001_assignment1\data\processed\deblurred_gopro\richardson_lucy\000780.png,22.97297272601042,0.750634457314245,356.0894658646465,0.2606994999996459,288,512
000604.png,C:\Users\User\comp6001_assignment1\data\raw\gopro\blur\images\000604.png,C:\Users\User\comp6001_assignment1\data\raw\gopro\sharp\images\000604.png,high_blur,0.0,21,20.969979445245052,0.4459520200656532,59.83588885598712,C:\Users\User\comp6001_assignment1\data\processed\deblurred_gopro\wiener\000604.png,16.069601343068594,0.15923481917728843,414.47184703742835,0.16203479999967385,C:\Users\User\comp6001_assignment1\data\processed\deblurred_gopro\richardson_lucy\000604.png,20.132788910360006,0.3927810135393807,67.2999685406225,0.2643202999997811,288,512
000757.png,C:\Users\User\comp6001_assignment1\data\raw\gopro\blur\images\000757.png,C:\Users\User\comp6001_assignment1\data\raw\gopro\sharp\images\000757.png,low_blur,-0.5,17,26.406494308301234,0.8690104926099727,289.3535674661398,C:\Users\User\comp6001_assignment1\data\processed\deblurred_gopro\wiener\000757.png,15.636532851494895,0.2732678467727919,1667.8771569176497,0.16261560000020836,C:\Users\User\comp6001_assignment1\data\processed\deblurred_gopro\richardson_lucy\000757.png,22.650652601905826,0.7327735634897388,396.0381155321259,0.2646476999998413,288,512
002156.png,C:\Users\User\comp6001_assignment1\data\raw\gopro\blur\images\002156.png,C:\Users\User\comp6001_assignment1\data\raw\gopro\sharp\images\002156.png,medium_blur,-7.0,17,32.89640643236809,0.9567901946276146,236.0296514883729,C:\Users\User\comp6001_assignment1\data\processed\deblurred_gopro\wiener\002156.png,16.019539973803365,0.28517539366346056,1471.8538047884717,0.16058939999948052,C:\Users\User\comp6001_assignment1\data\processed\deblurred_gopro\richardson_lucy\002156.png,23.681847736976028,0.7728628557031895,398.1766440724425,0.2734143999996377,288,512
000547.png,C:\Users\User\comp6001_assignment1\data\raw\gopro\blur\images\000547.png,C:\Users\User\comp6001_assignment1\data\raw\gopro\sharp\images\000547.png,medium_blur,-13.500003814697266,17,22.552363429046423,0.5689164254436508,134.52547416256533,C:\Users\User\comp6001_assignment1\data\processed\deblurred_gopro\wiener\000547.png,16.445295005036943,0.22908963575104202,1170.8887309292213,0.16382570000041596,C:\Users\User\comp6001_assignment1\data\processed\deblurred_gopro\richardson_lucy\000547.png,21.344907933426622,0.49867171302695673,144.29882098550414,0.2591904999999315,288,512
000255.png,C:\Users\User\comp6001_assignment1\data\raw\gopro\blur\images\000255.png,C:\Users\User\comp6001_assignment1\data\raw\gopro\sharp\images\000255.png,medium_blur,15.499992370605469,17,27.77218216834598,0.8506032841186286,256.1527207861712,C:\Users\User\comp6001_assignment1\data\processed\deblurred_gopro\wiener\000255.png,16.568547993428623,0.3212710713748074,1953.9574266270631,0.15817369999967923,C:\Users\User\comp6001_assignment1\data\processed\deblurred_gopro\richardson_lucy\000255.png,24.524415221602762,0.7587946905614827,338.06375566658414,0.25899680000020453,288,512
000697.png,C:\Users\User\comp6001_assignment1\data\raw\gopro\blur\images\000697.png,C:\Users\User\comp6001_assignment1\data\raw\gopro\sharp\images\000697.png,low_blur,-1.5000038146972656,17,24.990013725737942,0.7702710428582389,267.8587486772901,C:\Users\User\comp6001_assignment1\data\processed\deblurred_gopro\wiener\000697.png,15.792412298368372,0.2889043539401149,1326.5146106668735,0.1520516000000498,C:\Users\User\comp6001_assignment1\data\processed\deblurred_gopro\richardson_lucy\000697.png,22.440724433266,0.6738545648187183,306.1783990063416,0.26531340000019554,288,512
000214.png,C:\Users\User\comp6001_assignment1\data\raw\gopro\blur\images\000214.png,C:\Users\User\comp6001_assignment1\data\raw\gopro\sharp\images\000214.png,medium_blur,1.9999923706054688,17,23.72670571806465,0.7367770575758986,186.70601377203877,C:\Users\User\comp6001_assignment1\data\processed\deblurred_gopro\wiener\000214.png,16.888218927432902,0.3603551391901842,1312.3737721029256,0.1483198000005359,C:\Users\User\comp6001_assignment1\data\processed\deblurred_gopro\richardson_lucy\000214.png,22.27548084302951,0.6694817340674964,227.5355690945354,0.27233720000003814,288,512
002133.png,C:\Users\User\comp6001_assignment1\data\raw\gopro\blur\images\002133.png,C:\Users\User\comp6001_assignment1\data\raw\gopro\sharp\images\002133.png,medium_blur,-4.000007629394531,17,34.73178303578076,0.9602743680295148,221.36451409881315,C:\Users\User\comp6001_assignment1\data\processed\deblurred_gopro\wiener\002133.png,16.906356286006154,0.32085495423129845,1372.3571459216375,0.1730275999998412,C:\Users\User\comp6001_assignment1\data\processed\deblurred_gopro\richardson_lucy\002133.png,24.56683292980248,0.7893572312444017,351.29634852169283,0.26999309999973775,288,512
000101.png,C:\Users\User\comp6001_assignment1\data\raw\gopro\blur\images\000101.png,C:\Users\User\comp6001_assignment1\data\raw\gopro\sharp\images\000101.png,medium_blur,-25.500001907348633,17,36.39649396144434,0.9744424565000488,296.3938174732949,C:\Users\User\comp6001_assignment1\data\processed\deblurred_gopro\wiener\000101.png,14.54775447024208,0.20701249351574583,1861.8617259362877,0.19349510000029113,C:\Users\User\comp6001_assignment1\data\processed\deblurred_gopro\richardson_lucy\000101.png,23.51879249895037,0.7676119151032322,448.745213618801,0.271223399999144,288,512
000731.png,C:\Users\User\comp6001_assignment1\data\raw\gopro\blur\images\000731.png,C:\Users\User\comp6001_assignment1\data\raw\gopro\sharp\images\000731.png,low_blur,2.4999923706054688,17,25.127427310063585,0.8121068384577117,328.3561936943895,C:\Users\User\comp6001_assignment1\data\processed\deblurred_gopro\wiener\000731.png,14.419222626496662,0.2174996294511965,1859.8178186338898,0.18830330000037065,C:\Users\User\comp6001_assignment1\data\processed\deblurred_gopro\richardson_lucy\000731.png,21.908386459559065,0.6796656810927127,387.0110984940864,0.28877299999930983,288,512
000089.png,C:\Users\User\comp6001_assignment1\data\raw\gopro\blur\images\000089.png,C:\Users\User\comp6001_assignment1\data\raw\gopro\sharp\images\000089.png,high_blur,-6.0,21,23.035314101158754,0.7504904431529731,71.9694421949486,C:\Users\User\comp6001_assignment1\data\processed\deblurred_gopro\wiener\000089.png,17.003525807582776,0.3904699082605528,1334.3602390542717,0.17821709999952873,C:\Users\User\comp6001_assignment1\data\processed\deblurred_gopro\richardson_lucy\000089.png,21.886999310018233,0.6986570948153066,109.50311644706461,0.2936671999996179,288,512
000064.png,C:\Users\User\comp6001_assignment1\data\raw\gopro\blur\images\000064.png,C:\Users\User\comp6001_assignment1\data\raw\gopro\sharp\images\000064.png,high_blur,-9.500007629394531,21,24.60619289833589,0.8270217023793367,129.64875429827308,C:\Users\User\comp6001_assignment1\data\processed\deblurred_gopro\wiener\000064.png,16.215527520724606,0.37770176189966537,769.382131672522,0.1668536999995922,C:\Users\User\comp6001_assignment1\data\processed\deblurred_gopro\richardson_lucy\000064.png,22.387097787020878,0.7464945045758428,170.80439446296225,0.2806666000005862,288,512
002178.png,C:\Users\User\comp6001_assignment1\data\raw\gopro\blur\images\002178.png,C:\Users\User\comp6001_assignment1\data\raw\gopro\sharp\images\002178.png,low_blur,-5.000007629394531,17,34.751387981988834,0.9663911995884051,276.0698741277059,C:\Users\User\comp6001_assignment1\data\processed\deblurred_gopro\wiener\002178.png,16.174586931189584,0.3035101391196425,1682.4751093011855,0.19981530000040948,C:\Users\User\comp6001_assignment1\data\processed\deblurred_gopro\richardson_lucy\002178.png,24.1994731259344,0.7838440023021306,464.04538327216363,0.31437410000035015,288,512
001049.png,C:\Users\User\comp6001_assignment1\data\raw\gopro\blur\images\001049.png,C:\Users\User\comp6001_assignment1\data\raw\gopro\sharp\images\001049.png,low_blur,-2.0000076293945312,13,29.51869069757904,0.9264479909103613,394.4325198758807,C:\Users\User\comp6001_assignment1\data\processed\deblurred_gopro\wiener\001049.png,15.12666819277525,0.22702359628146182,2238.5555756857366,0.17398839999987104,C:\Users\User\comp6001_assignment1\data\processed\deblurred_gopro\richardson_lucy\001049.png,23.088630788082483,0.742585873082192,543.0993516973139,0.29466359999969427,288,512
002801.png,C:\Users\User\comp6001_assignment1\data\raw\gopro\blur\images\002801.png,C:\Users\User\comp6001_assignment1\data\raw\gopro\sharp\images\002801.png,low_blur,0.0,13,28.97140558180034,0.9180182584924622,403.071805778063,C:\Users\User\comp6001_assignment1\data\processed\deblurred_gopro\wiener\002801.png,14.201509856118184,0.20635666138825584,2245.517664484772,0.1761675000007017,C:\Users\User\comp6001_assignment1\data\processed\deblurred_gopro\richardson_lucy\002801.png,20.881664193591476,0.6969805399950747,538.7655690639384,0.31863440000051924,288,512
002526.png,C:\Users\User\comp6001_assignment1\data\raw\gopro\blur\images\002526.png,C:\Users\User\comp6001_assignment1\data\raw\gopro\sharp\images\002526.png,high_blur,0.0,21,24.024049058343454,0.6346526333624973,11.166334047315665,C:\Users\User\comp6001_assignment1\data\processed\deblurred_gopro\wiener\002526.png,19.327379084843294,0.33711132739558086,97.63393385542764,0.18497989999923448,C:\Users\User\comp6001_assignment1\data\processed\deblurred_gopro\richardson_lucy\002526.png,23.546640953983538,0.6030153807192753,13.610717479093575,0.30053530000077444,288,512
002527.png,C:\Users\User\comp6001_assignment1\data\raw\gopro\blur\images\002527.png,C:\Users\User\comp6001_assignment1\data\raw\gopro\sharp\images\002527.png,high_blur,80.99998474121094,21,26.476462248329284,0.7322470884279277,22.865620443068536,C:\Users\User\comp6001_assignment1\data\processed\deblurred_gopro\wiener\002527.png,22.262552988753388,0.48864366545408133,438.1422042167849,0.17868889999954263,C:\Users\User\comp6001_assignment1\data\processed\deblurred_gopro\richardson_lucy\002527.png,26.943368709009256,0.7301413321156979,33.12565644687893,0.2860720999997284,288,512
000332.png,C:\Users\User\comp6001_assignment1\data\raw\gopro\blur\images\000332.png,C:\Users\User\comp6001_assignment1\data\raw\gopro\sharp\images\000332.png,high_blur,-86.5,21,27.667786998214318,0.8431842716715403,45.381903091652546,C:\Users\User\comp6001_assignment1\data\processed\deblurred_gopro\wiener\000332.png,18.979545404198333,0.3798178419642027,439.5685116074244,0.18356129999938275,C:\Users\User\comp6001_assignment1\data\processed\deblurred_gopro\richardson_lucy\000332.png,25.76241801183473,0.7721488813721796,74.15332757759793,0.3285385999997743,288,512
001014.png,C:\Users\User\comp6001_assignment1\data\raw\gopro\blur\images\001014.png,C:\Users\User\comp6001_assignment1\data\raw\gopro\sharp\images\001014.png,low_blur,0.0,13,31.761459958786386,0.9511354876782373,428.72437844379454,C:\Users\User\comp6001_assignment1\data\processed\deblurred_gopro\wiener\001014.png,15.384967946521062,0.25505481876518177,2334.481566523328,0.17960589999984222,C:\Users\User\comp6001_assignment1\data\processed\deblurred_gopro\richardson_lucy\001014.png,23.779672915677352,0.7693208866968547,565.9125020864109,0.3109234999992623,288,512
000003.png,C:\Users\User\comp6001_assignment1\data\raw\gopro\blur\images\000003.png,C:\Users\User\comp6001_assignment1\data\raw\gopro\sharp\images\000003.png,medium_blur,-6.0,17,29.351845542377717,0.936412303503939,263.6543010421741,C:\Users\User\comp6001_assignment1\data\processed\deblurred_gopro\wiener\000003.png,16.912394259052338,0.38349543021655536,1998.8803427340342,0.17502090000016324,C:\Users\User\comp6001_assignment1\data\processed\deblurred_gopro\richardson_lucy\000003.png,24.688447022135414,0.8336558660239649,439.4385344776107,0.3175766000003932,288,512
000706.png,C:\Users\User\comp6001_assignment1\data\raw\gopro\blur\images\000706.png,C:\Users\User\comp6001_assignment1\data\raw\gopro\sharp\images\000706.png,medium_blur,0.0,17,29.079716263627446,0.9006777875309234,256.0912985794338,C:\Users\User\comp6001_assignment1\data\processed\deblurred_gopro\wiener\000706.png,15.86742211213155,0.2919808506245158,1358.4026477888322,0.1817958000001454,C:\Users\User\comp6001_assignment1\data\processed\deblurred_gopro\richardson_lucy\000706.png,24.078839041246045,0.7771314023932482,303.4658446653665,0.2877317000002222,288,512
000278.png,C:\Users\User\comp6001_assignment1\data\raw\gopro\blur\images\000278.png,C:\Users\User\comp6001_assignment1\data\raw\gopro\sharp\images\000278.png,low_blur,3.4999923706054688,13,29.20556429957462,0.9226637025652002,508.93967275372063,C:\Users\User\comp6001_assignment1\data\processed\deblurred_gopro\wiener\000278.png,15.864878768165706,0.28988097667316803,2976.0258226261744,0.17138559999966674,C:\Users\User\comp6001_assignment1\data\processed\deblurred_gopro\richardson_lucy\000278.png,24.74918244115247,0.8000783606434378,619.0845141344139,0.28732860000036453,288,512
001025.png,C:\Users\User\comp6001_assignment1\data\raw\gopro\blur\images\001025.png,C:\Users\User\comp6001_assignment1\data\raw\gopro\sharp\images\001025.png,low_blur,-4.000007629394531,13,31.819438963365904,0.9541220532619953,461.8593239563023,C:\Users\User\comp6001_assignment1\data\processed\deblurred_gopro\wiener\001025.png,15.015292798163134,0.21341145975485562,2534.1091130456803,0.1697997999999643,C:\Users\User\comp6001_assignment1\data\processed\deblurred_gopro\richardson_lucy\001025.png,23.588184516405658,0.7654002696608445,604.5601499904361,0.27860899999996036,288,512
002823.png,C:\Users\User\comp6001_assignment1\data\raw\gopro\blur\images\002823.png,C:\Users\User\comp6001_assignment1\data\raw\gopro\sharp\images\002823.png,low_blur,-2.5000076293945312,13,27.154205776756953,0.8867986740149248,412.02028462603505,C:\Users\User\comp6001_assignment1\data\processed\deblurred_gopro\wiener\002823.png,14.077845955789538,0.2508521332772674,2202.669517682245,0.16843109999990702,C:\Users\User\comp6001_assignment1\data\processed\deblurred_gopro\richardson_lucy\002823.png,21.10332486683258,0.7068291633047297,547.5040776927805,0.284288299999389,288,512
000758.png,C:\Users\User\comp6001_assignment1\data\raw\gopro\blur\images\000758.png,C:\Users\User\comp6001_assignment1\data\raw\gopro\sharp\images\000758.png,medium_blur,1.9999923706054688,17,23.672040343945863,0.7185169395822163,216.28615557370182,C:\Users\User\comp6001_assignment1\data\processed\deblurred_gopro\wiener\000758.png,15.379244937705685,0.2378342929134383,1268.9397657960649,0.176192799999626,C:\Users\User\comp6001_assignment1\data\processed\deblurred_gopro\richardson_lucy\000758.png,21.626005518472752,0.614627560607878,248.7930579611825,0.31944079999993846,288,512
001387.png,C:\Users\User\comp6001_assignment1\data\raw\gopro\blur\images\001387.png,C:\Users\User\comp6001_assignment1\data\raw\gopro\sharp\images\001387.png,medium_blur,-15.500007629394531,17,26.301769704637422,0.8633577356348191,274.5366130138253,C:\Users\User\comp6001_assignment1\data\processed\deblurred_gopro\wiener\001387.png,13.897142707697604,0.15430841569294418,1857.8529707884622,0.15448699999979,C:\Users\User\comp6001_assignment1\data\processed\deblurred_gopro\richardson_lucy\001387.png,21.271543232662033,0.671318954206444,387.50938518842054,0.30409270000018296,288,512
000673.png,C:\Users\User\comp6001_assignment1\data\raw\gopro\blur\images\000673.png,C:\Users\User\comp6001_assignment1\data\raw\gopro\sharp\images\000673.png,high_blur,0.4999961853027344,17,25.44018099168818,0.8012368020723981,95.49387843368783,C:\Users\User\comp6001_assignment1\data\processed\deblurred_gopro\wiener\000673.png,18.40128529855387,0.47684087676328185,545.897990120598,0.18306339999980992,C:\Users\User\comp6001_assignment1\data\processed\deblurred_gopro\richardson_lucy\000673.png,24.03712420416722,0.7488412255275958,109.23210608844221,0.2891700000000128,288,512
002866.png,C:\Users\User\comp6001_assignment1\data\raw\gopro\blur\images\002866.png,C:\Users\User\comp6001_assignment1\data\raw\gopro\sharp\images\002866.png,medium_blur,-5.000007629394531,17,28.758432174450693,0.9214218382373067,316.0047872147442,C:\Users\User\comp6001_assignment1\data\processed\deblurred_gopro\wiener\002866.png,13.407576020791499,0.2229908516490171,2152.1567842540458,0.17023629999948753,C:\Users\User\comp6001_assignment1\data\processed\deblurred_gopro\richardson_lucy\002866.png,20.944853201146188,0.7070307871906664,478.8544593622655,0.28388539999923523,288,512
002898.png,C:\Users\User\comp6001_assignment1\data\raw\gopro\blur\images\002898.png,C:\Users\User\comp6001_assignment1\data\raw\gopro\sharp\images\002898.png,medium_blur,-5.500003814697266,17,29.755884729980767,0.9341321170179598,351.04578616548287,C:\Users\User\comp6001_assignment1\data\processed\deblurred_gopro\wiener\002898.png,13.360188369388075,0.22145495944592555,2040.5610918435325,0.18322160000025178,C:\Users\User\comp6001_assignment1\data\processed\deblurred_gopro\richardson_lucy\002898.png,21.214982612791253,0.7411907382804093,502.28347319070207,0.2702638000000661,288,512
002123.png,C:\Users\User\comp6001_assignment1\data\raw\gopro\blur\images\002123.png,C:\Users\User\comp6001_assignment1\data\raw\gopro\sharp\images\002123.png,low_blur,-2.0000038146972656,13,34.82097555039082,0.9584647284229207,267.85725315411884,C:\Users\User\comp6001_assignment1\data\processed\deblurred_gopro\wiener\002123.png,18.122029493242813,0.3816302574876709,1266.0365320295093,0.16646529999979975,C:\Users\User\comp6001_assignment1\data\processed\deblurred_gopro\richardson_lucy\002123.png,25.492422112955737,0.8174968083348114,421.6858401353252,0.2860301000000618,288,512
002150.png,C:\Users\User\comp6001_assignment1\data\raw\gopro\blur\images\002150.png,C:\Users\User\comp6001_assignment1\data\raw\gopro\sharp\images\002150.png,medium_blur,-6.0,17,32.20706540042596,0.9501636976402548,207.02482813302382,C:\Users\User\comp6001_assignment1\data\processed\deblurred_gopro\wiener\002150.png,16.022667669816045,0.2859366728791375,1338.678699777772,0.16855019999911747,C:\Users\User\comp6001_assignment1\data\processed\deblurred_gopro\richardson_lucy\002150.png,23.856355737910015,0.7742824421297018,364.5785121181865,0.3023385000005874,288,512
000185.png,C:\Users\User\comp6001_assignment1\data\raw\gopro\blur\images\000185.png,C:\Users\User\comp6001_assignment1\data\raw\gopro\sharp\images\000185.png,high_blur,1.9999923706054688,21,21.468973600394836,0.5581682612608732,80.65014329883788,C:\Users\User\comp6001_assignment1\data\processed\deblurred_gopro\wiener\000185.png,16.21894557802293,0.2706628926066526,528.5575901136998,0.172247100000277,C:\Users\User\comp6001_assignment1\data\processed\deblurred_gopro\richardson_lucy\000185.png,20.56247866358399,0.5148764208947392,90.70931079192663,0.28141930000037974,288,512
000343.png,C:\Users\User\comp6001_assignment1\data\raw\gopro\blur\images\000343.png,C:\Users\User\comp6001_assignment1\data\raw\gopro\sharp\images\000343.png,high_blur,-8.000007629394531,21,28.71925685616635,0.8699012132969935,35.211435900058284,C:\Users\User\comp6001_assignment1\data\processed\deblurred_gopro\wiener\000343.png,17.51515596788248,0.3593768304259508,355.00260806893124,0.17030180000074324,C:\Users\User\comp6001_assignment1\data\processed\deblurred_gopro\richardson_lucy\000343.png,23.501231159318813,0.7345303267229616,54.68739529285166,0.3346057999997356,288,512
001397.png,C:\Users\User\comp6001_assignment1\data\raw\gopro\blur\images\001397.png,C:\Users\User\comp6001_assignment1\data\raw\gopro\sharp\images\001397.png,low_blur,-7.500003814697266,13,29.422711452628945,0.9356700642188652,492.12820351413563,C:\Users\User\comp6001_assignment1\data\processed\deblurred_gopro\wiener\001397.png,14.214919669658478,0.19974576153370402,3462.7107382392805,0.17781009999998787,C:\Users\User\comp6001_assignment1\data\processed\deblurred_gopro\richardson_lucy\001397.png,22.31219344557455,0.7353301346957525,718.8658779391812,0.3010504000003493,288,512
002525.png,C:\Users\User\comp6001_assignment1\data\raw\gopro\blur\images\002525.png,C:\Users\User\comp6001_assignment1\data\raw\gopro\sharp\images\002525.png,high_blur,0.0,21,23.966731399406175,0.6546566415016546,12.74306864043077,C:\Users\User\comp6001_assignment1\data\processed\deblurred_gopro\wiener\002525.png,19.074775560600983,0.31506071525124013,102.80310543378192,0.17882879999979195,C:\Users\User\comp6001_assignment1\data\processed\deblurred_gopro\richardson_lucy\002525.png,23.44674994249084,0.6045696228953331,16.53668880462646,0.3096114999998463,288,512
002162.png,C:\Users\User\comp6001_assignment1\data\raw\gopro\blur\images\002162.png,C:\Users\User\comp6001_assignment1\data\raw\gopro\sharp\images\002162.png,low_blur,-6.5,17,32.117516026346145,0.9552888304651881,249.23354526650576,C:\Users\User\comp6001_assignment1\data\processed\deblurred_gopro\wiener\002162.png,15.931044878625531,0.29550646320067225,1501.3903779574657,0.177821700000095,C:\Users\User\comp6001_assignment1\data\processed\deblurred_gopro\richardson_lucy\002162.png,23.545144467302784,0.7656495269303781,415.7635237506509,0.3016139999999723,288,512
002886.png,C:\Users\User\comp6001_assignment1\data\raw\gopro\blur\images\002886.png,C:\Users\User\comp6001_assignment1\data\raw\gopro\sharp\images\002886.png,medium_blur,-6.0,17,28.239276722718664,0.9073688716854792,305.7390464792649,C:\Users\User\comp6001_assignment1\data\processed\deblurred_gopro\wiener\002886.png,13.697277512441282,0.2237652381113031,1861.214669594748,0.20378899999923306,C:\Users\User\comp6001_assignment1\data\processed\deblurred_gopro\richardson_lucy\002886.png,21.194418936617897,0.7162008468079953,423.2999550000661,0.295302300000003,288,512
001001.png,C:\Users\User\comp6001_assignment1\data\raw\gopro\blur\images\001001.png,C:\Users\User\comp6001_assignment1\data\raw\gopro\sharp\images\001001.png,low_blur,-1.0,13,30.20578428580867,0.9474575503451942,477.578273512515,C:\Users\User\comp6001_assignment1\data\processed\deblurred_gopro\wiener\001001.png,15.267249068012303,0.23650538442158064,2519.165597943198,0.1757155999994211,C:\Users\User\comp6001_assignment1\data\processed\deblurred_gopro\richardson_lucy\001001.png,23.513713490606555,0.759976781040088,612.6732831994693,0.2982726999998704,288,512
000618.png,C:\Users\User\comp6001_assignment1\data\raw\gopro\blur\images\000618.png,C:\Users\User\comp6001_assignment1\data\raw\gopro\sharp\images\000618.png,high_blur,-9.500007629394531,17,24.609659684121535,0.7622706496214935,137.15786159461663,C:\Users\User\comp6001_assignment1\data\processed\deblurred_gopro\wiener\000618.png,15.587800825173986,0.2625736849962082,1191.960785511835,0.17991600000004837,C:\Users\User\comp6001_assignment1\data\processed\deblurred_gopro\richardson_lucy\000618.png,21.469553953453598,0.6309897654337885,182.75654064169447,0.2972804000000906,288,512
000175.png,C:\Users\User\comp6001_assignment1\data\raw\gopro\blur\images\000175.png,C:\Users\User\comp6001_assignment1\data\raw\gopro\sharp\images\000175.png,high_blur,-0.5,17,30.00026636759101,0.9187589242425783,198.95035080220782,C:\Users\User\comp6001_assignment1\data\processed\deblurred_gopro\wiener\000175.png,14.619905510546872,0.16283294654248823,1058.7065977454188,0.1803749999999127,C:\Users\User\comp6001_assignment1\data\processed\deblurred_gopro\richardson_lucy\000175.png,22.833656278991086,0.7056378442148782,279.1383600477359,0.2780317999995532,288,512
002482.png,C:\Users\User\comp6001_assignment1\data\raw\gopro\blur\images\002482.png,C:\Users\User\comp6001_assignment1\data\raw\gopro\sharp\images\002482.png,high_blur,7.999992370605469,21,25.262621052981427,0.7325103639277805,39.66608105760849,C:\Users\User\comp6001_assignment1\data\processed\deblurred_gopro\wiener\002482.png,19.864026230667253,0.4695816021365644,401.45703818948004,0.1725615999994261,C:\Users\User\comp6001_assignment1\data\processed\deblurred_gopro\richardson_lucy\002482.png,24.55307476724756,0.710294184230211,76.6952057811489,0.30744249999952444,288,512
000585.png,C:\Users\User\comp6001_assignment1\data\raw\gopro\blur\images\000585.png,C:\Users\User\comp6001_assignment1\data\raw\gopro\sharp\images\000585.png,medium_blur,-17.00000762939453,17,23.455361489515674,0.6352201400289482,170.78745263148053,C:\Users\User\comp6001_assignment1\data\processed\deblurred_gopro\wiener\000585.png,15.613560740082516,0.20469755629604572,1359.838047551842,0.18001230000027135,C:\Users\User\comp6001_assignment1\data\processed\deblurred_gopro\richardson_lucy\000585.png,21.547811351923798,0.5604488501711195,266.94823997090634,0.3176551999995354,288,512
000107.png,C:\Users\User\comp6001_assignment1\data\raw\gopro\blur\images\000107.png,C:\Users\User\comp6001_assignment1\data\raw\gopro\sharp\images\000107.png,medium_blur,-5.500003814697266,17,34.83621502371501,0.9693635627383369,324.601018022424,C:\Users\User\comp6001_assignment1\data\processed\deblurred_gopro\wiener\000107.png,14.35038475964409,0.21975877896593765,1914.076071954022,0.1878815999998551,C:\Users\User\comp6001_assignment1\data\processed\deblurred_gopro\richardson_lucy\000107.png,23.140985042068838,0.76391962235296,470.0121359526651,0.31599890000052255,288,512
000752.png,C:\Users\User\comp6001_assignment1\data\raw\gopro\blur\images\000752.png,C:\Users\User\comp6001_assignment1\data\raw\gopro\sharp\images\000752.png,low_blur,0.9999923706054688,13,28.99887741418481,0.9189192188901848,374.03408720716834,C:\Users\User\comp6001_assignment1\data\processed\deblurred_gopro\wiener\000752.png,16.11260635519484,0.2947365456241265,2159.4445475427724,0.16542440000011993,C:\Users\User\comp6001_assignment1\data\processed\deblurred_gopro\richardson_lucy\000752.png,24.112737138436433,0.7935641371462748,506.1338477441925,0.29005289999986417,288,512
000056.png,C:\Users\User\comp6001_assignment1\data\raw\gopro\blur\images\000056.png,C:\Users\User\comp6001_assignment1\data\raw\gopro\sharp\images\000056.png,high_blur,-10.000007629394531,21,26.561536685708035,0.8945522120848279,129.87914258885533,C:\Users\User\comp6001_assignment1\data\processed\deblurred_gopro\wiener\000056.png,16.24527904958268,0.39527361804665917,714.9319481573264,0.16954619999978604,C:\Users\User\comp6001_assignment1\data\processed\deblurred_gopro\richardson_lucy\000056.png,22.954685078915624,0.7976691884352961,182.1278314971262,0.31527920000007725,288,512
000121.png,C:\Users\User\comp6001_assignment1\data\raw\gopro\blur\images\000121.png,C:\Users\User\comp6001_assignment1\data\raw\gopro\sharp\images\000121.png,low_blur,-26.000003814697266,17,34.2104313522409,0.967430609761892,352.8790996482619,C:\Users\User\comp6001_assignment1\data\processed\deblurred_gopro\wiener\000121.png,13.688423085771255,0.1213841344721565,2088.555265550214,0.17689179999979388,C:\Users\User\comp6001_assignment1\data\processed\deblurred_gopro\richardson_lucy\000121.png,22.046464473925038,0.7013281678097285,394.1626509295109,0.284013500000583,288,512
000545.png,C:\Users\User\comp6001_assignment1\data\raw\gopro\blur\images\000545.png,C:\Users\User\comp6001_assignment1\data\raw\gopro\sharp\images\000545.png,high_blur,-2.0000038146972656,17,22.533492339597657,0.5446764141367171,94.27228005708736,C:\Users\User\comp6001_assignment1\data\processed\deblurred_gopro\wiener\000545.png,17.111324367051647,0.2347552559109989,622.6115523030361,0.1750428000004831,C:\Users\User\comp6001_assignment1\data\processed\deblurred_gopro\richardson_lucy\000545.png,21.55520656986303,0.4900999395165379,103.87352952177142,0.278762299999471,288,512
000026.png,C:\Users\User\comp6001_assignment1\data\raw\gopro\blur\images\000026.png,C:\Users\User\comp6001_assignment1\data\raw\gopro\sharp\images\000026.png,high_blur,-7.0,21,24.109548504420538,0.802608606910136,68.48535155348571,C:\Users\User\comp6001_assignment1\data\processed\deblurred_gopro\wiener\000026.png,17.088697779599503,0.4396197993462428,968.7244809563791,0.1595631999998659,C:\Users\User\comp6001_assignment1\data\processed\deblurred_gopro\richardson_lucy\000026.png,22.48091415794694,0.7368990906510052,82.52392379148506,0.27171030000044993,288,512
000073.png,C:\Users\User\comp6001_assignment1\data\raw\gopro\blur\images\000073.png,C:\Users\User\comp6001_assignment1\data\raw\gopro\sharp\images\000073.png,low_blur,-9.000007629394531,13,31.901487357741654,0.9693706321437859,563.9019533623424,C:\Users\User\comp6001_assignment1\data\processed\deblurred_gopro\wiener\000073.png,16.004099103533804,0.3927191485870159,3014.959171642813,0.17147800000020652,C:\Users\User\comp6001_assignment1\data\processed\deblurred_gopro\richardson_lucy\000073.png,23.830575636355217,0.8488872212429222,936.3994230692401,0.2913117999996757,288,512
000690.png,C:\Users\User\comp6001_assignment1\data\raw\gopro\blur\images\000690.png,C:\Users\User\comp6001_assignment1\data\raw\gopro\sharp\images\000690.png,high_blur,-3.5000076293945312,17,22.41118948151437,0.6325706395872951,117.47607507266932,C:\Users\User\comp6001_assignment1\data\processed\deblurred_gopro\wiener\000690.png,16.468902938422428,0.2562948767616277,788.3282152809846,0.17889280000053986,C:\Users\User\comp6001_assignment1\data\processed\deblurred_gopro\richardson_lucy\000690.png,21.222425068784926,0.5633855124450182,143.30116686390505,0.3047100000003411,288,512
000045.png,C:\Users\User\comp6001_assignment1\data\raw\gopro\blur\images\000045.png,C:\Users\User\comp6001_assignment1\data\raw\gopro\sharp\images\000045.png,high_blur,-8.000007629394531,21,23.82175050097057,0.79837534688439,81.31546302926209,C:\Users\User\comp6001_assignment1\data\processed\deblurred_gopro\wiener\000045.png,16.295000020910628,0.4108117041610759,940.7916965517272,0.17813810000006924,C:\Users\User\comp6001_assignment1\data\processed\deblurred_gopro\richardson_lucy\000045.png,21.992220717133076,0.7306471023135233,109.62678893995874,0.27189390000057756,288,512
002846.png,C:\Users\User\comp6001_assignment1\data\raw\gopro\blur\images\002846.png,C:\Users\User\comp6001_assignment1\data\raw\gopro\sharp\images\002846.png,medium_blur,-4.000007629394531,17,27.395543931441757,0.9065983848270834,327.6886721847602,C:\Users\User\comp6001_assignment1\data\processed\deblurred_gopro\wiener\002846.png,13.198029010420333,0.1919548892573917,2213.2086974470244,0.1740084000002753,C:\Users\User\comp6001_assignment1\data\processed\deblurred_gopro\richardson_lucy\002846.png,20.217262253482264,0.682212803001388,513.9768350240257,0.2725270000000819,288,512
000210.png,C:\Users\User\comp6001_assignment1\data\raw\gopro\blur\images\000210.png,C:\Users\User\comp6001_assignment1\data\raw\gopro\sharp\images\000210.png,low_blur,-19.500003814697266,13,29.063941726398106,0.9276214117238885,624.1323710510301,C:\Users\User\comp6001_assignment1\data\processed\deblurred_gopro\wiener\000210.png,14.61830328621115,0.24530762104330303,4109.829360198046,0.16622540000025765,C:\Users\User\comp6001_assignment1\data\processed\deblurred_gopro\richardson_lucy\000210.png,23.520141586601092,0.7818564953773537,774.9334289849172,0.2586133000004338,288,512
000313.png,C:\Users\User\comp6001_assignment1\data\raw\gopro\blur\images\000313.png,C:\Users\User\comp6001_assignment1\data\raw\gopro\sharp\images\000313.png,low_blur,1.9999923706054688,17,21.37073791388538,0.7167830225647304,258.6771331429021,C:\Users\User\comp6001_assignment1\data\processed\deblurred_gopro\wiener\000313.png,14.250733178172137,0.23502970036215642,1883.3767550519588,0.15957449999950768,C:\Users\User\comp6001_assignment1\data\processed\deblurred_gopro\richardson_lucy\000313.png,19.572287522324768,0.6204283662076282,320.1382353739975,0.2797957000002498,288,512
000328.png,C:\Users\User\comp6001_assignment1\data\raw\gopro\blur\images\000328.png,C:\Users\User\comp6001_assignment1\data\raw\gopro\sharp\images\000328.png,high_blur,-88.0,21,26.871799544841647,0.8187431470282295,29.051859360418202,C:\Users\User\comp6001_assignment1\data\processed\deblurred_gopro\wiener\000328.png,20.062222593643597,0.44631030798639654,211.06084587838916,0.18055459999959567,C:\Users\User\comp6001_assignment1\data\processed\deblurred_gopro\richardson_lucy\000328.png,25.291178805411135,0.7537615926332152,41.592669536256125,0.2803159000004598,288,512
000733.png,C:\Users\User\comp6001_assignment1\data\raw\gopro\blur\images\000733.png,C:\Users\User\comp6001_assignment1\data\raw\gopro\sharp\images\000733.png,medium_blur,-0.5,17,23.162947724415336,0.7002642489370574,181.7694720886648,C:\Users\User\comp6001_assignment1\data\processed\deblurred_gopro\wiener\000733.png,15.71829329106131,0.2658806161058705,1398.4484827076485,0.17260910000004515,C:\Users\User\comp6001_assignment1\data\processed\deblurred_gopro\richardson_lucy\000733.png,21.44559057613523,0.6117986511729929,227.18839235875157,0.30621069999961037,288,512
000315.png,C:\Users\User\comp6001_assignment1\data\raw\gopro\blur\images\000315.png,C:\Users\User\comp6001_assignment1\data\raw\gopro\sharp\images\000315.png,low_blur,0.9999923706054688,13,23.078762884616836,0.7921035622058351,348.90879037626723,C:\Users\User\comp6001_assignment1\data\processed\deblurred_gopro\wiener\000315.png,15.145012873225468,0.2740898517966374,2144.925925009735,0.17937670000083017,C:\Users\User\comp6001_assignment1\data\processed\deblurred_gopro\richardson_lucy\000315.png,20.817268110957055,0.6946956629053465,469.6013215801873,0.3009119999996983,288,512
000748.png,C:\Users\User\comp6001_assignment1\data\raw\gopro\blur\images\000748.png,C:\Users\User\comp6001_assignment1\data\raw\gopro\sharp\images\000748.png,high_blur,0.9999923706054688,17,22.991252534164346,0.7430879826075701,119.48821846639485,C:\Users\User\comp6001_assignment1\data\processed\deblurred_gopro\wiener\000748.png,15.841002972398694,0.23133386027772476,841.882324580609,0.17504149999967922,C:\Users\User\comp6001_assignment1\data\processed\deblurred_gopro\richardson_lucy\000748.png,21.31953868328909,0.6503958943938128,151.5690846573791,0.3187110999997458,288,512
002819.png,C:\Users\User\comp6001_assignment1\data\raw\gopro\blur\images\002819.png,C:\Users\User\comp6001_assignment1\data\raw\gopro\sharp\images\002819.png,medium_blur,-2.5000076293945312,17,26.77389427943347,0.8705053548397054,314.5282481511434,C:\Users\User\comp6001_assignment1\data\processed\deblurred_gopro\wiener\002819.png,14.007458290841884,0.22969347355035655,1730.7206845237513,0.1742721000000529,C:\Users\User\comp6001_assignment1\data\processed\deblurred_gopro\richardson_lucy\002819.png,20.74924959990235,0.6860121651242131,405.2478725479249,0.3111202999998568,288,512
000984.png,C:\Users\User\comp6001_assignment1\data\raw\gopro\blur\images\000984.png,C:\Users\User\comp6001_assignment1\data\raw\gopro\sharp\images\000984.png,medium_blur,-22.00000762939453,17,29.79537122983561,0.9064354602343255,233.0064358562231,C:\Users\User\comp6001_assignment1\data\processed\deblurred_gopro\wiener\000984.png,15.705688129244596,0.20451871397316188,1879.9537312443147,0.1744909999997617,C:\Users\User\comp6001_assignment1\data\processed\deblurred_gopro\richardson_lucy\000984.png,24.078192486803385,0.7375346366079719,399.3095090343261,0.3140738000001875,288,512
002517.png,C:\Users\User\comp6001_assignment1\data\raw\gopro\blur\images\002517.png,C:\Users\User\comp6001_assignment1\data\raw\gopro\sharp\images\002517.png,high_blur,-3.0000076293945312,17,29.530300411749003,0.8622920308033386,121.85191256451756,C:\Users\User\comp6001_assignment1\data\processed\deblurred_gopro\wiener\002517.png,18.09003544558204,0.2749763984373858,774.5780940585668,0.17855260000033013,C:\Users\User\comp6001_assignment1\data\processed\deblurred_gopro\richardson_lucy\002517.png,25.89066563482092,0.7344165764074492,159.8792998753488,0.3180749000002834,288,512
000199.png,C:\Users\User\comp6001_assignment1\data\raw\gopro\blur\images\000199.png,C:\Users\User\comp6001_assignment1\data\raw\gopro\sharp\images\000199.png,medium_blur,-0.5,17,23.090979097288212,0.6812619779418823,174.65744582517652,C:\Users\User\comp6001_assignment1\data\processed\deblurred_gopro\wiener\000199.png,16.416870893112257,0.2977307757120112,1336.8776493423882,0.17928459999984625,C:\Users\User\comp6001_assignment1\data\processed\deblurred_gopro\richardson_lucy\000199.png,21.73765150822417,0.6132553408007414,211.34418332061648,0.2976144000003842,288,512
000603.png,C:\Users\User\comp6001_assignment1\data\raw\gopro\blur\images\000603.png,C:\Users\User\comp6001_assignment1\data\raw\gopro\sharp\images\000603.png,medium_blur,22.49999237060547,17,23.93874692832515,0.6718993201629391,169.25766096512476,C:\Users\User\comp6001_assignment1\data\processed\deblurred_gopro\wiener\000603.png,15.58309299259954,0.15817331211628616,1314.703788753599,0.18516019999970013,C:\Users\User\comp6001_assignment1\data\processed\deblurred_gopro\richardson_lucy\000603.png,21.864010277373914,0.5589213446981903,228.30500315401105,0.3082166000003781,288,512
000972.png,C:\Users\User\comp6001_assignment1\data\raw\gopro\blur\images\000972.png,C:\Users\User\comp6001_assignment1\data\raw\gopro\sharp\images\000972.png,medium_blur,-26.500003814697266,17,28.20169299927574,0.8596210223381391,187.10021406338535,C:\Users\User\comp6001_assignment1\data\processed\deblurred_gopro\wiener\000972.png,15.689169818070647,0.20344088812674163,1637.0520590775081,0.18998499999997875,C:\Users\User\comp6001_assignment1\data\processed\deblurred_gopro\richardson_lucy\000972.png,23.278096082025858,0.6670451364345658,193.2680250796271,0.3122860000003129,288,512
000719.png,C:\Users\User\comp6001_assignment1\data\raw\gopro\blur\images\000719.png,C:\Users\User\comp6001_assignment1\data\raw\gopro\sharp\images\000719.png,high_blur,1.9999923706054688,21,21.963376179851572,0.5839413998320965,78.36097402907447,C:\Users\User\comp6001_assignment1\data\processed\deblurred_gopro\wiener\000719.png,17.20853946463506,0.2853068864448746,616.3994525207415,0.17247000000043045,C:\Users\User\comp6001_assignment1\data\processed\deblurred_gopro\richardson_lucy\000719.png,21.30279577275597,0.5410691300402424,95.62619009057495,0.35270569999920554,288,512
002849.png,C:\Users\User\comp6001_assignment1\data\raw\gopro\blur\images\002849.png,C:\Users\User\comp6001_assignment1\data\raw\gopro\sharp\images\002849.png,medium_blur,-7.0,17,27.468107485895853,0.9026692102744528,277.30534918440713,C:\Users\User\comp6001_assignment1\data\processed\deblurred_gopro\wiener\002849.png,13.086599555374619,0.16917245743696063,1968.5942473598745,0.186558999999761,C:\Users\User\comp6001_assignment1\data\processed\deblurred_gopro\richardson_lucy\002849.png,20.242613888188814,0.6768783325280628,434.1810146818558,0.3095989000003101,288,512
000541.png,C:\Users\User\comp6001_assignment1\data\raw\gopro\blur\images\000541.png,C:\Users\User\comp6001_assignment1\data\raw\gopro\sharp\images\000541.png,low_blur,-15.500007629394531,13,30.333027664727595,0.9251411970509134,393.0571610911025,C:\Users\User\comp6001_assignment1\data\processed\deblurred_gopro\wiener\000541.png,16.029324757323934,0.20551081159283302,2806.570709903621,0.19015870000021096,C:\Users\User\comp6001_assignment1\data\processed\deblurred_gopro\richardson_lucy\000541.png,24.74469552881304,0.7774429117447764,586.4065429516779,0.30232419999993,288,512
000257.png,C:\Users\User\comp6001_assignment1\data\raw\gopro\blur\images\000257.png,C:\Users\User\comp6001_assignment1\data\raw\gopro\sharp\images\000257.png,medium_blur,17.99999237060547,17,27.869347176128848,0.8615560327298016,270.635784195529,C:\Users\User\comp6001_assignment1\data\processed\deblurred_gopro\wiener\000257.png,16.05141058323898,0.2970819460235471,1994.9722333115835,0.18576990000019578,C:\Users\User\comp6001_assignment1\data\processed\deblurred_gopro\richardson_lucy\000257.png,24.666464040717134,0.7718520110826489,311.7404100584028,0.27309650000006513,288,512
000335.png,C:\Users\User\comp6001_assignment1\data\raw\gopro\blur\images\000335.png,C:\Users\User\comp6001_assignment1\data\raw\gopro\sharp\images\000335.png,high_blur,-87.0,21,32.12282916336839,0.9384198599789677,53.09948752820491,C:\Users\User\comp6001_assignment1\data\processed\deblurred_gopro\wiener\000335.png,17.971641463014933,0.3479383876337125,470.46786206132833,0.20043310000073689,C:\Users\User\comp6001_assignment1\data\processed\deblurred_gopro\richardson_lucy\000335.png,26.848574425303106,0.8161501245337033,74.23874265157882,0.32654510000065784,288,512
000061.png,C:\Users\User\comp6001_assignment1\data\raw\gopro\blur\images\000061.png,C:\Users\User\comp6001_assignment1\data\raw\gopro\sharp\images\000061.png,medium_blur,-9.000007629394531,17,27.217983798367463,0.9186998666039853,286.8865190434879,C:\Users\User\comp6001_assignment1\data\processed\deblurred_gopro\wiener\000061.png,16.47754146586029,0.42939527353230184,1648.7758642698143,0.18184910000036325,C:\Users\User\comp6001_assignment1\data\processed\deblurred_gopro\richardson_lucy\000061.png,23.233656270010584,0.8115418487787034,476.4760949158651,0.31343050000032235,288,512
000324.png,C:\Users\User\comp6001_assignment1\data\raw\gopro\blur\images\000324.png,C:\Users\User\comp6001_assignment1\data\raw\gopro\sharp\images\000324.png,high_blur,0.0,21,26.43273991241164,0.8011605925314108,18.165957369738152,C:\Users\User\comp6001_assignment1\data\processed\deblurred_gopro\wiener\000324.png,17.171182709733355,0.35643290894932994,164.09070571098061,0.19398910000018077,C:\Users\User\comp6001_assignment1\data\processed\deblurred_gopro\richardson_lucy\000324.png,23.215279581867435,0.6717959469464105,23.4116173978481,0.2756011000001308,288,512
002127.png,C:\Users\User\comp6001_assignment1\data\raw\gopro\blur\images\002127.png,C:\Users\User\comp6001_assignment1\data\raw\gopro\sharp\images\002127.png,medium_blur,-3.5000076293945312,17,34.36259618916382,0.9466003821933198,182.96559211496765,C:\Users\User\comp6001_assignment1\data\processed\deblurred_gopro\wiener\002127.png,17.46939335307551,0.3384973948356463,918.1532027610568,0.18975289999980305,C:\Users\User\comp6001_assignment1\data\processed\deblurred_gopro\richardson_lucy\002127.png,24.726635072377093,0.7815733463025291,304.7479123340253,0.27987670000038634,288,512
000093.png,C:\Users\User\comp6001_assignment1\data\raw\gopro\blur\images\000093.png,C:\Users\User\comp6001_assignment1\data\raw\gopro\sharp\images\000093.png,high_blur,-6.0,21,24.314346923365623,0.808499182480511,94.37051672033137,C:\Users\User\comp6001_assignment1\data\processed\deblurred_gopro\wiener\000093.png,16.750833198988865,0.40545862821517825,1313.384489743614,0.17940980000003037,C:\Users\User\comp6001_assignment1\data\processed\deblurred_gopro\richardson_lucy\000093.png,22.298335761159272,0.7305637120750371,148.35490816537248,0.3225657000002684,288,512
000992.png,C:\Users\User\comp6001_assignment1\data\raw\gopro\blur\images\000992.png,C:\Users\User\comp6001_assignment1\data\raw\gopro\sharp\images\000992.png,low_blur,-1.0,13,31.71422343555811,0.9520439972690181,360.67089659785046,C:\Users\User\comp6001_assignment1\data\processed\deblurred_gopro\wiener\000992.png,15.927128249085282,0.2304186004023304,2062.1352155535587,0.1912320000001273,C:\Users\User\comp6001_assignment1\data\processed\deblurred_gopro\richardson_lucy\000992.png,24.416992998404314,0.7731432660063816,476.75665245117773,0.2774075000006633,288,512
001354.png,C:\Users\User\comp6001_assignment1\data\raw\gopro\blur\images\001354.png,C:\Users\User\comp6001_assignment1\data\raw\gopro\sharp\images\001354.png,low_blur,-9.000007629394531,13,31.11958869845636,0.9468487825274782,606.7437603722016,C:\Users\User\comp6001_assignment1\data\processed\deblurred_gopro\wiener\001354.png,14.222627639026193,0.2119494293607563,4325.889459308604,0.16787579999981972,C:\Users\User\comp6001_assignment1\data\processed\deblurred_gopro\richardson_lucy\001354.png,22.751981367878575,0.7528671463767923,890.9974549920009,0.2793143999997483,288,512
000637.png,C:\Users\User\comp6001_assignment1\data\raw\gopro\blur\images\000637.png,C:\Users\User\comp6001_assignment1\data\raw\gopro\sharp\images\000637.png,medium_blur,-12.0,17,27.479497259275895,0.8893002807584557,262.03860805648156,C:\Users\User\comp6001_assignment1\data\processed\deblurred_gopro\wiener\000637.png,14.145767400033321,0.14683584273838876,2022.3634269148756,0.19704249999995227,C:\Users\User\comp6001_assignment1\data\processed\deblurred_gopro\richardson_lucy\000637.png,21.16007820737879,0.6457236938015017,406.49672387259795,0.3041528000003382,288,512
002885.png,C:\Users\User\comp6001_assignment1\data\raw\gopro\blur\images\002885.png,C:\Users\User\comp6001_assignment1\data\raw\gopro\sharp\images\002885.png,high_blur,-5.000007629394531,17,27.206459166420622,0.8669353666341596,212.50760917820864,C:\Users\User\comp6001_assignment1\data\processed\deblurred_gopro\wiener\002885.png,13.995315298095266,0.2421419343998674,1473.0815918561484,0.1931613999995534,C:\Users\User\comp6001_assignment1\data\processed\deblurred_gopro\richardson_lucy\002885.png,21.075275530748684,0.6878780996110322,279.5472629024291,0.3116989000000103,288,512
000193.png,C:\Users\User\comp6001_assignment1\data\raw\gopro\blur\images\000193.png,C:\Users\User\comp6001_assignment1\data\raw\gopro\sharp\images\000193.png,medium_blur,0.9999923706054688,17,20.178673501580757,0.45120992923503095,160.35903590402484,C:\Users\User\comp6001_assignment1\data\processed\deblurred_gopro\wiener\000193.png,16.266213886630624,0.21924590168119973,1204.433599312364,0.19170159999976022,C:\Users\User\comp6001_assignment1\data\processed\deblurred_gopro\richardson_lucy\000193.png,19.847564909395533,0.4244101605378144,190.18534327712325,0.2702692000002571,288,512
002146.png,C:\Users\User\comp6001_assignment1\data\raw\gopro\blur\images\002146.png,C:\Users\User\comp6001_assignment1\data\raw\gopro\sharp\images\002146.png,medium_blur,-4.000007629394531,17,33.5698527893912,0.9582170898507956,246.61962595908543,C:\Users\User\comp6001_assignment1\data\processed\deblurred_gopro\wiener\002146.png,16.058398924850234,0.29003454384050825,1469.9153686097745,0.18772189999981492,C:\Users\User\comp6001_assignment1\data\processed\deblurred_gopro\richardson_lucy\002146.png,23.62050683900719,0.7705066994596113,405.7660294980455,0.25831710000056773,288,512
000749.png,C:\Users\User\comp6001_assignment1\data\raw\gopro\blur\images\000749.png,C:\Users\User\comp6001_assignment1\data\raw\gopro\sharp\images\000749.png,high_blur,2.9999923706054688,17,22.825547139177512,0.6891517279253,107.68947994249103,C:\Users\User\comp6001_assignment1\data\processed\deblurred_gopro\wiener\000749.png,16.780338300310557,0.2771556668506017,730.7387007855707,0.227091400000063,C:\Users\User\comp6001_assignment1\data\processed\deblurred_gopro\richardson_lucy\000749.png,21.648375269949987,0.622880424055536,140.71434552760587,0.30392250000022614,288,512
001317.png,C:\Users\User\comp6001_assignment1\data\raw\gopro\blur\images\001317.png,C:\Users\User\comp6001_assignment1\data\raw\gopro\sharp\images\001317.png,low_blur,-3.0000076293945312,13,29.589848763770725,0.938484375247581,535.8510591319681,C:\Users\User\comp6001_assignment1\data\processed\deblurred_gopro\wiener\001317.png,14.332061244749914,0.20937564409934026,3068.4004402291257,0.20771000000058848,C:\Users\User\comp6001_assignment1\data\processed\deblurred_gopro\richardson_lucy\001317.png,22.137665237443866,0.7358295475462651,696.0929369396634,0.2880906000000323,288,512
000337.png,C:\Users\User\comp6001_assignment1\data\raw\gopro\blur\images\000337.png,C:\Users\User\comp6001_assignment1\data\raw\gopro\sharp\images\000337.png,high_blur,-7.0,21,28.14629542718381,0.8692985338976295,32.68848084368639,C:\Users\User\comp6001_assignment1\data\processed\deblurred_gopro\wiener\000337.png,17.68310659113325,0.3140481683707581,330.644064001831,0.20667109999976674,C:\Users\User\comp6001_assignment1\data\processed\deblurred_gopro\richardson_lucy\000337.png,23.453872110054938,0.7285089065103119,54.561439274085906,0.3158982000004471,288,512
000261.png,C:\Users\User\comp6001_assignment1\data\raw\gopro\blur\images\000261.png,C:\Users\User\comp6001_assignment1\data\raw\gopro\sharp\images\000261.png,medium_blur,8.499996185302734,17,24.141452962634897,0.7228511143957776,203.59973952942244,C:\Users\User\comp6001_assignment1\data\processed\deblurred_gopro\wiener\000261.png,18.06333632906469,0.40260838358244816,1669.5159913433463,0.2012457999999242,C:\Users\User\comp6001_assignment1\data\processed\deblurred_gopro\richardson_lucy\000261.png,23.351865907695313,0.6956397318561948,388.0264034259742,0.3022589000001972,288,512
001374.png,C:\Users\User\comp6001_assignment1\data\raw\gopro\blur\images\001374.png,C:\Users\User\comp6001_assignment1\data\raw\gopro\sharp\images\001374.png,low_blur,-10.000007629394531,13,30.033717807133208,0.9401222930467977,441.44176539373996,C:\Users\User\comp6001_assignment1\data\processed\deblurred_gopro\wiener\001374.png,14.404187620045388,0.20476853137172238,3387.9646517545634,0.21483530000023165,C:\Users\User\comp6001_assignment1\data\processed\deblurred_gopro\richardson_lucy\001374.png,22.817976763155507,0.7536442971153264,666.9925739860369,0.3125945000001593,288,512
000971.png,C:\Users\User\comp6001_assignment1\data\raw\gopro\blur\images\000971.png,C:\Users\User\comp6001_assignment1\data\raw\gopro\sharp\images\000971.png,high_blur,-4.500007629394531,21,26.565113093720186,0.7903939419173319,104.90443063205409,C:\Users\User\comp6001_assignment1\data\processed\deblurred_gopro\wiener\000971.png,16.610647829977196,0.2545116018856139,1179.9722270080706,0.21103620000030787,C:\Users\User\comp6001_assignment1\data\processed\deblurred_gopro\richardson_lucy\000971.png,23.721944821428046,0.6785507533309879,186.56980725276614,0.3017743000000337,288,512
001382.png,C:\Users\User\comp6001_assignment1\data\raw\gopro\blur\images\001382.png,C:\Users\User\comp6001_assignment1\data\raw\gopro\sharp\images\001382.png,low_blur,-14.500007629394531,13,32.27782938446042,0.9644946861904747,626.2207138050853,C:\Users\User\comp6001_assignment1\data\processed\deblurred_gopro\wiener\001382.png,13.868841824863896,0.181404082851957,3830.042983024163,0.20712769999954617,C:\Users\User\comp6001_assignment1\data\processed\deblurred_gopro\richardson_lucy\001382.png,22.499414506249753,0.7560778029065571,829.8115065213707,0.32999650000056135,288,512
002889.png,C:\Users\User\comp6001_assignment1\data\raw\gopro\blur\images\002889.png,C:\Users\User\comp6001_assignment1\data\raw\gopro\sharp\images\002889.png,high_blur,-5.500003814697266,17,24.37414609799033,0.8052637514945475,162.7080522702064,C:\Users\User\comp6001_assignment1\data\processed\deblurred_gopro\wiener\002889.png,14.555015322543417,0.2500202282741652,1064.0504537394017,0.2479737000003297,C:\Users\User\comp6001_assignment1\data\processed\deblurred_gopro\richardson_lucy\002889.png,21.020835390005402,0.6809844839456846,281.2407193564706,0.3265417000002344,288,512
000111.png,C:\Users\User\comp6001_assignment1\data\raw\gopro\blur\images\000111.png,C:\Users\User\comp6001_assignment1\data\raw\gopro\sharp\images\000111.png,high_blur,-5.500003814697266,17,31.838977941642103,0.9446562767759129,193.0395320607924,C:\Users\User\comp6001_assignment1\data\processed\deblurred_gopro\wiener\000111.png,14.895708551621977,0.22613893255976322,1273.8811494840056,0.23403490000055172,C:\Users\User\comp6001_assignment1\data\processed\deblurred_gopro\richardson_lucy\000111.png,23.202846176777157,0.7481242092394257,317.8149309058524,0.3396947999999611,288,512
000713.png,C:\Users\User\comp6001_assignment1\data\raw\gopro\blur\images\000713.png,C:\Users\User\comp6001_assignment1\data\raw\gopro\sharp\images\000713.png,low_blur,0.0,13,29.822921340456134,0.92935051001177,336.29667823803095,C:\Users\User\comp6001_assignment1\data\processed\deblurred_gopro\wiener\000713.png,16.925177556268657,0.3226664186230373,1827.9124477659757,0.1989544999996724,C:\Users\User\comp6001_assignment1\data\processed\deblurred_gopro\richardson_lucy\000713.png,24.96478200202233,0.8110848328716046,451.20879937427827,0.31233829999928275,288,512
000546.png,C:\Users\User\comp6001_assignment1\data\raw\gopro\blur\images\000546.png,C:\Users\User\comp6001_assignment1\data\raw\gopro\sharp\images\000546.png,high_blur,-33.500003814697266,17,23.47488816801849,0.6402044803441238,116.17864515379438,C:\Users\User\comp6001_assignment1\data\processed\deblurred_gopro\wiener\000546.png,16.238285673167823,0.1999234873406667,931.6266752083635,0.23347399999966,C:\Users\User\comp6001_assignment1\data\processed\deblurred_gopro\richardson_lucy\000546.png,21.87256112999908,0.5578733468578154,138.6939286639293,0.2813369000004968,288,512
000723.png,C:\Users\User\comp6001_assignment1\data\raw\gopro\blur\images\000723.png,C:\Users\User\comp6001_assignment1\data\raw\gopro\sharp\images\000723.png,high_blur,-2.5000076293945312,17,20.893482909579113,0.5143435820390774,92.80138314138225,C:\Users\User\comp6001_assignment1\data\processed\deblurred_gopro\wiener\000723.png,16.373597590418978,0.24180917087533257,820.1691469791127,0.1990630999998757,C:\Users\User\comp6001_assignment1\data\processed\deblurred_gopro\richardson_lucy\000723.png,20.269167978710666,0.4676378943928843,110.9288635516976,0.2959846000003381,288,512
002116.png,C:\Users\User\comp6001_assignment1\data\raw\gopro\blur\images\002116.png,C:\Users\User\comp6001_assignment1\data\raw\gopro\sharp\images\002116.png,medium_blur,-2.5000076293945312,17,33.65244400018773,0.946694309515126,201.12500769543794,C:\Users\User\comp6001_assignment1\data\processed\deblurred_gopro\wiener\002116.png,17.404461583607105,0.3290956213390876,932.0307937661806,0.1834270999997898,C:\Users\User\comp6001_assignment1\data\processed\deblurred_gopro\richardson_lucy\002116.png,24.971265679250575,0.7800095793682776,325.3014430815791,0.29156849999981205,288,512
002807.png,C:\Users\User\comp6001_assignment1\data\raw\gopro\blur\images\002807.png,C:\Users\User\comp6001_assignment1\data\raw\gopro\sharp\images\002807.png,medium_blur,0.0,17,28.74167971018764,0.9058711869834289,337.0492215149196,C:\Users\User\comp6001_assignment1\data\processed\deblurred_gopro\wiener\002807.png,13.50797093498689,0.18276318344809842,1836.5000594720061,0.1869047000000137,C:\Users\User\comp6001_assignment1\data\processed\deblurred_gopro\richardson_lucy\002807.png,20.44234974344109,0.6656158015537604,448.2706321013838,0.29028480000033596,288,512
000599.png,C:\Users\User\comp6001_assignment1\data\raw\gopro\blur\images\000599.png,C:\Users\User\comp6001_assignment1\data\raw\gopro\sharp\images\000599.png,high_blur,-15.500007629394531,17,22.664496668265514,0.571098440675487,107.41803456893487,C:\Users\User\comp6001_assignment1\data\processed\deblurred_gopro\wiener\000599.png,17.529037519236084,0.21610076825697996,955.2811083859407,0.1957270000002609,C:\Users\User\comp6001_assignment1\data\processed\deblurred_gopro\richardson_lucy\000599.png,22.024059409907075,0.521566561861023,167.3216985783735,0.26486620000014227,288,512
002860.png,C:\Users\User\comp6001_assignment1\data\raw\gopro\blur\images\002860.png,C:\Users\User\comp6001_assignment1\data\raw\gopro\sharp\images\002860.png,medium_blur,-4.000007629394531,17,28.22610700155866,0.9213152504519545,306.46218110671566,C:\Users\User\comp6001_assignment1\data\processed\deblurred_gopro\wiener\002860.png,13.071821539944777,0.18966304984410778,2159.090589486477,0.20509649999985413,C:\Users\User\comp6001_assignment1\data\processed\deblurred_gopro\richardson_lucy\002860.png,20.63239347891669,0.6965943868157218,470.8577030630392,0.30282420000003185,288,512
000722.png,C:\Users\User\comp6001_assignment1\data\raw\gopro\blur\images\000722.png,C:\Users\User\comp6001_assignment1\data\raw\gopro\sharp\images\000722.png,low_blur,0.4999961853027344,13,25.70958217175143,0.8721621948097282,343.1933944311775,C:\Users\User\comp6001_assignment1\data\processed\deblurred_gopro\wiener\000722.png,16.11898788327889,0.30378588266791146,2323.572040266047,0.19730909999998403,C:\Users\User\comp6001_assignment1\data\processed\deblurred_gopro\richardson_lucy\000722.png,23.051642255312213,0.7598011490491023,414.19742105606906,0.2554614999999103,288,512
000682.png,C:\Users\User\comp6001_assignment1\data\raw\gopro\blur\images\000682.png,C:\Users\User\comp6001_assignment1\data\raw\gopro\sharp\images\000682.png,medium_blur,-13.000007629394531,17,24.366735190062006,0.7640829416924803,195.2428274618255,C:\Users\User\comp6001_assignment1\data\processed\deblurred_gopro\wiener\000682.png,16.739521903337206,0.2979445917818589,1693.2633589592613,0.21220790000006673,C:\Users\User\comp6001_assignment1\data\processed\deblurred_gopro\richardson_lucy\000682.png,22.447495612554768,0.6851466146753015,281.27715730956857,0.2605855000001611,288,512
000640.png,C:\Users\User\comp6001_assignment1\data\raw\gopro\blur\images\000640.png,C:\Users\User\comp6001_assignment1\data\raw\gopro\sharp\images\000640.png,medium_blur,-8.500007629394531,17,28.186918517273448,0.8949959338510881,198.92219622152643,C:\Users\User\comp6001_assignment1\data\processed\deblurred_gopro\wiener\000640.png,14.681958412786468,0.1912850956970545,1357.5740349351622,0.17612590000044293,C:\Users\User\comp6001_assignment1\data\processed\deblurred_gopro\richardson_lucy\000640.png,21.679579950765493,0.6680201416881656,264.5717373920352,0.29600530000061553,288,512
000974.png,C:\Users\User\comp6001_assignment1\data\raw\gopro\blur\images\000974.png,C:\Users\User\comp6001_assignment1\data\raw\gopro\sharp\images\000974.png,medium_blur,-7.500003814697266,17,30.221764928518517,0.9112715279203298,221.6767226941423,C:\Users\User\comp6001_assignment1\data\processed\deblurred_gopro\wiener\000974.png,16.00259472726979,0.2383624746419112,1894.433942721214,0.19564409999929921,C:\Users\User\comp6001_assignment1\data\processed\deblurred_gopro\richardson_lucy\000974.png,24.293771478577003,0.7423831626173295,363.94477425566237,0.28986750000058237,288,512
001336.png,C:\Users\User\comp6001_assignment1\data\raw\gopro\blur\images\001336.png,C:\Users\User\comp6001_assignment1\data\raw\gopro\sharp\images\001336.png,low_blur,-9.000007629394531,13,28.428625523448407,0.9178171009996564,410.03028960981305,C:\Users\User\comp6001_assignment1\data\processed\deblurred_gopro\wiener\001336.png,14.383305401651334,0.21915178766429153,3026.947602901194,0.20854370000051858,C:\Users\User\comp6001_assignment1\data\processed\deblurred_gopro\richardson_lucy\001336.png,22.22623794012055,0.7358859362107341,530.0339085106035,0.28617900000062946,288,512
000725.png,C:\Users\User\comp6001_assignment1\data\raw\gopro\blur\images\000725.png,C:\Users\User\comp6001_assignment1\data\raw\gopro\sharp\images\000725.png,low_blur,1.9999923706054688,17,25.56363418338282,0.8262585439549216,286.88366686837907,C:\Users\User\comp6001_assignment1\data\processed\deblurred_gopro\wiener\000725.png,14.704609240467306,0.2224939421905874,1592.8102542292556,0.2190230000005613,C:\Users\User\comp6001_assignment1\data\processed\deblurred_gopro\richardson_lucy\000725.png,22.237692951164178,0.6952380169289408,335.2506086240856,0.3246696999995038,288,512
000744.png,C:\Users\User\comp6001_assignment1\data\raw\gopro\blur\images\000744.png,C:\Users\User\comp6001_assignment1\data\raw\gopro\sharp\images\000744.png,medium_blur,-0.5,17,26.856044733179125,0.8593518405521384,233.80076961049144,C:\Users\User\comp6001_assignment1\data\processed\deblurred_gopro\wiener\000744.png,15.731038414529547,0.26954461066228835,1618.6378277759125,0.20624400000087917,C:\Users\User\comp6001_assignment1\data\processed\deblurred_gopro\richardson_lucy\000744.png,23.092836334776848,0.7322531266135887,301.69709174827113,0.2989005999997971,288,512
001377.png,C:\Users\User\comp6001_assignment1\data\raw\gopro\blur\images\001377.png,C:\Users\User\comp6001_assignment1\data\raw\gopro\sharp\images\001377.png,low_blur,-11.500003814697266,13,30.14208249297304,0.9394352390358156,441.8933461926142,C:\Users\User\comp6001_assignment1\data\processed\deblurred_gopro\wiener\001377.png,14.55738716702867,0.22859902946203867,3326.8099323759484,0.20288340000024618,C:\Users\User\comp6001_assignment1\data\processed\deblurred_gopro\richardson_lucy\001377.png,22.75173247371466,0.7523630625293382,675.8375301919879,0.3034896999997727,288,512
000138.png,C:\Users\User\comp6001_assignment1\data\raw\gopro\blur\images\000138.png,C:\Users\User\comp6001_assignment1\data\raw\gopro\sharp\images\000138.png,medium_blur,-31.500003814697266,17,28.17035969640283,0.9102303962341556,251.69716344897947,C:\Users\User\comp6001_assignment1\data\processed\deblurred_gopro\wiener\000138.png,13.965038652931067,0.13492590157386275,1541.6702786153755,0.20716140000058658,C:\Users\User\comp6001_assignment1\data\processed\deblurred_gopro\richardson_lucy\000138.png,22.118235298206134,0.6754241835099238,283.29071640522216,0.3169744000006176,288,512
002861.png,C:\Users\User\comp6001_assignment1\data\raw\gopro\blur\images\002861.png,C:\Users\User\comp6001_assignment1\data\raw\gopro\sharp\images\002861.png,medium_blur,-4.500007629394531,17,29.300321753901603,0.9343216597551662,327.0013571292806,C:\Users\User\comp6001_assignment1\data\processed\deblurred_gopro\wiener\002861.png,12.99002976647997,0.19385973555417793,2255.7492183508975,0.20511589999932767,C:\Users\User\comp6001_assignment1\data\processed\deblurred_gopro\richardson_lucy\002861.png,20.81777825283805,0.7052864064978451,495.12426556407667,0.3009996000000683,288,512
000653.png,C:\Users\User\comp6001_assignment1\data\raw\gopro\blur\images\000653.png,C:\Users\User\comp6001_assignment1\data\raw\gopro\sharp\images\000653.png,high_blur,0.0,21,23.974486300234865,0.7717370148722128,28.260216094645454,C:\Users\User\comp6001_assignment1\data\processed\deblurred_gopro\wiener\000653.png,19.296837348134833,0.529711059488312,193.7848799986144,0.20585550000032526,C:\Users\User\comp6001_assignment1\data\processed\deblurred_gopro\richardson_lucy\000653.png,23.36213604310135,0.7404191980145526,34.53228702074216,0.3034125000003769,288,512
000290.png,C:\Users\User\comp6001_assignment1\data\raw\gopro\blur\images\000290.png,C:\Users\User\comp6001_assignment1\data\raw\gopro\sharp\images\000290.png,low_blur,-5.000007629394531,13,26.487164908027225,0.8680093669386286,374.6976361572283,C:\Users\User\comp6001_assignment1\data\processed\deblurred_gopro\wiener\000290.png,14.701175117933907,0.20999371471974473,2818.071505122715,0.2040231999999378,C:\Users\User\comp6001_assignment1\data\processed\deblurred_gopro\richardson_lucy\000290.png,22.12396626315192,0.726021646348537,590.1029838321754,0.3002504999994926,288,512
002484.png,C:\Users\User\comp6001_assignment1\data\raw\gopro\blur\images\002484.png,C:\Users\User\comp6001_assignment1\data\raw\gopro\sharp\images\002484.png,high_blur,-20.00000762939453,21,24.809751477335595,0.7291617138429375,50.37141826344126,C:\Users\User\comp6001_assignment1\data\processed\deblurred_gopro\wiener\002484.png,16.79644431440423,0.24002464559569484,451.43754656663464,0.20032090000040625,C:\Users\User\comp6001_assignment1\data\processed\deblurred_gopro\richardson_lucy\002484.png,22.84221180967226,0.637689236305186,72.52176549625983,0.3060185999993337,288,512
000333.png,C:\Users\User\comp6001_assignment1\data\raw\gopro\blur\images\000333.png,C:\Users\User\comp6001_assignment1\data\raw\gopro\sharp\images\000333.png,high_blur,-6.5,21,22.108629819220265,0.668639802347946,9.010384869750265,C:\Users\User\comp6001_assignment1\data\processed\deblurred_gopro\wiener\000333.png,20.643059453592514,0.53517781562975,157.28920718986126,0.22461250000014843,C:\Users\User\comp6001_assignment1\data\processed\deblurred_gopro\richardson_lucy\000333.png,22.284983821810126,0.6546976799764601,13.604631501767374,0.3092495000000781,288,512
001304.png,C:\Users\User\comp6001_assignment1\data\raw\gopro\blur\images\001304.png,C:\Users\User\comp6001_assignment1\data\raw\gopro\sharp\images\001304.png,low_blur,-1.0,13,28.80316088696025,0.9270888626657122,496.3927257421116,C:\Users\User\comp6001_assignment1\data\processed\deblurred_gopro\wiener\001304.png,14.199815076607479,0.20000169617024197,2950.4278734655663,0.19366139999965526,C:\Users\User\comp6001_assignment1\data\processed\deblurred_gopro\richardson_lucy\001304.png,21.795965446078696,0.7199393432224558,650.7123141814437,0.2599880000007033,288,512
000625.png,C:\Users\User\comp6001_assignment1\data\raw\gopro\blur\images\000625.png,C:\Users\User\comp6001_assignment1\data\raw\gopro\sharp\images\000625.png,high_blur,0.0,17,25.41500062246293,0.8220414066947989,130.2761922640105,C:\Users\User\comp6001_assignment1\data\processed\deblurred_gopro\wiener\000625.png,15.759901890541588,0.19909901570984875,884.307621858692,0.18993419999969774,C:\Users\User\comp6001_assignment1\data\processed\deblurred_gopro\richardson_lucy\000625.png,21.564406576471725,0.6320805101700816,200.9150369386246,0.27979770000001736,288,512
002119.png,C:\Users\User\comp6001_assignment1\data\raw\gopro\blur\images\002119.png,C:\Users\User\comp6001_assignment1\data\raw\gopro\sharp\images\002119.png,medium_blur,0.0,17,32.30076093713731,0.9356111814482482,187.12187863716187,C:\Users\User\comp6001_assignment1\data\processed\deblurred_gopro\wiener\002119.png,17.21280850777694,0.3116113305556609,913.0829820498641,0.21130379999976867,C:\Users\User\comp6001_assignment1\data\processed\deblurred_gopro\richardson_lucy\002119.png,24.63103153089911,0.776505991103329,295.3597736884323,0.2672105999999985,288,512
000216.png,C:\Users\User\comp6001_assignment1\data\raw\gopro\blur\images\000216.png,C:\Users\User\comp6001_assignment1\data\raw\gopro\sharp\images\000216.png,medium_blur,1.4999923706054688,17,21.62666092755206,0.5509248136061892,176.53966499032612,C:\Users\User\comp6001_assignment1\data\processed\deblurred_gopro\wiener\000216.png,17.751987202381514,0.32207375577227243,1367.7642645791263,0.20042310000008,C:\Users\User\comp6001_assignment1\data\processed\deblurred_gopro\richardson_lucy\000216.png,21.25367041269897,0.5246981231283979,211.47520456472296,0.2637252000004082,288,512
002816.png,C:\Users\User\comp6001_assignment1\data\raw\gopro\blur\images\002816.png,C:\Users\User\comp6001_assignment1\data\raw\gopro\sharp\images\002816.png,medium_blur,-1.0,17,27.212225804145376,0.8744334251854727,301.7257910697824,C:\Users\User\comp6001_assignment1\data\processed\deblurred_gopro\wiener\002816.png,13.97261690539835,0.21931074974655143,1679.3083212717356,0.22208779999982653,C:\Users\User\comp6001_assignment1\data\processed\deblurred_gopro\richardson_lucy\002816.png,20.53786930611215,0.6767594279744881,389.2534757741716,0.31713550000040414,288,512
001338.png,C:\Users\User\comp6001_assignment1\data\raw\gopro\blur\images\001338.png,C:\Users\User\comp6001_assignment1\data\raw\gopro\sharp\images\001338.png,medium_blur,-5.000007629394531,17,26.056229172449616,0.8438286876255923,214.3729419472317,C:\Users\User\comp6001_assignment1\data\processed\deblurred_gopro\wiener\001338.png,14.271577253298828,0.19251510896195936,1883.44079026796,0.19403239999974176,C:\Users\User\comp6001_assignment1\data\processed\deblurred_gopro\richardson_lucy\001338.png,21.18023789906982,0.6714880699198948,342.8062555116176,0.3114651000005324,288,512
000645.png,C:\Users\User\comp6001_assignment1\data\raw\gopro\blur\images\000645.png,C:\Users\User\comp6001_assignment1\data\raw\gopro\sharp\images\000645.png,high_blur,5.0,21,28.309220641359325,0.8183500665068556,58.17466354255139,C:\Users\User\comp6001_assignment1\data\processed\deblurred_gopro\wiener\000645.png,19.472349348900693,0.43351233500183556,869.5483032574899,0.1913245999994615,C:\Users\User\comp6001_assignment1\data\processed\deblurred_gopro\richardson_lucy\000645.png,26.260872937008788,0.7616597784291897,84.88780917650388,0.26075010000022303,288,512
001006.png,C:\Users\User\comp6001_assignment1\data\raw\gopro\blur\images\001006.png,C:\Users\User\comp6001_assignment1\data\raw\gopro\sharp\images\001006.png,low_blur,0.0,9,34.59643409752403,0.9742958536505734,589.8717754674547,C:\Users\User\comp6001_assignment1\data\processed\deblurred_gopro\wiener\001006.png,16.485179649384797,0.3378326079236598,3349.5305053037987,0.2149583000000348,C:\Users\User\comp6001_assignment1\data\processed\deblurred_gopro\richardson_lucy\001006.png,25.055723099912687,0.8270072781275669,794.9675276713607,0.027431600000454637,288,512
000560.png,C:\Users\User\comp6001_assignment1\data\raw\gopro\blur\images\000560.png,C:\Users\User\comp6001_assignment1\data\raw\gopro\sharp\images\000560.png,high_blur,84.99998474121094,21,25.341884844540814,0.6559861916788252,14.350356932729483,C:\Users\User\comp6001_assignment1\data\processed\deblurred_gopro\wiener\000560.png,22.667817613411856,0.562324722528417,129.6278191920784,0.2094120000001567,C:\Users\User\comp6001_assignment1\data\processed\deblurred_gopro\richardson_lucy\000560.png,25.828443695817388,0.6773249240849144,26.96157967878713,0.27805609999995795,288,512
002856.png,C:\Users\User\comp6001_assignment1\data\raw\gopro\blur\images\002856.png,C:\Users\User\comp6001_assignment1\data\raw\gopro\sharp\images\002856.png,medium_blur,-2.5000076293945312,17,28.861018507561766,0.9268103929327903,317.4280935919119,C:\Users\User\comp6001_assignment1\data\processed\deblurred_gopro\wiener\002856.png,12.923847095462715,0.17989187620395716,1735.3783137091427,0.21376869999949122,C:\Users\User\comp6001_assignment1\data\processed\deblurred_gopro\richardson_lucy\002856.png,20.394787885457696,0.6877888069646522,422.5551410346395,0.32051809999938996,288,512
000646.png,C:\Users\User\comp6001_assignment1\data\raw\gopro\blur\images\000646.png,C:\Users\User\comp6001_assignment1\data\raw\gopro\sharp\images\000646.png,medium_blur,5.5,17,30.648971023845718,0.9072438957683527,122.24147640660775,C:\Users\User\comp6001_assignment1\data\processed\deblurred_gopro\wiener\000646.png,19.26732215473323,0.3763200096624895,1341.4851557523652,0.23189000000002125,C:\Users\User\comp6001_assignment1\data\processed\deblurred_gopro\richardson_lucy\000646.png,27.257305512606948,0.819527215966993,171.210044198566,0.32129470000018046,288,512
000079.png,C:\Users\User\comp6001_assignment1\data\raw\gopro\blur\images\000079.png,C:\Users\User\comp6001_assignment1\data\raw\gopro\sharp\images\000079.png,high_blur,-8.000007629394531,21,25.832985767468678,0.8733070199833818,106.75595389306545,C:\Users\User\comp6001_assignment1\data\processed\deblurred_gopro\wiener\000079.png,16.44196829194794,0.44243623582020514,650.9595918786009,0.2139473999995971,C:\Users\User\comp6001_assignment1\data\processed\deblurred_gopro\richardson_lucy\000079.png,22.772167160968927,0.782280333525585,162.37664652491608,0.3010826999998244,288,512
000030.png,C:\Users\User\comp6001_assignment1\data\raw\gopro\blur\images\000030.png,C:\Users\User\comp6001_assignment1\data\raw\gopro\sharp\images\000030.png,high_blur,-8.000007629394531,21,25.882687780233596,0.8636769528996537,98.28698678769996,C:\Users\User\comp6001_assignment1\data\processed\deblurred_gopro\wiener\000030.png,18.158072361202983,0.47470620975455474,636.4756159914406,0.2591582999993989,C:\Users\User\comp6001_assignment1\data\processed\deblurred_gopro\richardson_lucy\000030.png,23.657508973409954,0.7910365535589556,152.15220285450786,0.25827009999920847,288,512
000310.png,C:\Users\User\comp6001_assignment1\data\raw\gopro\blur\images\000310.png,C:\Users\User\comp6001_assignment1\data\raw\gopro\sharp\images\000310.png,low_blur,1.9999923706054688,17,19.967988559807893,0.6278841270640411,245.39007973997494,C:\Users\User\comp6001_assignment1\data\processed\deblurred_gopro\wiener\000310.png,15.264668376006721,0.3027960305030408,1624.5230182806652,0.22807920000013837,C:\Users\User\comp6001_assignment1\data\processed\deblurred_gopro\richardson_lucy\000310.png,19.194731546537906,0.5864340481779475,335.4723214569191,0.3563630999997258,288,512
001341.png,C:\Users\User\comp6001_assignment1\data\raw\gopro\blur\images\001341.png,C:\Users\User\comp6001_assignment1\data\raw\gopro\sharp\images\001341.png,low_blur,-8.000007629394531,9,32.80414400136446,0.9636219564291352,701.7287548228086,C:\Users\User\comp6001_assignment1\data\processed\deblurred_gopro\wiener\001341.png,15.187747990416229,0.31146049255370795,5167.722285995466,0.27451360000031855,C:\Users\User\comp6001_assignment1\data\processed\deblurred_gopro\richardson_lucy\001341.png,23.528869490077675,0.7956980420553244,1126.6101201860533,0.02465559999927791,288,512
000050.png,C:\Users\User\comp6001_assignment1\data\raw\gopro\blur\images\000050.png,C:\Users\User\comp6001_assignment1\data\raw\gopro\sharp\images\000050.png,high_blur,-10.000007629394531,17,24.789816981256937,0.8447883371155251,145.13431749741235,C:\Users\User\comp6001_assignment1\data\processed\deblurred_gopro\wiener\000050.png,17.173297409123677,0.4355242858990816,1135.3440548814372,0.2045511999995142,C:\Users\User\comp6001_assignment1\data\processed\deblurred_gopro\richardson_lucy\000050.png,22.598259961415398,0.7804586212949415,224.92900304767642,0.3025637000000643,288,512
001040.png,C:\Users\User\comp6001_assignment1\data\raw\gopro\blur\images\001040.png,C:\Users\User\comp6001_assignment1\data\raw\gopro\sharp\images\001040.png,low_blur,-4.000007629394531,13,30.523508620779452,0.9475766170533187,442.2954836767397,C:\Users\User\comp6001_assignment1\data\processed\deblurred_gopro\wiener\001040.png,14.695047228240885,0.20338606233818482,2466.190508498086,0.23436000000037893,C:\Users\User\comp6001_assignment1\data\processed\deblurred_gopro\richardson_lucy\001040.png,23.02684338492373,0.7464151689135546,582.1401350464625,0.31021180000061577,288,512
001032.png,C:\Users\User\comp6001_assignment1\data\raw\gopro\blur\images\001032.png,C:\Users\User\comp6001_assignment1\data\raw\gopro\sharp\images\001032.png,low_blur,0.4999961853027344,13,34.812454795649316,0.978450340053454,600.4335944917469,C:\Users\User\comp6001_assignment1\data\processed\deblurred_gopro\wiener\001032.png,14.435353138672314,0.1968347891070159,3206.6209976297378,0.22600409999995463,C:\Users\User\comp6001_assignment1\data\processed\deblurred_gopro\richardson_lucy\001032.png,23.264121747613547,0.7635320852273743,758.7919231549733,0.3040496000003259,288,512
000319.png,C:\Users\User\comp6001_assignment1\data\raw\gopro\blur\images\000319.png,C:\Users\User\comp6001_assignment1\data\raw\gopro\sharp\images\000319.png,low_blur,1.9999923706054688,17,21.043218702118946,0.7053760000461097,303.42321956153086,C:\Users\User\comp6001_assignment1\data\processed\deblurred_gopro\wiener\000319.png,14.359320263639974,0.25183333581425654,1979.244567522986,0.20558210000035615,C:\Users\User\comp6001_assignment1\data\processed\deblurred_gopro\richardson_lucy\000319.png,19.392464525436708,0.6207173925036263,397.3488622477025,0.30874930000027234,288,512
000166.png,C:\Users\User\comp6001_assignment1\data\raw\gopro\blur\images\000166.png,C:\Users\User\comp6001_assignment1\data\raw\gopro\sharp\images\000166.png,low_blur,-30.0,17,34.382201264195615,0.9694382122484363,390.9797187811338,C:\Users\User\comp6001_assignment1\data\processed\deblurred_gopro\wiener\000166.png,13.385115629432862,0.09170272129201924,2259.419753553645,0.17688790000011068,C:\Users\User\comp6001_assignment1\data\processed\deblurred_gopro\richardson_lucy\000166.png,22.203030301545557,0.6851457859551339,430.0104399643103,0.2800698000000921,288,512
000955.png,C:\Users\User\comp6001_assignment1\data\raw\gopro\blur\images\000955.png,C:\Users\User\comp6001_assignment1\data\raw\gopro\sharp\images\000955.png,high_blur,-2.0000076293945312,17,30.074820024410034,0.90514840540422,135.37339085446283,C:\Users\User\comp6001_assignment1\data\processed\deblurred_gopro\wiener\000955.png,16.84115804590997,0.260526314086102,797.7350642408852,0.2026960000002873,C:\Users\User\comp6001_assignment1\data\processed\deblurred_gopro\richardson_lucy\000955.png,24.314217231683305,0.7403495399224765,175.81643599892655,0.28986950000034994,288,512
000179.png,C:\Users\User\comp6001_assignment1\data\raw\gopro\blur\images\000179.png,C:\Users\User\comp6001_assignment1\data\raw\gopro\sharp\images\000179.png,medium_blur,-24.5,17,34.91623291599866,0.9689497424756056,320.5007917586668,C:\Users\User\comp6001_assignment1\data\processed\deblurred_gopro\wiener\000179.png,13.785019913575095,0.14381035929106964,2004.297524690444,0.20494909999979427,C:\Users\User\comp6001_assignment1\data\processed\deblurred_gopro\richardson_lucy\000179.png,22.992905492028875,0.7245987190902251,465.8275114816188,0.2647428000000218,288,512
000707.png,C:\Users\User\comp6001_assignment1\data\raw\gopro\blur\images\000707.png,C:\Users\User\comp6001_assignment1\data\raw\gopro\sharp\images\000707.png,medium_blur,-2.0000076293945312,17,28.850116585174042,0.8942131243244487,284.6155548873875,C:\Users\User\comp6001_assignment1\data\processed\deblurred_gopro\wiener\000707.png,15.694385382969834,0.2782710767835679,1463.4891805367333,0.20194249999985914,C:\Users\User\comp6001_assignment1\data\processed\deblurred_gopro\richardson_lucy\000707.png,23.950507505853235,0.7678002189436314,335.5166047147395,0.2944216999994751,288,512
000066.png,C:\Users\User\comp6001_assignment1\data\raw\gopro\blur\images\000066.png,C:\Users\User\comp6001_assignment1\data\raw\gopro\sharp\images\000066.png,medium_blur,-8.500007629394531,17,25.719685736074176,0.8637771579606213,249.97867221302457,C:\Users\User\comp6001_assignment1\data\processed\deblurred_gopro\wiener\000066.png,17.726610751033405,0.45881233681035466,1333.2872389091388,0.18178630000056728,C:\Users\User\comp6001_assignment1\data\processed\deblurred_gopro\richardson_lucy\000066.png,23.590065066914313,0.8085347721086363,441.78445008065967,0.2761913000003915,288,512
000142.png,C:\Users\User\comp6001_assignment1\data\raw\gopro\blur\images\000142.png,C:\Users\User\comp6001_assignment1\data\raw\gopro\sharp\images\000142.png,high_blur,-2.5000038146972656,17,25.351692405678,0.8295818386576924,151.91679558636235,C:\Users\User\comp6001_assignment1\data\processed\deblurred_gopro\wiener\000142.png,15.597724084103037,0.24920868696393306,812.7046890942679,0.18359179999970365,C:\Users\User\comp6001_assignment1\data\processed\deblurred_gopro\richardson_lucy\000142.png,22.62277845693402,0.6841006111846099,212.94243608562294,0.2866987000006702,288,512
002821.png,C:\Users\User\comp6001_assignment1\data\raw\gopro\blur\images\002821.png,C:\Users\User\comp6001_assignment1\data\raw\gopro\sharp\images\002821.png,low_blur,-2.0000076293945312,17,27.284967946170898,0.8844986517120583,362.0124371485946,C:\Users\User\comp6001_assignment1\data\processed\deblurred_gopro\wiener\002821.png,13.636877471423173,0.22217428676019788,1875.404779107298,0.20343700000012177,C:\Users\User\comp6001_assignment1\data\processed\deblurred_gopro\richardson_lucy\002821.png,20.530164610927443,0.6928184876456589,452.0581651771049,0.30340090000026976,288,512
000953.png,C:\Users\User\comp6001_assignment1\data\raw\gopro\blur\images\000953.png,C:\Users\User\comp6001_assignment1\data\raw\gopro\sharp\images\000953.png,high_blur,-0.5,21,29.890070853656056,0.9095706190975354,117.45105184738833,C:\Users\User\comp6001_assignment1\data\processed\deblurred_gopro\wiener\000953.png,15.735749244953013,0.220441471307939,648.2405453035493,0.2188638000006904,C:\Users\User\comp6001_assignment1\data\processed\deblurred_gopro\richardson_lucy\000953.png,23.291008733956833,0.7212965166066718,146.2336435637632,0.3330369999994218,288,512
002179.png,C:\Users\User\comp6001_assignment1\data\raw\gopro\blur\images\002179.png,C:\Users\User\comp6001_assignment1\data\raw\gopro\sharp\images\002179.png,low_blur,-5.000007629394531,17,36.13334673961526,0.9717265285348637,293.0229309863514,C:\Users\User\comp6001_assignment1\data\processed\deblurred_gopro\wiener\002179.png,16.007376599395105,0.2917849757480205,1809.0684667627017,0.24247430000013992,C:\Users\User\comp6001_assignment1\data\processed\deblurred_gopro\richardson_lucy\002179.png,24.245968679567195,0.7854645690902397,481.5167351826842,0.28279159999965486,288,512
001379.png,C:\Users\User\comp6001_assignment1\data\raw\gopro\blur\images\001379.png,C:\Users\User\comp6001_assignment1\data\raw\gopro\sharp\images\001379.png,low_blur,-12.0,13,29.615531652043067,0.9378254436945918,486.35340051146017,C:\Users\User\comp6001_assignment1\data\processed\deblurred_gopro\wiener\001379.png,14.416253184918691,0.2290976173962069,3541.3061733234354,0.19736439999996946,C:\Users\User\comp6001_assignment1\data\processed\deblurred_gopro\richardson_lucy\001379.png,22.472687216972368,0.7455617638771148,683.3585456498887,0.28344430000015564,288,512
000345.png,C:\Users\User\comp6001_assignment1\data\raw\gopro\blur\images\000345.png,C:\Users\User\comp6001_assignment1\data\raw\gopro\sharp\images\000345.png,high_blur,-7.0,21,26.372303715350203,0.7950044174600999,11.206580206015962,C:\Users\User\comp6001_assignment1\data\processed\deblurred_gopro\wiener\000345.png,20.340282024564516,0.4432618759771918,265.2755264441173,0.27631339999970805,C:\Users\User\comp6001_assignment1\data\processed\deblurred_gopro\richardson_lucy\000345.png,24.47687950479031,0.7402158861065132,18.542140786846474,0.43006510000031994,288,512
001313.png,C:\Users\User\comp6001_assignment1\data\raw\gopro\blur\images\001313.png,C:\Users\User\comp6001_assignment1\data\raw\gopro\sharp\images\001313.png,low_blur,-1.0,13,29.872280326461905,0.9398150259712877,506.0151593403685,C:\Users\User\comp6001_assignment1\data\processed\deblurred_gopro\wiener\001313.png,14.175543045574585,0.19423422857481668,3006.5494853609507,0.22887149999951362,C:\Users\User\comp6001_assignment1\data\processed\deblurred_gopro\richardson_lucy\001313.png,22.060687134210898,0.7318566123824795,662.4306662810714,0.3233308999997462,288,512
000276.png,C:\Users\User\comp6001_assignment1\data\raw\gopro\blur\images\000276.png,C:\Users\User\comp6001_assignment1\data\raw\gopro\sharp\images\000276.png,low_blur,14.999992370605469,13,26.584094355404133,0.8603511107602005,337.7877359356685,C:\Users\User\comp6001_assignment1\data\processed\deblurred_gopro\wiener\000276.png,15.923065180186102,0.24366282816289653,2441.4316454257496,0.253848399999697,C:\Users\User\comp6001_assignment1\data\processed\deblurred_gopro\richardson_lucy\000276.png,23.29620306931792,0.7377133350658296,446.68780877192813,0.35920249999981024,288,512
000631.png,C:\Users\User\comp6001_assignment1\data\raw\gopro\blur\images\000631.png,C:\Users\User\comp6001_assignment1\data\raw\gopro\sharp\images\000631.png,high_blur,-25.000001907348633,17,26.07213076845829,0.8169672449080602,141.86392874169496,C:\Users\User\comp6001_assignment1\data\processed\deblurred_gopro\wiener\000631.png,14.748841389799171,0.17391596546671173,1071.5263504538639,0.2918307999998433,C:\Users\User\comp6001_assignment1\data\processed\deblurred_gopro\richardson_lucy\000631.png,21.330943309225688,0.6165767243528066,201.22374106994195,0.3651386999999886,288,512
000307.png,C:\Users\User\comp6001_assignment1\data\raw\gopro\blur\images\000307.png,C:\Users\User\comp6001_assignment1\data\raw\gopro\sharp\images\000307.png,medium_blur,1.4999923706054688,17,19.95920448726912,0.6176834593797209,187.2954326128058,C:\Users\User\comp6001_assignment1\data\processed\deblurred_gopro\wiener\000307.png,16.265222830438198,0.33823080808158923,1245.3280954609313,0.3180379000004905,C:\Users\User\comp6001_assignment1\data\processed\deblurred_gopro\richardson_lucy\000307.png,19.758305526491224,0.5985851272815687,277.06996023539955,0.4059870000000956,288,512
000222.png,C:\Users\User\comp6001_assignment1\data\raw\gopro\blur\images\000222.png,C:\Users\User\comp6001_assignment1\data\raw\gopro\sharp\images\000222.png,medium_blur,0.4999961853027344,17,25.334472286746074,0.8009786571231601,250.9704372860307,C:\Users\User\comp6001_assignment1\data\processed\deblurred_gopro\wiener\000222.png,17.1906908355326,0.3730708924775638,1652.582728893485,0.18420900000000984,C:\Users\User\comp6001_assignment1\data\processed\deblurred_gopro\richardson_lucy\000222.png,23.345147883151036,0.7248959109462318,317.7398701551151,0.28712389999964216,288,512
000236.png,C:\Users\User\comp6001_assignment1\data\raw\gopro\blur\images\000236.png,C:\Users\User\comp6001_assignment1\data\raw\gopro\sharp\images\000236.png,high_blur,0.4999961853027344,17,24.31374379410746,0.7350815963009135,99.08315467760886,C:\Users\User\comp6001_assignment1\data\processed\deblurred_gopro\wiener\000236.png,18.789893337141347,0.46427095646965916,783.4793540077447,0.2114688000001479,C:\Users\User\comp6001_assignment1\data\processed\deblurred_gopro\richardson_lucy\000236.png,23.385077132147064,0.6928712698574553,125.10978994086203,0.293868100000509,288,512
001381.png,C:\Users\User\comp6001_assignment1\data\raw\gopro\blur\images\001381.png,C:\Users\User\comp6001_assignment1\data\raw\gopro\sharp\images\001381.png,low_blur,-14.000007629394531,13,30.99535010376934,0.9543804045586349,584.4998765372568,C:\Users\User\comp6001_assignment1\data\processed\deblurred_gopro\wiener\001381.png,14.0648083062074,0.19792527594462336,4045.8882905531364,0.2082224000005226,C:\Users\User\comp6001_assignment1\data\processed\deblurred_gopro\richardson_lucy\001381.png,22.503647108687414,0.7550979118874347,830.2992575019599,0.3107565999998769,288,512
000293.png,C:\Users\User\comp6001_assignment1\data\raw\gopro\blur\images\000293.png,C:\Users\User\comp6001_assignment1\data\raw\gopro\sharp\images\000293.png,medium_blur,-0.5,17,23.629066692806045,0.7184603002714388,209.69777580539204,C:\Users\User\comp6001_assignment1\data\processed\deblurred_gopro\wiener\000293.png,13.733628593886644,0.17614665734284554,1309.338636385024,0.2273633000004338,C:\Users\User\comp6001_assignment1\data\processed\deblurred_gopro\richardson_lucy\000293.png,20.55136641756119,0.5924075549990577,249.35134402133613,0.38684720000037487,288,512
000768.png,C:\Users\User\comp6001_assignment1\data\raw\gopro\blur\images\000768.png,C:\Users\User\comp6001_assignment1\data\raw\gopro\sharp\images\000768.png,medium_blur,-2.5000076293945312,17,25.927571337706933,0.8582577378298998,265.1089791485832,C:\Users\User\comp6001_assignment1\data\processed\deblurred_gopro\wiener\000768.png,15.609234261260736,0.2989709999613505,1529.1245684086543,0.20614040000054956,C:\Users\User\comp6001_assignment1\data\processed\deblurred_gopro\richardson_lucy\000768.png,22.47534342867647,0.7284030729125405,344.0852503592585,0.2778249000002688,288,512
002809.png,C:\Users\User\comp6001_assignment1\data\raw\gopro\blur\images\002809.png,C:\Users\User\comp6001_assignment1\data\raw\gopro\sharp\images\002809.png,low_blur,0.4999961853027344,13,29.922584930003794,0.9270219030160048,443.2036323741906,C:\Users\User\comp6001_assignment1\data\processed\deblurred_gopro\wiener\002809.png,14.077052753406198,0.22573931068512978,2396.972470851408,0.2193874999993568,C:\Users\User\comp6001_assignment1\data\processed\deblurred_gopro\richardson_lucy\002809.png,21.37593638633563,0.7173295027414673,588.721218307629,0.31479250000029424,288,512
000250.png,C:\Users\User\comp6001_assignment1\data\raw\gopro\blur\images\000250.png,C:\Users\User\comp6001_assignment1\data\raw\gopro\sharp\images\000250.png,high_blur,0.9999923706054688,17,23.378331996725397,0.6511186236586557,86.63939088582993,C:\Users\User\comp6001_assignment1\data\processed\deblurred_gopro\wiener\000250.png,19.37606862915601,0.43154104035140906,626.0762166468727,0.1839639999998326,C:\Users\User\comp6001_assignment1\data\processed\deblurred_gopro\richardson_lucy\000250.png,23.697203767957422,0.6676987378662121,120.2605120616471,0.2996366000006674,288,512
000767.png,C:\Users\User\comp6001_assignment1\data\raw\gopro\blur\images\000767.png,C:\Users\User\comp6001_assignment1\data\raw\gopro\sharp\images\000767.png,high_blur,-33.500003814697266,17,23.114433442664996,0.6642991398870913,116.7761975603615,C:\Users\User\comp6001_assignment1\data\processed\deblurred_gopro\wiener\000767.png,16.4224940707491,0.2725821331688419,1389.7481778549195,0.17398169999978563,C:\Users\User\comp6001_assignment1\data\processed\deblurred_gopro\richardson_lucy\000767.png,22.104954093357367,0.6133829026070879,183.98916542819805,0.2770559000000503,288,512
000728.png,C:\Users\User\comp6001_assignment1\data\raw\gopro\blur\images\000728.png,C:\Users\User\comp6001_assignment1\data\raw\gopro\sharp\images\000728.png,low_blur,0.9999923706054688,13,28.578315905674025,0.9249513082669053,559.3614976335731,C:\Users\User\comp6001_assignment1\data\processed\deblurred_gopro\wiener\000728.png,15.084128922723622,0.2387552681570372,3014.1316484841573,0.1698634000003949,C:\Users\User\comp6001_assignment1\data\processed\deblurred_gopro\richardson_lucy\000728.png,23.467622376864096,0.786090164565414,782.205477985657,0.31036779999976716,288,512
000072.png,C:\Users\User\comp6001_assignment1\data\raw\gopro\blur\images\000072.png,C:\Users\User\comp6001_assignment1\data\raw\gopro\sharp\images\000072.png,medium_blur,-9.500007629394531,17,29.88865907727563,0.950897356416589,316.82584586845314,C:\Users\User\comp6001_assignment1\data\processed\deblurred_gopro\wiener\000072.png,15.975790405522272,0.4059549642464603,1950.0649303892792,0.20321839999996882,C:\Users\User\comp6001_assignment1\data\processed\deblurred_gopro\richardson_lucy\000072.png,23.417336255822807,0.8303764944404923,515.7365905439688,0.313568600000508,288,512
000095.png,C:\Users\User\comp6001_assignment1\data\raw\gopro\blur\images\000095.png,C:\Users\User\comp6001_assignment1\data\raw\gopro\sharp\images\000095.png,low_blur,-6.0,13,26.98813001141761,0.9010114874717979,342.09161239305945,C:\Users\User\comp6001_assignment1\data\processed\deblurred_gopro\wiener\000095.png,18.36814947015251,0.46675963430887984,1997.4390006591047,0.23283619999983785,C:\Users\User\comp6001_assignment1\data\processed\deblurred_gopro\richardson_lucy\000095.png,24.919163579643758,0.8359191242053768,664.7798354621563,0.35377100000005157,288,512
000034.png,C:\Users\User\comp6001_assignment1\data\raw\gopro\blur\images\000034.png,C:\Users\User\comp6001_assignment1\data\raw\gopro\sharp\images\000034.png,high_blur,-7.0,17,26.239755792799293,0.8706044413811215,174.9769596258799,C:\Users\User\comp6001_assignment1\data\processed\deblurred_gopro\wiener\000034.png,16.87033192488848,0.4578922897823017,1187.2422205826015,0.2355227999996714,C:\Users\User\comp6001_assignment1\data\processed\deblurred_gopro\richardson_lucy\000034.png,23.253578410354336,0.7914951780173406,224.4524897630844,0.484281999999439,288,512
000260.png,C:\Users\User\comp6001_assignment1\data\raw\gopro\blur\images\000260.png,C:\Users\User\comp6001_assignment1\data\raw\gopro\sharp\images\000260.png,low_blur,22.99999237060547,17,27.496680669413575,0.8748312273936448,285.84547240627404,C:\Users\User\comp6001_assignment1\data\processed\deblurred_gopro\wiener\000260.png,15.366876331870147,0.21162713590563517,2228.2252411001627,0.22995579999951588,C:\Users\User\comp6001_assignment1\data\processed\deblurred_gopro\richardson_lucy\000260.png,23.86372867518682,0.7626472845923374,468.625269792514,0.3280224999998609,288,512
000205.png,C:\Users\User\comp6001_assignment1\data\raw\gopro\blur\images\000205.png,C:\Users\User\comp6001_assignment1\data\raw\gopro\sharp\images\000205.png,low_blur,-17.00000762939453,13,25.901268942695435,0.8443195762934786,421.3662553789716,C:\Users\User\comp6001_assignment1\data\processed\deblurred_gopro\wiener\000205.png,15.220513185462892,0.24164585545289807,3062.3331624517846,0.1911270999999033,C:\Users\User\comp6001_assignment1\data\processed\deblurred_gopro\richardson_lucy\000205.png,23.174958487356044,0.7392107330654211,592.7750734862998,0.2998587999991287,288,512
000552.png,C:\Users\User\comp6001_assignment1\data\raw\gopro\blur\images\000552.png,C:\Users\User\comp6001_assignment1\data\raw\gopro\sharp\images\000552.png,medium_blur,3.9999923706054688,17,24.4441116148636,0.7451866785228813,276.65082014766006,C:\Users\User\comp6001_assignment1\data\processed\deblurred_gopro\wiener\000552.png,15.361942359066775,0.22120443868687115,2305.916199458924,0.25769560000026104,C:\Users\User\comp6001_assignment1\data\processed\deblurred_gopro\richardson_lucy\000552.png,22.07700861635443,0.650083168210497,413.7448112629354,0.3624415999993289,288,512
002844.png,C:\Users\User\comp6001_assignment1\data\raw\gopro\blur\images\002844.png,C:\Users\User\comp6001_assignment1\data\raw\gopro\sharp\images\002844.png,medium_blur,-4.000007629394531,17,26.06251594478124,0.8907789160984482,326.1362669085279,C:\Users\User\comp6001_assignment1\data\processed\deblurred_gopro\wiener\002844.png,13.049041320612154,0.1936552015991253,2120.351237786957,0.24189500000011321,C:\Users\User\comp6001_assignment1\data\processed\deblurred_gopro\richardson_lucy\002844.png,19.953649500473073,0.6705592944759249,503.4646187622882,0.36683629999970435,288,512
002144.png,C:\Users\User\comp6001_assignment1\data\raw\gopro\blur\images\002144.png,C:\Users\User\comp6001_assignment1\data\raw\gopro\sharp\images\002144.png,medium_blur,-4.000007629394531,17,33.57496270289652,0.9544480635621113,232.0112729200887,C:\Users\User\comp6001_assignment1\data\processed\deblurred_gopro\wiener\002144.png,16.218696881425902,0.2937594161036428,1405.1836479383028,0.24437349999971048,C:\Users\User\comp6001_assignment1\data\processed\deblurred_gopro\richardson_lucy\002144.png,23.665290113296997,0.7666866270016531,378.0313066916977,0.3351978999999119,288,512
000078.png,C:\Users\User\comp6001_assignment1\data\raw\gopro\blur\images\000078.png,C:\Users\User\comp6001_assignment1\data\raw\gopro\sharp\images\000078.png,high_blur,-8.000007629394531,17,23.700687527453283,0.7982512947389396,139.4919353236019,C:\Users\User\comp6001_assignment1\data\processed\deblurred_gopro\wiener\000078.png,16.250467310222458,0.4219099477575748,875.1697253296036,0.21545160000005126,C:\Users\User\comp6001_assignment1\data\processed\deblurred_gopro\richardson_lucy\000078.png,21.285124502678187,0.7065100870634001,174.27990038191643,0.30173869999998715,288,512
000085.png,C:\Users\User\comp6001_assignment1\data\raw\gopro\blur\images\000085.png,C:\Users\User\comp6001_assignment1\data\raw\gopro\sharp\images\000085.png,high_blur,-8.000007629394531,21,22.109669951095483,0.7008614477947681,44.29620288845933,C:\Users\User\comp6001_assignment1\data\processed\deblurred_gopro\wiener\000085.png,17.657061808651587,0.4189874580344061,721.2083571773528,0.22644169999966834,C:\Users\User\comp6001_assignment1\data\processed\deblurred_gopro\richardson_lucy\000085.png,21.298583030347643,0.6630180523916801,59.43839411929619,0.30024869999942894,288,512
002122.png,C:\Users\User\comp6001_assignment1\data\raw\gopro\blur\images\002122.png,C:\Users\User\comp6001_assignment1\data\raw\gopro\sharp\images\002122.png,low_blur,-1.5000038146972656,13,36.02838769093084,0.9677646311230385,275.50402233262116,C:\Users\User\comp6001_assignment1\data\processed\deblurred_gopro\wiener\002122.png,17.96632461171175,0.3749208163882443,1314.5685909837482,0.20312229999944975,C:\Users\User\comp6001_assignment1\data\processed\deblurred_gopro\richardson_lucy\002122.png,25.512288684599437,0.8208704738327658,415.1865819721585,0.29820589999962976,288,512
000083.png,C:\Users\User\comp6001_assignment1\data\raw\gopro\blur\images\000083.png,C:\Users\User\comp6001_assignment1\data\raw\gopro\sharp\images\000083.png,high_blur,-7.500003814697266,21,24.612123258127568,0.8288297032146356,86.36312701263361,C:\Users\User\comp6001_assignment1\data\processed\deblurred_gopro\wiener\000083.png,17.54515424795472,0.4508609335643774,688.8689608632782,0.21125930000016524,C:\Users\User\comp6001_assignment1\data\processed\deblurred_gopro\richardson_lucy\000083.png,22.58926499755956,0.7665288329644676,155.55515900291044,0.33262740000009217,288,512
000577.png,C:\Users\User\comp6001_assignment1\data\raw\gopro\blur\images\000577.png,C:\Users\User\comp6001_assignment1\data\raw\gopro\sharp\images\000577.png,high_blur,0.0,21,21.75020408187496,0.49913351825582103,57.36123668443825,C:\Users\User\comp6001_assignment1\data\processed\deblurred_gopro\wiener\000577.png,16.795867791970494,0.25324476426502474,322.7679693603222,0.22754039999927045,C:\Users\User\comp6001_assignment1\data\processed\deblurred_gopro\richardson_lucy\000577.png,20.823295315151256,0.4610174683110669,63.92576011569227,0.3424782000001869,288,512
002812.png,C:\Users\User\comp6001_assignment1\data\raw\gopro\blur\images\002812.png,C:\Users\User\comp6001_assignment1\data\raw\gopro\sharp\images\002812.png,medium_blur,0.0,17,28.586769834212614,0.8968699773329023,343.4102141521871,C:\Users\User\comp6001_assignment1\data\processed\deblurred_gopro\wiener\002812.png,13.613646600710949,0.19245070744167603,1867.8404020615562,0.23013040000023466,C:\Users\User\comp6001_assignment1\data\processed\deblurred_gopro\richardson_lucy\002812.png,20.704051809294736,0.6766764443243402,450.8112821827332,0.31583520000003773,288,512
000634.png,C:\Users\User\comp6001_assignment1\data\raw\gopro\blur\images\000634.png,C:\Users\User\comp6001_assignment1\data\raw\gopro\sharp\images\000634.png,medium_blur,-21.50000762939453,17,29.521568952669938,0.9228739888091898,251.8753587918149,C:\Users\User\comp6001_assignment1\data\processed\deblurred_gopro\wiener\000634.png,14.062266432128645,0.1538867040486791,1676.8313439922567,0.22220550000020012,C:\Users\User\comp6001_assignment1\data\processed\deblurred_gopro\richardson_lucy\000634.png,21.406049609655664,0.6669745593717592,342.46873475404254,0.3010121999996045,288,512
000742.png,C:\Users\User\comp6001_assignment1\data\raw\gopro\blur\images\000742.png,C:\Users\User\comp6001_assignment1\data\raw\gopro\sharp\images\000742.png,high_blur,0.9999923706054688,17,23.970357401241028,0.7320191128136337,150.3969854629702,C:\Users\User\comp6001_assignment1\data\processed\deblurred_gopro\wiener\000742.png,18.290671718420388,0.40010421715330075,1157.4918663485182,0.20644519999950717,C:\Users\User\comp6001_assignment1\data\processed\deblurred_gopro\richardson_lucy\000742.png,23.019006894757823,0.6887149167093686,211.3105874491602,0.30808800000068004,288,512
001308.png,C:\Users\User\comp6001_assignment1\data\raw\gopro\blur\images\001308.png,C:\Users\User\comp6001_assignment1\data\raw\gopro\sharp\images\001308.png,low_blur,-2.5000076293945312,9,29.68774374701891,0.9491090904830152,732.5037583414419,C:\Users\User\comp6001_assignment1\data\processed\deblurred_gopro\wiener\001308.png,15.186374949881177,0.2913715071513974,4566.362348192222,0.2102908999995634,C:\Users\User\comp6001_assignment1\data\processed\deblurred_gopro\richardson_lucy\001308.png,22.824814248473114,0.7757574534142946,982.035844069756,0.024509500000021944,288,512
000727.png,C:\Users\User\comp6001_assignment1\data\raw\gopro\blur\images\000727.png,C:\Users\User\comp6001_assignment1\data\raw\gopro\sharp\images\000727.png,medium_blur,2.4999923706054688,17,24.987357485748266,0.8126735569141119,257.9372519105673,C:\Users\User\comp6001_assignment1\data\processed\deblurred_gopro\wiener\000727.png,15.707322038283158,0.29002283765653897,1584.1081827874814,0.20737189999999828,C:\Users\User\comp6001_assignment1\data\processed\deblurred_gopro\richardson_lucy\000727.png,22.363648103321157,0.7045540983222769,341.589243132713,0.3179692999992767,288,512
000308.png,C:\Users\User\comp6001_assignment1\data\raw\gopro\blur\images\000308.png,C:\Users\User\comp6001_assignment1\data\raw\gopro\sharp\images\000308.png,low_blur,1.4999923706054688,17,19.20344825577058,0.5780540148384138,211.81762660869663,C:\Users\User\comp6001_assignment1\data\processed\deblurred_gopro\wiener\000308.png,16.928141616297914,0.3914335088739152,1340.125952597707,0.20674249999956373,C:\Users\User\comp6001_assignment1\data\processed\deblurred_gopro\richardson_lucy\000308.png,19.63296053515817,0.5932635254586328,316.14504388411655,0.3167388000001665,288,512
000006.png,C:\Users\User\comp6001_assignment1\data\raw\gopro\blur\images\000006.png,C:\Users\User\comp6001_assignment1\data\raw\gopro\sharp\images\000006.png,high_blur,-6.5,21,26.818049963340016,0.8828488792383128,120.52314858506492,C:\Users\User\comp6001_assignment1\data\processed\deblurred_gopro\wiener\000006.png,16.71770798939134,0.39286235243867296,1270.1774821773997,0.2251274000000194,C:\Users\User\comp6001_assignment1\data\processed\deblurred_gopro\richardson_lucy\000006.png,23.47269304687597,0.787701348781351,182.2346664832238,0.33200250000027154,288,512
002175.png,C:\Users\User\comp6001_assignment1\data\raw\gopro\blur\images\002175.png,C:\Users\User\comp6001_assignment1\data\raw\gopro\sharp\images\002175.png,low_blur,-5.500003814697266,13,36.83464152729041,0.9775189069801334,306.25406618687657,C:\Users\User\comp6001_assignment1\data\processed\deblurred_gopro\wiener\002175.png,16.801927697016964,0.35229898658139,2040.132523310359,0.22885060000044177,C:\Users\User\comp6001_assignment1\data\processed\deblurred_gopro\richardson_lucy\002175.png,24.784914629557196,0.8047109511595819,519.3326043486595,0.31369720000020607,288,512
000105.png,C:\Users\User\comp6001_assignment1\data\raw\gopro\blur\images\000105.png,C:\Users\User\comp6001_assignment1\data\raw\gopro\sharp\images\000105.png,medium_blur,-6.5,17,35.4083419959723,0.9714777869051044,304.23215499405325,C:\Users\User\comp6001_assignment1\data\processed\deblurred_gopro\wiener\000105.png,14.324730719069429,0.2309859946545388,1871.5288688275093,0.23466859999916778,C:\Users\User\comp6001_assignment1\data\processed\deblurred_gopro\richardson_lucy\000105.png,23.070006218551733,0.7647350941418689,450.67100540723334,0.29328829999940353,288,512
000098.png,C:\Users\User\comp6001_assignment1\data\raw\gopro\blur\images\000098.png,C:\Users\User\comp6001_assignment1\data\raw\gopro\sharp\images\000098.png,low_blur,-5.000007629394531,13,30.34143995696471,0.9573809041224113,435.7539618110491,C:\Users\User\comp6001_assignment1\data\processed\deblurred_gopro\wiener\000098.png,16.677023339742497,0.3804663405284839,2783.764991014046,0.23740540000017063,C:\Users\User\comp6001_assignment1\data\processed\deblurred_gopro\richardson_lucy\000098.png,24.73380807815036,0.8455062150656959,818.5851007434595,0.3016679000002114,288,512
000295.png,C:\Users\User\comp6001_assignment1\data\raw\gopro\blur\images\000295.png,C:\Users\User\comp6001_assignment1\data\raw\gopro\sharp\images\000295.png,medium_blur,-1.0,17,22.82663408685155,0.6714310388958155,241.77820642623635,C:\Users\User\comp6001_assignment1\data\processed\deblurred_gopro\wiener\000295.png,13.932915164458368,0.18036815501468917,1335.2423160767385,0.1963805000004868,C:\Users\User\comp6001_assignment1\data\processed\deblurred_gopro\richardson_lucy\000295.png,20.296985846777602,0.5594557700480821,278.4469617250157,0.3078646000003573,288,512
002166.png,C:\Users\User\comp6001_assignment1\data\raw\gopro\blur\images\002166.png,C:\Users\User\comp6001_assignment1\data\raw\gopro\sharp\images\002166.png,medium_blur,-6.5,17,31.396157838411924,0.9379656870398296,181.68642873891892,C:\Users\User\comp6001_assignment1\data\processed\deblurred_gopro\wiener\002166.png,16.229822120738177,0.30851798986391477,1119.0870973345952,0.23700749999989057,C:\Users\User\comp6001_assignment1\data\processed\deblurred_gopro\richardson_lucy\002166.png,23.81096820843288,0.7625756218285424,322.3230978768825,0.3493422000001374,288,512
000699.png,C:\Users\User\comp6001_assignment1\data\raw\gopro\blur\images\000699.png,C:\Users\User\comp6001_assignment1\data\raw\gopro\sharp\images\000699.png,medium_blur,-3.0000076293945312,17,24.97343971891391,0.7948176844179345,190.71633798380694,C:\Users\User\comp6001_assignment1\data\processed\deblurred_gopro\wiener\000699.png,17.137889610797206,0.35500995424580467,1163.7844079070621,0.2165407000002233,C:\Users\User\comp6001_assignment1\data\processed\deblurred_gopro\richardson_lucy\000699.png,23.0284058498152,0.7230296563116215,256.3492528924512,0.33333029999994324,288,512
002501.png,C:\Users\User\comp6001_assignment1\data\raw\gopro\blur\images\002501.png,C:\Users\User\comp6001_assignment1\data\raw\gopro\sharp\images\002501.png,high_blur,-4.000007629394531,21,25.92557728963296,0.7342620477940353,53.30020775356227,C:\Users\User\comp6001_assignment1\data\processed\deblurred_gopro\wiener\002501.png,19.39348545630867,0.37358728601942826,563.8718683388497,0.24502969999957713,C:\Users\User\comp6001_assignment1\data\processed\deblurred_gopro\richardson_lucy\002501.png,25.220536904591736,0.700936345448144,110.22045349702239,0.33087950000026467,288,512
000282.png,C:\Users\User\comp6001_assignment1\data\raw\gopro\blur\images\000282.png,C:\Users\User\comp6001_assignment1\data\raw\gopro\sharp\images\000282.png,medium_blur,0.9999923706054688,17,23.834978070236335,0.6991541268002651,156.7993560615513,C:\Users\User\comp6001_assignment1\data\processed\deblurred_gopro\wiener\000282.png,18.68257321344753,0.4288904642970415,1145.4506153484554,0.26731440000003204,C:\Users\User\comp6001_assignment1\data\processed\deblurred_gopro\richardson_lucy\000282.png,22.953585727666397,0.6661242372194597,222.8907753125661,0.34472050000022136,288,512
000267.png,C:\Users\User\comp6001_assignment1\data\raw\gopro\blur\images\000267.png,C:\Users\User\comp6001_assignment1\data\raw\gopro\sharp\images\000267.png,low_blur,20.99999237060547,13,32.44051041684542,0.9480346033977834,434.3515369391276,C:\Users\User\comp6001_assignment1\data\processed\deblurred_gopro\wiener\000267.png,16.299984504980124,0.29138803744492764,2912.4766012591617,0.21939980000024661,C:\Users\User\comp6001_assignment1\data\processed\deblurred_gopro\richardson_lucy\000267.png,25.54900342032781,0.8157068604924835,610.2750551630226,0.32881369999995513,288,512
001363.png,C:\Users\User\comp6001_assignment1\data\raw\gopro\blur\images\001363.png,C:\Users\User\comp6001_assignment1\data\raw\gopro\sharp\images\001363.png,low_blur,-4.000007629394531,9,29.908479728099238,0.9432992037816404,685.9754872844543,C:\Users\User\comp6001_assignment1\data\processed\deblurred_gopro\wiener\001363.png,15.444580972112078,0.3162975869856019,4387.010884902361,0.23494029999983468,C:\Users\User\comp6001_assignment1\data\processed\deblurred_gopro\richardson_lucy\001363.png,23.376784490422526,0.7913037691279379,953.5009524027508,0.03293440000015835,288,512
002854.png,C:\Users\User\comp6001_assignment1\data\raw\gopro\blur\images\002854.png,C:\Users\User\comp6001_assignment1\data\raw\gopro\sharp\images\002854.png,medium_blur,-4.000007629394531,17,29.106412211575797,0.9294249410637189,334.8037892136677,C:\Users\User\comp6001_assignment1\data\processed\deblurred_gopro\wiener\002854.png,12.994202541119515,0.1802102020490833,2187.8890703607026,0.2272929999999178,C:\Users\User\comp6001_assignment1\data\processed\deblurred_gopro\richardson_lucy\002854.png,20.20245547438742,0.6871798432062731,500.06523352856806,0.325798400000167,288,512
000334.png,C:\Users\User\comp6001_assignment1\data\raw\gopro\blur\images\000334.png,C:\Users\User\comp6001_assignment1\data\raw\gopro\sharp\images\000334.png,high_blur,0.0,21,23.401461686626845,0.6963430926942618,9.676195916156342,C:\Users\User\comp6001_assignment1\data\processed\deblurred_gopro\wiener\000334.png,21.71428979931488,0.5792427285036351,104.8218500249456,0.21783469999991212,C:\Users\User\comp6001_assignment1\data\processed\deblurred_gopro\richardson_lucy\000334.png,24.239002116694838,0.7018089451343889,14.132520887540814,0.3130023000003348,288,512
000615.png,C:\Users\User\comp6001_assignment1\data\raw\gopro\blur\images\000615.png,C:\Users\User\comp6001_assignment1\data\raw\gopro\sharp\images\000615.png,high_blur,0.9999923706054688,21,20.88076377233439,0.5202464469746025,47.35515387190713,C:\Users\User\comp6001_assignment1\data\processed\deblurred_gopro\wiener\000615.png,20.13368127501535,0.4683331706109573,327.9049717945357,0.172423400000298,C:\Users\User\comp6001_assignment1\data\processed\deblurred_gopro\richardson_lucy\000615.png,21.82825354106282,0.5686841861914932,71.05266860086057,0.32947109999986424,288,512
002509.png,C:\Users\User\comp6001_assignment1\data\raw\gopro\blur\images\002509.png,C:\Users\User\comp6001_assignment1\data\raw\gopro\sharp\images\002509.png,high_blur,-3.0000038146972656,21,25.347429419508437,0.6549919740775704,45.80921011790634,C:\Users\User\comp6001_assignment1\data\processed\deblurred_gopro\wiener\002509.png,20.982801110588795,0.45830207579292753,465.1906306941844,0.18849589999990712,C:\Users\User\comp6001_assignment1\data\processed\deblurred_gopro\richardson_lucy\002509.png,25.788194822847068,0.6752554807280854,90.14278042739555,0.3252462000000378,288,512
000745.png,C:\Users\User\comp6001_assignment1\data\raw\gopro\blur\images\000745.png,C:\Users\User\comp6001_assignment1\data\raw\gopro\sharp\images\000745.png,medium_blur,0.9999923706054688,17,25.19374774064918,0.7963380567549884,174.17035589817863,C:\Users\User\comp6001_assignment1\data\processed\deblurred_gopro\wiener\000745.png,16.653499229014006,0.299950823466081,1261.4647399538462,0.19423079999978654,C:\Users\User\comp6001_assignment1\data\processed\deblurred_gopro\richardson_lucy\000745.png,22.920541222743957,0.7083938218790277,245.40788405356398,0.2727138999998715,288,512
