filename,blur_path,sharp_path,blur_shape,sharp_shape,blur_lap_var,sharp_lap_var,blur_ratio,blur_level
000001.png,C:\Users\User\comp6001_assignment1\data\raw\gopro\blur\images\000001.png,C:\Users\User\comp6001_assignment1\data\raw\gopro\sharp\images\000001.png,"(720, 1280)","(720, 1280)",13.613243245008254,185.18672741065788,0.0735109013189985,high_blur
000002.png,C:\Users\User\comp6001_assignment1\data\raw\gopro\blur\images\000002.png,C:\Users\User\comp6001_assignment1\data\raw\gopro\sharp\images\000002.png,"(720, 1280)","(720, 1280)",44.505477089771276,186.3244747641056,0.23886007001349893,low_blur
000003.png,C:\Users\User\comp6001_assignment1\data\raw\gopro\blur\images\000003.png,C:\Users\User\comp6001_assignment1\data\raw\gopro\sharp\images\000003.png,"(720, 1280)","(720, 1280)",37.04610276398718,197.53317466622352,0.18754370158181996,medium_blur
000004.png,C:\Users\User\comp6001_assignment1\data\raw\gopro\blur\images\000004.png,C:\Users\User\comp6001_assignment1\data\raw\gopro\sharp\images\000004.png,"(720, 1280)","(720, 1280)",32.94347221826153,190.85436935594234,0.17261052145521508,medium_blur
000005.png,C:\Users\User\comp6001_assignment1\data\raw\gopro\blur\images\000005.png,C:\Users\User\comp6001_assignment1\data\raw\gopro\sharp\images\000005.png,"(720, 1280)","(720, 1280)",25.160058537796413,193.84692057279884,0.12979343939100474,high_blur
000006.png,C:\Users\User\comp6001_assignment1\data\raw\gopro\blur\images\000006.png,C:\Users\User\comp6001_assignment1\data\raw\gopro\sharp\images\000006.png,"(720, 1280)","(720, 1280)",17.963302697904616,196.0545611345032,0.09162399789650727,high_blur
000007.png,C:\Users\User\comp6001_assignment1\data\raw\gopro\blur\images\000007.png,C:\Users\User\comp6001_assignment1\data\raw\gopro\sharp\images\000007.png,"(720, 1280)","(720, 1280)",46.20369138985623,195.54084525891406,0.23628665062951645,low_blur
000008.png,C:\Users\User\comp6001_assignment1\data\raw\gopro\blur\images\000008.png,C:\Users\User\comp6001_assignment1\data\raw\gopro\sharp\images\000008.png,"(720, 1280)","(720, 1280)",23.067299780155704,184.70509207916146,0.12488718919032606,high_blur
000009.png,C:\Users\User\comp6001_assignment1\data\raw\gopro\blur\images\000009.png,C:\Users\User\comp6001_assignment1\data\raw\gopro\sharp\images\000009.png,"(720, 1280)","(720, 1280)",22.805613988122833,171.88995913059458,0.13267566123201735,high_blur
000010.png,C:\Users\User\comp6001_assignment1\data\raw\gopro\blur\images\000010.png,C:\Users\User\comp6001_assignment1\data\raw\gopro\sharp\images\000010.png,"(720, 1280)","(720, 1280)",29.43681268522358,196.82529947085908,0.14955807390038423,medium_blur
000011.png,C:\Users\User\comp6001_assignment1\data\raw\gopro\blur\images\000011.png,C:\Users\User\comp6001_assignment1\data\raw\gopro\sharp\images\000011.png,"(720, 1280)","(720, 1280)",16.573385408749985,190.8716306003982,0.08683000902621885,high_blur
000012.png,C:\Users\User\comp6001_assignment1\data\raw\gopro\blur\images\000012.png,C:\Users\User\comp6001_assignment1\data\raw\gopro\sharp\images\000012.png,"(720, 1280)","(720, 1280)",16.646334611676057,192.7467620235443,0.08636375748184576,high_blur
000013.png,C:\Users\User\comp6001_assignment1\data\raw\gopro\blur\images\000013.png,C:\Users\User\comp6001_assignment1\data\raw\gopro\sharp\images\000013.png,"(720, 1280)","(720, 1280)",31.73521581494248,191.0006780727705,0.16615237251246806,medium_blur
000014.png,C:\Users\User\comp6001_assignment1\data\raw\gopro\blur\images\000014.png,C:\Users\User\comp6001_assignment1\data\raw\gopro\sharp\images\000014.png,"(720, 1280)","(720, 1280)",15.852316881528314,187.58426539347965,0.08450771096089094,high_blur
000015.png,C:\Users\User\comp6001_assignment1\data\raw\gopro\blur\images\000015.png,C:\Users\User\comp6001_assignment1\data\raw\gopro\sharp\images\000015.png,"(720, 1280)","(720, 1280)",19.50463758650414,180.96339726209175,0.10778222491688462,high_blur
000016.png,C:\Users\User\comp6001_assignment1\data\raw\gopro\blur\images\000016.png,C:\Users\User\comp6001_assignment1\data\raw\gopro\sharp\images\000016.png,"(720, 1280)","(720, 1280)",78.19458875866997,188.42522337676144,0.4149900281565161,low_blur
000017.png,C:\Users\User\comp6001_assignment1\data\raw\gopro\blur\images\000017.png,C:\Users\User\comp6001_assignment1\data\raw\gopro\sharp\images\000017.png,"(720, 1280)","(720, 1280)",14.802148406600953,180.60951901397584,0.08195663488055673,high_blur
000018.png,C:\Users\User\comp6001_assignment1\data\raw\gopro\blur\images\000018.png,C:\Users\User\comp6001_assignment1\data\raw\gopro\sharp\images\000018.png,"(720, 1280)","(720, 1280)",42.7737530324194,184.69875935439006,0.23158657469935437,low_blur
000019.png,C:\Users\User\comp6001_assignment1\data\raw\gopro\blur\images\000019.png,C:\Users\User\comp6001_assignment1\data\raw\gopro\sharp\images\000019.png,"(720, 1280)","(720, 1280)",29.30373155253728,188.1863725018807,0.15571654398453988,medium_blur
000020.png,C:\Users\User\comp6001_assignment1\data\raw\gopro\blur\images\000020.png,C:\Users\User\comp6001_assignment1\data\raw\gopro\sharp\images\000020.png,"(720, 1280)","(720, 1280)",28.632656752857155,183.80097325877307,0.15578076787976242,medium_blur
000021.png,C:\Users\User\comp6001_assignment1\data\raw\gopro\blur\images\000021.png,C:\Users\User\comp6001_assignment1\data\raw\gopro\sharp\images\000021.png,"(720, 1280)","(720, 1280)",15.650843825276693,184.4371162560063,0.08485734402127663,high_blur
000022.png,C:\Users\User\comp6001_assignment1\data\raw\gopro\blur\images\000022.png,C:\Users\User\comp6001_assignment1\data\raw\gopro\sharp\images\000022.png,"(720, 1280)","(720, 1280)",22.726436631473483,191.7763225214911,0.11850491411806915,high_blur
000023.png,C:\Users\User\comp6001_assignment1\data\raw\gopro\blur\images\000023.png,C:\Users\User\comp6001_assignment1\data\raw\gopro\sharp\images\000023.png,"(720, 1280)","(720, 1280)",26.757333827519123,188.05440889980053,0.14228506517150127,high_blur
000024.png,C:\Users\User\comp6001_assignment1\data\raw\gopro\blur\images\000024.png,C:\Users\User\comp6001_assignment1\data\raw\gopro\sharp\images\000024.png,"(720, 1280)","(720, 1280)",25.565713740359406,238.8118324866777,0.10705379826904125,high_blur
000025.png,C:\Users\User\comp6001_assignment1\data\raw\gopro\blur\images\000025.png,C:\Users\User\comp6001_assignment1\data\raw\gopro\sharp\images\000025.png,"(720, 1280)","(720, 1280)",13.848460286428894,163.56075911908565,0.08466859875295267,high_blur
000026.png,C:\Users\User\comp6001_assignment1\data\raw\gopro\blur\images\000026.png,C:\Users\User\comp6001_assignment1\data\raw\gopro\sharp\images\000026.png,"(720, 1280)","(720, 1280)",13.919995640432099,175.10195876462964,0.07949651584622337,high_blur
000027.png,C:\Users\User\comp6001_assignment1\data\raw\gopro\blur\images\000027.png,C:\Users\User\comp6001_assignment1\data\raw\gopro\sharp\images\000027.png,"(720, 1280)","(720, 1280)",11.386421373155386,170.71303092060683,0.06669919285648354,high_blur
000028.png,C:\Users\User\comp6001_assignment1\data\raw\gopro\blur\images\000028.png,C:\Users\User\comp6001_assignment1\data\raw\gopro\sharp\images\000028.png,"(720, 1280)","(720, 1280)",11.210772931883072,169.4209419195376,0.06617111677106392,high_blur
000029.png,C:\Users\User\comp6001_assignment1\data\raw\gopro\blur\images\000029.png,C:\Users\User\comp6001_assignment1\data\raw\gopro\sharp\images\000029.png,"(720, 1280)","(720, 1280)",16.088851725260415,169.39924001600002,0.09497593804311659,high_blur
000030.png,C:\Users\User\comp6001_assignment1\data\raw\gopro\blur\images\000030.png,C:\Users\User\comp6001_assignment1\data\raw\gopro\sharp\images\000030.png,"(720, 1280)","(720, 1280)",16.35933719374928,177.39897766711857,0.0922177647693364,high_blur
000031.png,C:\Users\User\comp6001_assignment1\data\raw\gopro\blur\images\000031.png,C:\Users\User\comp6001_assignment1\data\raw\gopro\sharp\images\000031.png,"(720, 1280)","(720, 1280)",38.732020353147725,181.9964366138411,0.21281746539467092,medium_blur
000032.png,C:\Users\User\comp6001_assignment1\data\raw\gopro\blur\images\000032.png,C:\Users\User\comp6001_assignment1\data\raw\gopro\sharp\images\000032.png,"(720, 1280)","(720, 1280)",15.698448298094018,176.63697939647983,0.08887407580701716,high_blur
000033.png,C:\Users\User\comp6001_assignment1\data\raw\gopro\blur\images\000033.png,C:\Users\User\comp6001_assignment1\data\raw\gopro\sharp\images\000033.png,"(720, 1280)","(720, 1280)",21.810167660690826,183.3009094866423,0.11898559434638453,high_blur
000034.png,C:\Users\User\comp6001_assignment1\data\raw\gopro\blur\images\000034.png,C:\Users\User\comp6001_assignment1\data\raw\gopro\sharp\images\000034.png,"(720, 1280)","(720, 1280)",24.500447274648412,180.83176924799685,0.1354875162433049,high_blur
000035.png,C:\Users\User\comp6001_assignment1\data\raw\gopro\blur\images\000035.png,C:\Users\User\comp6001_assignment1\data\raw\gopro\sharp\images\000035.png,"(720, 1280)","(720, 1280)",20.344256690544558,194.20560526889744,0.10475627962091155,high_blur
000036.png,C:\Users\User\comp6001_assignment1\data\raw\gopro\blur\images\000036.png,C:\Users\User\comp6001_assignment1\data\raw\gopro\sharp\images\000036.png,"(720, 1280)","(720, 1280)",17.517539392989367,205.59244412501653,0.085205171166141,high_blur
000037.png,C:\Users\User\comp6001_assignment1\data\raw\gopro\blur\images\000037.png,C:\Users\User\comp6001_assignment1\data\raw\gopro\sharp\images\000037.png,"(720, 1280)","(720, 1280)",18.79520179781972,204.97899516232332,0.09169330634106594,high_blur
000038.png,C:\Users\User\comp6001_assignment1\data\raw\gopro\blur\images\000038.png,C:\Users\User\comp6001_assignment1\data\raw\gopro\sharp\images\000038.png,"(720, 1280)","(720, 1280)",22.332867790023187,205.6346918379984,0.10860457245478432,high_blur
000039.png,C:\Users\User\comp6001_assignment1\data\raw\gopro\blur\images\000039.png,C:\Users\User\comp6001_assignment1\data\raw\gopro\sharp\images\000039.png,"(720, 1280)","(720, 1280)",32.9781526819288,210.32724594786842,0.15679448723697356,medium_blur
000040.png,C:\Users\User\comp6001_assignment1\data\raw\gopro\blur\images\000040.png,C:\Users\User\comp6001_assignment1\data\raw\gopro\sharp\images\000040.png,"(720, 1280)","(720, 1280)",48.918492714181355,211.56338959049182,0.23122380864929964,low_blur
000041.png,C:\Users\User\comp6001_assignment1\data\raw\gopro\blur\images\000041.png,C:\Users\User\comp6001_assignment1\data\raw\gopro\sharp\images\000041.png,"(720, 1280)","(720, 1280)",28.787758704249068,206.08437462135137,0.1396891867990734,medium_blur
000042.png,C:\Users\User\comp6001_assignment1\data\raw\gopro\blur\images\000042.png,C:\Users\User\comp6001_assignment1\data\raw\gopro\sharp\images\000042.png,"(720, 1280)","(720, 1280)",38.300071894411374,205.93598826090383,0.18598047002852436,medium_blur
000043.png,C:\Users\User\comp6001_assignment1\data\raw\gopro\blur\images\000043.png,C:\Users\User\comp6001_assignment1\data\raw\gopro\sharp\images\000043.png,"(720, 1280)","(720, 1280)",33.26321989259602,208.6654113471138,0.15940936102566963,medium_blur
000044.png,C:\Users\User\comp6001_assignment1\data\raw\gopro\blur\images\000044.png,C:\Users\User\comp6001_assignment1\data\raw\gopro\sharp\images\000044.png,"(720, 1280)","(720, 1280)",26.182695290723267,188.99675194183982,0.1385351601036781,high_blur
000045.png,C:\Users\User\comp6001_assignment1\data\raw\gopro\blur\images\000045.png,C:\Users\User\comp6001_assignment1\data\raw\gopro\sharp\images\000045.png,"(720, 1280)","(720, 1280)",15.03008137248358,202.12247681114286,0.07436125664432472,high_blur
000046.png,C:\Users\User\comp6001_assignment1\data\raw\gopro\blur\images\000046.png,C:\Users\User\comp6001_assignment1\data\raw\gopro\sharp\images\000046.png,"(720, 1280)","(720, 1280)",19.714064086612655,203.5150320361055,0.09686785240584347,high_blur
000047.png,C:\Users\User\comp6001_assignment1\data\raw\gopro\blur\images\000047.png,C:\Users\User\comp6001_assignment1\data\raw\gopro\sharp\images\000047.png,"(720, 1280)","(720, 1280)",21.141558155483665,189.0259019976534,0.11184476799707414,high_blur
000048.png,C:\Users\User\comp6001_assignment1\data\raw\gopro\blur\images\000048.png,C:\Users\User\comp6001_assignment1\data\raw\gopro\sharp\images\000048.png,"(720, 1280)","(720, 1280)",22.745252557767465,203.42525578439498,0.11181135040949114,high_blur
000049.png,C:\Users\User\comp6001_assignment1\data\raw\gopro\blur\images\000049.png,C:\Users\User\comp6001_assignment1\data\raw\gopro\sharp\images\000049.png,"(720, 1280)","(720, 1280)",16.622736538691576,173.97338288777672,0.09554758470414272,high_blur
000050.png,C:\Users\User\comp6001_assignment1\data\raw\gopro\blur\images\000050.png,C:\Users\User\comp6001_assignment1\data\raw\gopro\sharp\images\000050.png,"(720, 1280)","(720, 1280)",23.276882527102952,208.05937383202445,0.11187615389430446,high_blur
000051.png,C:\Users\User\comp6001_assignment1\data\raw\gopro\blur\images\000051.png,C:\Users\User\comp6001_assignment1\data\raw\gopro\sharp\images\000051.png,"(720, 1280)","(720, 1280)",32.38800002389482,217.75703931171626,0.1487345719099555,medium_blur
000052.png,C:\Users\User\comp6001_assignment1\data\raw\gopro\blur\images\000052.png,C:\Users\User\comp6001_assignment1\data\raw\gopro\sharp\images\000052.png,"(720, 1280)","(720, 1280)",14.833766273864699,204.02973077611097,0.07270394474722547,high_blur
000053.png,C:\Users\User\comp6001_assignment1\data\raw\gopro\blur\images\000053.png,C:\Users\User\comp6001_assignment1\data\raw\gopro\sharp\images\000053.png,"(720, 1280)","(720, 1280)",24.759295749634884,199.80783051237762,0.1239155426736989,high_blur
000054.png,C:\Users\User\comp6001_assignment1\data\raw\gopro\blur\images\000054.png,C:\Users\User\comp6001_assignment1\data\raw\gopro\sharp\images\000054.png,"(720, 1280)","(720, 1280)",15.559622583590611,241.1097846770063,0.06453335190767617,high_blur
000055.png,C:\Users\User\comp6001_assignment1\data\raw\gopro\blur\images\000055.png,C:\Users\User\comp6001_assignment1\data\raw\gopro\sharp\images\000055.png,"(720, 1280)","(720, 1280)",27.018619697004493,201.0054842169008,0.13441732597954936,high_blur
000056.png,C:\Users\User\comp6001_assignment1\data\raw\gopro\blur\images\000056.png,C:\Users\User\comp6001_assignment1\data\raw\gopro\sharp\images\000056.png,"(720, 1280)","(720, 1280)",18.20014922657602,201.3749605745373,0.09037940553158091,high_blur
000057.png,C:\Users\User\comp6001_assignment1\data\raw\gopro\blur\images\000057.png,C:\Users\User\comp6001_assignment1\data\raw\gopro\sharp\images\000057.png,"(720, 1280)","(720, 1280)",47.67351764424172,202.0008452040768,0.2360065255851687,low_blur
000058.png,C:\Users\User\comp6001_assignment1\data\raw\gopro\blur\images\000058.png,C:\Users\User\comp6001_assignment1\data\raw\gopro\sharp\images\000058.png,"(720, 1280)","(720, 1280)",25.819356519391803,196.99056961483305,0.13106899771174102,high_blur
000059.png,C:\Users\User\comp6001_assignment1\data\raw\gopro\blur\images\000059.png,C:\Users\User\comp6001_assignment1\data\raw\gopro\sharp\images\000059.png,"(720, 1280)","(720, 1280)",21.06453407181633,270.3958747246528,0.07790257189569759,high_blur
000060.png,C:\Users\User\comp6001_assignment1\data\raw\gopro\blur\images\000060.png,C:\Users\User\comp6001_assignment1\data\raw\gopro\sharp\images\000060.png,"(720, 1280)","(720, 1280)",18.598752103592435,198.979110211389,0.09347087783686946,high_blur
000061.png,C:\Users\User\comp6001_assignment1\data\raw\gopro\blur\images\000061.png,C:\Users\User\comp6001_assignment1\data\raw\gopro\sharp\images\000061.png,"(720, 1280)","(720, 1280)",39.95889431041083,213.89038622243908,0.1868194967257045,medium_blur
000062.png,C:\Users\User\comp6001_assignment1\data\raw\gopro\blur\images\000062.png,C:\Users\User\comp6001_assignment1\data\raw\gopro\sharp\images\000062.png,"(720, 1280)","(720, 1280)",46.04773546005883,211.51458809708495,0.2177047733310287,low_blur
000063.png,C:\Users\User\comp6001_assignment1\data\raw\gopro\blur\images\000063.png,C:\Users\User\comp6001_assignment1\data\raw\gopro\sharp\images\000063.png,"(720, 1280)","(720, 1280)",52.19055322770012,221.8250737798997,0.2352779707722856,low_blur
000064.png,C:\Users\User\comp6001_assignment1\data\raw\gopro\blur\images\000064.png,C:\Users\User\comp6001_assignment1\data\raw\gopro\sharp\images\000064.png,"(720, 1280)","(720, 1280)",19.032979423447593,203.63708480540618,0.09346519294705426,high_blur
000065.png,C:\Users\User\comp6001_assignment1\data\raw\gopro\blur\images\000065.png,C:\Users\User\comp6001_assignment1\data\raw\gopro\sharp\images\000065.png,"(720, 1280)","(720, 1280)",23.465920826522215,204.87682863154947,0.11453672424604913,high_blur
000066.png,C:\Users\User\comp6001_assignment1\data\raw\gopro\blur\images\000066.png,C:\Users\User\comp6001_assignment1\data\raw\gopro\sharp\images\000066.png,"(720, 1280)","(720, 1280)",36.36123931079322,208.70989537070835,0.17421904814080125,medium_blur
000067.png,C:\Users\User\comp6001_assignment1\data\raw\gopro\blur\images\000067.png,C:\Users\User\comp6001_assignment1\data\raw\gopro\sharp\images\000067.png,"(720, 1280)","(720, 1280)",52.37935454059062,211.78692705319241,0.2473209997752213,low_blur
000068.png,C:\Users\User\comp6001_assignment1\data\raw\gopro\blur\images\000068.png,C:\Users\User\comp6001_assignment1\data\raw\gopro\sharp\images\000068.png,"(720, 1280)","(720, 1280)",54.33710245760694,208.73876937983823,0.2603115013873037,low_blur
000069.png,C:\Users\User\comp6001_assignment1\data\raw\gopro\blur\images\000069.png,C:\Users\User\comp6001_assignment1\data\raw\gopro\sharp\images\000069.png,"(720, 1280)","(720, 1280)",35.55704550863077,202.16211008422172,0.17588382655908516,medium_blur
000070.png,C:\Users\User\comp6001_assignment1\data\raw\gopro\blur\images\000070.png,C:\Users\User\comp6001_assignment1\data\raw\gopro\sharp\images\000070.png,"(720, 1280)","(720, 1280)",32.01453773799472,206.34998697124996,0.15514678826174935,medium_blur
000071.png,C:\Users\User\comp6001_assignment1\data\raw\gopro\blur\images\000071.png,C:\Users\User\comp6001_assignment1\data\raw\gopro\sharp\images\000071.png,"(720, 1280)","(720, 1280)",23.659741670165822,214.04745647816122,0.11053502834533528,high_blur
000072.png,C:\Users\User\comp6001_assignment1\data\raw\gopro\blur\images\000072.png,C:\Users\User\comp6001_assignment1\data\raw\gopro\sharp\images\000072.png,"(720, 1280)","(720, 1280)",40.173800212378545,207.83267154891297,0.19329877208930907,medium_blur
000073.png,C:\Users\User\comp6001_assignment1\data\raw\gopro\blur\images\000073.png,C:\Users\User\comp6001_assignment1\data\raw\gopro\sharp\images\000073.png,"(720, 1280)","(720, 1280)",83.83718831942409,211.27575393394082,0.39681405345579385,low_blur
000074.png,C:\Users\User\comp6001_assignment1\data\raw\gopro\blur\images\000074.png,C:\Users\User\comp6001_assignment1\data\raw\gopro\sharp\images\000074.png,"(720, 1280)","(720, 1280)",37.97106273027585,210.53607949571847,0.1803541835652188,medium_blur
000075.png,C:\Users\User\comp6001_assignment1\data\raw\gopro\blur\images\000075.png,C:\Users\User\comp6001_assignment1\data\raw\gopro\sharp\images\000075.png,"(720, 1280)","(720, 1280)",28.28144932614433,201.16468313527872,0.140588541109474,medium_blur
000076.png,C:\Users\User\comp6001_assignment1\data\raw\gopro\blur\images\000076.png,C:\Users\User\comp6001_assignment1\data\raw\gopro\sharp\images\000076.png,"(720, 1280)","(720, 1280)",32.884473653717976,210.68521000729658,0.15608344625148707,medium_blur
000077.png,C:\Users\User\comp6001_assignment1\data\raw\gopro\blur\images\000077.png,C:\Users\User\comp6001_assignment1\data\raw\gopro\sharp\images\000077.png,"(720, 1280)","(720, 1280)",14.167159221503173,170.9192443678114,0.08288802863056854,high_blur
000078.png,C:\Users\User\comp6001_assignment1\data\raw\gopro\blur\images\000078.png,C:\Users\User\comp6001_assignment1\data\raw\gopro\sharp\images\000078.png,"(720, 1280)","(720, 1280)",20.824413595199566,193.3430902060038,0.10770704850085117,high_blur
000079.png,C:\Users\User\comp6001_assignment1\data\raw\gopro\blur\images\000079.png,C:\Users\User\comp6001_assignment1\data\raw\gopro\sharp\images\000079.png,"(720, 1280)","(720, 1280)",15.507142051974633,190.21833872965945,0.08152285502397504,high_blur
000080.png,C:\Users\User\comp6001_assignment1\data\raw\gopro\blur\images\000080.png,C:\Users\User\comp6001_assignment1\data\raw\gopro\sharp\images\000080.png,"(720, 1280)","(720, 1280)",55.13453983824928,191.45446722759564,0.2879772962927375,low_blur
000081.png,C:\Users\User\comp6001_assignment1\data\raw\gopro\blur\images\000081.png,C:\Users\User\comp6001_assignment1\data\raw\gopro\sharp\images\000081.png,"(720, 1280)","(720, 1280)",20.06719853845171,192.32965403738024,0.10433751694633721,high_blur
000082.png,C:\Users\User\comp6001_assignment1\data\raw\gopro\blur\images\000082.png,C:\Users\User\comp6001_assignment1\data\raw\gopro\sharp\images\000082.png,"(720, 1280)","(720, 1280)",34.27921409135982,183.23153426890428,0.18708141164818284,medium_blur
000083.png,C:\Users\User\comp6001_assignment1\data\raw\gopro\blur\images\000083.png,C:\Users\User\comp6001_assignment1\data\raw\gopro\sharp\images\000083.png,"(720, 1280)","(720, 1280)",13.953472251410538,183.73142677467132,0.0759449403708363,high_blur
000084.png,C:\Users\User\comp6001_assignment1\data\raw\gopro\blur\images\000084.png,C:\Users\User\comp6001_assignment1\data\raw\gopro\sharp\images\000084.png,"(720, 1280)","(720, 1280)",12.574563177573829,169.6214399886472,0.07413310002364155,high_blur
000085.png,C:\Users\User\comp6001_assignment1\data\raw\gopro\blur\images\000085.png,C:\Users\User\comp6001_assignment1\data\raw\gopro\sharp\images\000085.png,"(720, 1280)","(720, 1280)",11.023795269078386,171.38384629194354,0.06432225385849198,high_blur
000086.png,C:\Users\User\comp6001_assignment1\data\raw\gopro\blur\images\000086.png,C:\Users\User\comp6001_assignment1\data\raw\gopro\sharp\images\000086.png,"(720, 1280)","(720, 1280)",11.654538656162918,161.27020614996556,0.07226715295820148,high_blur
000087.png,C:\Users\User\comp6001_assignment1\data\raw\gopro\blur\images\000087.png,C:\Users\User\comp6001_assignment1\data\raw\gopro\sharp\images\000087.png,"(720, 1280)","(720, 1280)",16.13799873313904,184.55114009042316,0.08744458974546337,high_blur
000088.png,C:\Users\User\comp6001_assignment1\data\raw\gopro\blur\images\000088.png,C:\Users\User\comp6001_assignment1\data\raw\gopro\sharp\images\000088.png,"(720, 1280)","(720, 1280)",28.65519616651065,174.30756618810463,0.16439444822460172,medium_blur
000089.png,C:\Users\User\comp6001_assignment1\data\raw\gopro\blur\images\000089.png,C:\Users\User\comp6001_assignment1\data\raw\gopro\sharp\images\000089.png,"(720, 1280)","(720, 1280)",13.862183297464583,175.31530761850144,0.07907001097039956,high_blur
000090.png,C:\Users\User\comp6001_assignment1\data\raw\gopro\blur\images\000090.png,C:\Users\User\comp6001_assignment1\data\raw\gopro\sharp\images\000090.png,"(720, 1280)","(720, 1280)",25.72251873958257,176.43040319907104,0.14579413905834152,high_blur
000091.png,C:\Users\User\comp6001_assignment1\data\raw\gopro\blur\images\000091.png,C:\Users\User\comp6001_assignment1\data\raw\gopro\sharp\images\000091.png,"(720, 1280)","(720, 1280)",17.622810566276968,156.5249170273098,0.11258789271280262,high_blur
000092.png,C:\Users\User\comp6001_assignment1\data\raw\gopro\blur\images\000092.png,C:\Users\User\comp6001_assignment1\data\raw\gopro\sharp\images\000092.png,"(720, 1280)","(720, 1280)",70.1252707600723,175.0282985861024,0.4006510451312464,low_blur
000093.png,C:\Users\User\comp6001_assignment1\data\raw\gopro\blur\images\000093.png,C:\Users\User\comp6001_assignment1\data\raw\gopro\sharp\images\000093.png,"(720, 1280)","(720, 1280)",16.504547414822053,197.40445061912533,0.08360777764747594,high_blur
000094.png,C:\Users\User\comp6001_assignment1\data\raw\gopro\blur\images\000094.png,C:\Users\User\comp6001_assignment1\data\raw\gopro\sharp\images\000094.png,"(720, 1280)","(720, 1280)",26.876365016000072,172.11941350519618,0.15614952704697194,high_blur
000095.png,C:\Users\User\comp6001_assignment1\data\raw\gopro\blur\images\000095.png,C:\Users\User\comp6001_assignment1\data\raw\gopro\sharp\images\000095.png,"(720, 1280)","(720, 1280)",55.14763398480829,173.004965187825,0.3187633020922199,low_blur
000096.png,C:\Users\User\comp6001_assignment1\data\raw\gopro\blur\images\000096.png,C:\Users\User\comp6001_assignment1\data\raw\gopro\sharp\images\000096.png,"(720, 1280)","(720, 1280)",88.53541963105255,180.5664715945762,0.4903203725713647,low_blur
000097.png,C:\Users\User\comp6001_assignment1\data\raw\gopro\blur\images\000097.png,C:\Users\User\comp6001_assignment1\data\raw\gopro\sharp\images\000097.png,"(720, 1280)","(720, 1280)",39.3275151852031,179.30037609382794,0.21933872108795582,medium_blur
000098.png,C:\Users\User\comp6001_assignment1\data\raw\gopro\blur\images\000098.png,C:\Users\User\comp6001_assignment1\data\raw\gopro\sharp\images\000098.png,"(720, 1280)","(720, 1280)",64.20765913466347,177.2158101763301,0.3623133797551899,low_blur
000099.png,C:\Users\User\comp6001_assignment1\data\raw\gopro\blur\images\000099.png,C:\Users\User\comp6001_assignment1\data\raw\gopro\sharp\images\000099.png,"(720, 1280)","(720, 1280)",57.57827715013172,241.21939122941637,0.23869671859416897,low_blur
000100.png,C:\Users\User\comp6001_assignment1\data\raw\gopro\blur\images\000100.png,C:\Users\User\comp6001_assignment1\data\raw\gopro\sharp\images\000100.png,"(720, 1280)","(720, 1280)",33.30041666609681,178.6180347386572,0.18643367514907197,medium_blur
000101.png,C:\Users\User\comp6001_assignment1\data\raw\gopro\blur\images\000101.png,C:\Users\User\comp6001_assignment1\data\raw\gopro\sharp\images\000101.png,"(720, 1280)","(720, 1280)",34.20872828050778,111.33715711292689,0.30725347372340456,medium_blur
000102.png,C:\Users\User\comp6001_assignment1\data\raw\gopro\blur\images\000102.png,C:\Users\User\comp6001_assignment1\data\raw\gopro\sharp\images\000102.png,"(720, 1280)","(720, 1280)",45.21327255621545,110.38549243125921,0.4095943366858226,low_blur
000103.png,C:\Users\User\comp6001_assignment1\data\raw\gopro\blur\images\000103.png,C:\Users\User\comp6001_assignment1\data\raw\gopro\sharp\images\000103.png,"(720, 1280)","(720, 1280)",41.678311504052,102.96285183364962,0.4047897931900822,medium_blur
000104.png,C:\Users\User\comp6001_assignment1\data\raw\gopro\blur\images\000104.png,C:\Users\User\comp6001_assignment1\data\raw\gopro\sharp\images\000104.png,"(720, 1280)","(720, 1280)",22.9962482527733,112.39925123855689,0.20459431888847704,high_blur
000105.png,C:\Users\User\comp6001_assignment1\data\raw\gopro\blur\images\000105.png,C:\Users\User\comp6001_assignment1\data\raw\gopro\sharp\images\000105.png,"(720, 1280)","(720, 1280)",34.907001470635265,113.40737723312263,0.3078018583905848,medium_blur
000106.png,C:\Users\User\comp6001_assignment1\data\raw\gopro\blur\images\000106.png,C:\Users\User\comp6001_assignment1\data\raw\gopro\sharp\images\000106.png,"(720, 1280)","(720, 1280)",39.71377636626445,110.11042328954159,0.36067227040103284,medium_blur
000107.png,C:\Users\User\comp6001_assignment1\data\raw\gopro\blur\images\000107.png,C:\Users\User\comp6001_assignment1\data\raw\gopro\sharp\images\000107.png,"(720, 1280)","(720, 1280)",41.38047554946712,104.3773965891897,0.3964505429117818,medium_blur
000108.png,C:\Users\User\comp6001_assignment1\data\raw\gopro\blur\images\000108.png,C:\Users\User\comp6001_assignment1\data\raw\gopro\sharp\images\000108.png,"(720, 1280)","(720, 1280)",28.676057086690285,110.96376319508023,0.25842722217064656,medium_blur
000109.png,C:\Users\User\comp6001_assignment1\data\raw\gopro\blur\images\000109.png,C:\Users\User\comp6001_assignment1\data\raw\gopro\sharp\images\000109.png,"(720, 1280)","(720, 1280)",37.80450762286598,108.71033923203153,0.3477544811878328,medium_blur
000110.png,C:\Users\User\comp6001_assignment1\data\raw\gopro\blur\images\000110.png,C:\Users\User\comp6001_assignment1\data\raw\gopro\sharp\images\000110.png,"(720, 1280)","(720, 1280)",20.947276575681897,103.0956158984608,0.2031830004709522,high_blur
000111.png,C:\Users\User\comp6001_assignment1\data\raw\gopro\blur\images\000111.png,C:\Users\User\comp6001_assignment1\data\raw\gopro\sharp\images\000111.png,"(720, 1280)","(720, 1280)",22.264316735914026,99.04645321675999,0.22478661285267246,high_blur
000112.png,C:\Users\User\comp6001_assignment1\data\raw\gopro\blur\images\000112.png,C:\Users\User\comp6001_assignment1\data\raw\gopro\sharp\images\000112.png,"(720, 1280)","(720, 1280)",31.860490210846333,112.45070704142262,0.2833285005160247,medium_blur
000113.png,C:\Users\User\comp6001_assignment1\data\raw\gopro\blur\images\000113.png,C:\Users\User\comp6001_assignment1\data\raw\gopro\sharp\images\000113.png,"(720, 1280)","(720, 1280)",25.750641088602293,111.70825137785806,0.23051691140696898,high_blur
000114.png,C:\Users\User\comp6001_assignment1\data\raw\gopro\blur\images\000114.png,C:\Users\User\comp6001_assignment1\data\raw\gopro\sharp\images\000114.png,"(720, 1280)","(720, 1280)",30.773588356069865,102.6512981851354,0.29978761980750296,medium_blur
000115.png,C:\Users\User\comp6001_assignment1\data\raw\gopro\blur\images\000115.png,C:\Users\User\comp6001_assignment1\data\raw\gopro\sharp\images\000115.png,"(720, 1280)","(720, 1280)",22.50932531118393,108.75927725849738,0.20696464592730296,high_blur
000116.png,C:\Users\User\comp6001_assignment1\data\raw\gopro\blur\images\000116.png,C:\Users\User\comp6001_assignment1\data\raw\gopro\sharp\images\000116.png,"(720, 1280)","(720, 1280)",23.441371803706353,110.74216887033252,0.21167520954946253,high_blur
000117.png,C:\Users\User\comp6001_assignment1\data\raw\gopro\blur\images\000117.png,C:\Users\User\comp6001_assignment1\data\raw\gopro\sharp\images\000117.png,"(720, 1280)","(720, 1280)",22.763103790240812,108.31203405794561,0.21016227777571983,high_blur
000118.png,C:\Users\User\comp6001_assignment1\data\raw\gopro\blur\images\000118.png,C:\Users\User\comp6001_assignment1\data\raw\gopro\sharp\images\000118.png,"(720, 1280)","(720, 1280)",24.553315788320834,105.46233478459484,0.23281597013893574,high_blur
000119.png,C:\Users\User\comp6001_assignment1\data\raw\gopro\blur\images\000119.png,C:\Users\User\comp6001_assignment1\data\raw\gopro\sharp\images\000119.png,"(720, 1280)","(720, 1280)",25.71450786835352,142.79765453758242,0.1800765422220926,high_blur
000120.png,C:\Users\User\comp6001_assignment1\data\raw\gopro\blur\images\000120.png,C:\Users\User\comp6001_assignment1\data\raw\gopro\sharp\images\000120.png,"(720, 1280)","(720, 1280)",34.31595250634088,114.18754845758014,0.30052271869278097,medium_blur
000121.png,C:\Users\User\comp6001_assignment1\data\raw\gopro\blur\images\000121.png,C:\Users\User\comp6001_assignment1\data\raw\gopro\sharp\images\000121.png,"(720, 1280)","(720, 1280)",43.88614395079317,112.2101702015771,0.39110665163455294,low_blur
000122.png,C:\Users\User\comp6001_assignment1\data\raw\gopro\blur\images\000122.png,C:\Users\User\comp6001_assignment1\data\raw\gopro\sharp\images\000122.png,"(720, 1280)","(720, 1280)",36.37405628491507,110.9102194442644,0.32795946544776694,medium_blur
000123.png,C:\Users\User\comp6001_assignment1\data\raw\gopro\blur\images\000123.png,C:\Users\User\comp6001_assignment1\data\raw\gopro\sharp\images\000123.png,"(720, 1280)","(720, 1280)",44.22375483752595,120.1162661742976,0.36817457154114547,low_blur
000124.png,C:\Users\User\comp6001_assignment1\data\raw\gopro\blur\images\000124.png,C:\Users\User\comp6001_assignment1\data\raw\gopro\sharp\images\000124.png,"(720, 1280)","(720, 1280)",33.78700799178018,118.17812264148095,0.28589900764815357,medium_blur
000125.png,C:\Users\User\comp6001_assignment1\data\raw\gopro\blur\images\000125.png,C:\Users\User\comp6001_assignment1\data\raw\gopro\sharp\images\000125.png,"(720, 1280)","(720, 1280)",29.098717059999625,114.92294950780045,0.25320196864154204,medium_blur
000126.png,C:\Users\User\comp6001_assignment1\data\raw\gopro\blur\images\000126.png,C:\Users\User\comp6001_assignment1\data\raw\gopro\sharp\images\000126.png,"(720, 1280)","(720, 1280)",29.878543472836334,114.71261682975553,0.26046431766589634,medium_blur
000127.png,C:\Users\User\comp6001_assignment1\data\raw\gopro\blur\images\000127.png,C:\Users\User\comp6001_assignment1\data\raw\gopro\sharp\images\000127.png,"(720, 1280)","(720, 1280)",24.237860943677678,122.35594229774003,0.19809304302292505,high_blur
000128.png,C:\Users\User\comp6001_assignment1\data\raw\gopro\blur\images\000128.png,C:\Users\User\comp6001_assignment1\data\raw\gopro\sharp\images\000128.png,"(720, 1280)","(720, 1280)",22.247797500891746,118.88103367407058,0.18714337191932437,high_blur
000129.png,C:\Users\User\comp6001_assignment1\data\raw\gopro\blur\images\000129.png,C:\Users\User\comp6001_assignment1\data\raw\gopro\sharp\images\000129.png,"(720, 1280)","(720, 1280)",20.3017317182329,114.16888564720153,0.17782193109241679,high_blur
000130.png,C:\Users\User\comp6001_assignment1\data\raw\gopro\blur\images\000130.png,C:\Users\User\comp6001_assignment1\data\raw\gopro\sharp\images\000130.png,"(720, 1280)","(720, 1280)",23.583857306528675,120.95090263845181,0.1949870301925403,high_blur
000131.png,C:\Users\User\comp6001_assignment1\data\raw\gopro\blur\images\000131.png,C:\Users\User\comp6001_assignment1\data\raw\gopro\sharp\images\000131.png,"(720, 1280)","(720, 1280)",28.83744597894057,121.47017651638456,0.23740350762293314,medium_blur
000132.png,C:\Users\User\comp6001_assignment1\data\raw\gopro\blur\images\000132.png,C:\Users\User\comp6001_assignment1\data\raw\gopro\sharp\images\000132.png,"(720, 1280)","(720, 1280)",38.55689103821175,119.4450123769077,0.3228003435867026,medium_blur
000133.png,C:\Users\User\comp6001_assignment1\data\raw\gopro\blur\images\000133.png,C:\Users\User\comp6001_assignment1\data\raw\gopro\sharp\images\000133.png,"(720, 1280)","(720, 1280)",42.684987159540626,114.6000613278236,0.3724691475837152,low_blur
000134.png,C:\Users\User\comp6001_assignment1\data\raw\gopro\blur\images\000134.png,C:\Users\User\comp6001_assignment1\data\raw\gopro\sharp\images\000134.png,"(720, 1280)","(720, 1280)",34.46120479399952,121.22612506751541,0.2842720970579902,medium_blur
000135.png,C:\Users\User\comp6001_assignment1\data\raw\gopro\blur\images\000135.png,C:\Users\User\comp6001_assignment1\data\raw\gopro\sharp\images\000135.png,"(720, 1280)","(720, 1280)",39.76628014446777,117.50219871486968,0.3384300938706701,medium_blur
000136.png,C:\Users\User\comp6001_assignment1\data\raw\gopro\blur\images\000136.png,C:\Users\User\comp6001_assignment1\data\raw\gopro\sharp\images\000136.png,"(720, 1280)","(720, 1280)",29.389536679863628,113.76934873295421,0.2583256123427861,medium_blur
000137.png,C:\Users\User\comp6001_assignment1\data\raw\gopro\blur\images\000137.png,C:\Users\User\comp6001_assignment1\data\raw\gopro\sharp\images\000137.png,"(720, 1280)","(720, 1280)",25.921832672541818,108.30406996335516,0.2393431075943783,high_blur
000138.png,C:\Users\User\comp6001_assignment1\data\raw\gopro\blur\images\000138.png,C:\Users\User\comp6001_assignment1\data\raw\gopro\sharp\images\000138.png,"(720, 1280)","(720, 1280)",30.481365051004605,119.19033613619278,0.25573688301052966,medium_blur
000139.png,C:\Users\User\comp6001_assignment1\data\raw\gopro\blur\images\000139.png,C:\Users\User\comp6001_assignment1\data\raw\gopro\sharp\images\000139.png,"(720, 1280)","(720, 1280)",28.962942422653715,116.68376143655657,0.24821742171826805,medium_blur
000140.png,C:\Users\User\comp6001_assignment1\data\raw\gopro\blur\images\000140.png,C:\Users\User\comp6001_assignment1\data\raw\gopro\sharp\images\000140.png,"(720, 1280)","(720, 1280)",43.83946255106986,119.04081812199728,0.36827252398802307,low_blur
000141.png,C:\Users\User\comp6001_assignment1\data\raw\gopro\blur\images\000141.png,C:\Users\User\comp6001_assignment1\data\raw\gopro\sharp\images\000141.png,"(720, 1280)","(720, 1280)",31.300932272659104,116.42572191398996,0.26884894296033934,medium_blur
000142.png,C:\Users\User\comp6001_assignment1\data\raw\gopro\blur\images\000142.png,C:\Users\User\comp6001_assignment1\data\raw\gopro\sharp\images\000142.png,"(720, 1280)","(720, 1280)",20.13393805607926,117.34476858938594,0.17157934091477361,high_blur
000143.png,C:\Users\User\comp6001_assignment1\data\raw\gopro\blur\images\000143.png,C:\Users\User\comp6001_assignment1\data\raw\gopro\sharp\images\000143.png,"(720, 1280)","(720, 1280)",20.067002163352488,117.1794535915693,0.17125017694299732,high_blur
000144.png,C:\Users\User\comp6001_assignment1\data\raw\gopro\blur\images\000144.png,C:\Users\User\comp6001_assignment1\data\raw\gopro\sharp\images\000144.png,"(720, 1280)","(720, 1280)",33.290951541984235,115.4156519334534,0.2884439933527799,medium_blur
000145.png,C:\Users\User\comp6001_assignment1\data\raw\gopro\blur\images\000145.png,C:\Users\User\comp6001_assignment1\data\raw\gopro\sharp\images\000145.png,"(720, 1280)","(720, 1280)",29.127419523940848,125.9183394875938,0.23131991447915695,medium_blur
000146.png,C:\Users\User\comp6001_assignment1\data\raw\gopro\blur\images\000146.png,C:\Users\User\comp6001_assignment1\data\raw\gopro\sharp\images\000146.png,"(720, 1280)","(720, 1280)",25.680477087232806,120.8568067753357,0.21248680790355598,high_blur
000147.png,C:\Users\User\comp6001_assignment1\data\raw\gopro\blur\images\000147.png,C:\Users\User\comp6001_assignment1\data\raw\gopro\sharp\images\000147.png,"(720, 1280)","(720, 1280)",23.702072328350866,120.59522356683124,0.19654238057985998,high_blur
000148.png,C:\Users\User\comp6001_assignment1\data\raw\gopro\blur\images\000148.png,C:\Users\User\comp6001_assignment1\data\raw\gopro\sharp\images\000148.png,"(720, 1280)","(720, 1280)",39.028952875150274,117.0204412987498,0.33352252340405436,medium_blur
000149.png,C:\Users\User\comp6001_assignment1\data\raw\gopro\blur\images\000149.png,C:\Users\User\comp6001_assignment1\data\raw\gopro\sharp\images\000149.png,"(720, 1280)","(720, 1280)",32.299061265432094,142.67631360227676,0.22637998170603757,medium_blur
000150.png,C:\Users\User\comp6001_assignment1\data\raw\gopro\blur\images\000150.png,C:\Users\User\comp6001_assignment1\data\raw\gopro\sharp\images\000150.png,"(720, 1280)","(720, 1280)",26.013226456082894,130.74532536409046,0.19896104416470312,high_blur
000151.png,C:\Users\User\comp6001_assignment1\data\raw\gopro\blur\images\000151.png,C:\Users\User\comp6001_assignment1\data\raw\gopro\sharp\images\000151.png,"(720, 1280)","(720, 1280)",35.926244331826105,115.8656089422862,0.310068230398035,medium_blur
000152.png,C:\Users\User\comp6001_assignment1\data\raw\gopro\blur\images\000152.png,C:\Users\User\comp6001_assignment1\data\raw\gopro\sharp\images\000152.png,"(720, 1280)","(720, 1280)",41.74482597322699,162.85575676529376,0.2563300604155243,medium_blur
000153.png,C:\Users\User\comp6001_assignment1\data\raw\gopro\blur\images\000153.png,C:\Users\User\comp6001_assignment1\data\raw\gopro\sharp\images\000153.png,"(720, 1280)","(720, 1280)",32.627605210664534,133.00561163183025,0.24530998961552952,medium_blur
000154.png,C:\Users\User\comp6001_assignment1\data\raw\gopro\blur\images\000154.png,C:\Users\User\comp6001_assignment1\data\raw\gopro\sharp\images\000154.png,"(720, 1280)","(720, 1280)",28.390530137761427,120.61174885640912,0.23538776615541068,medium_blur
000155.png,C:\Users\User\comp6001_assignment1\data\raw\gopro\blur\images\000155.png,C:\Users\User\comp6001_assignment1\data\raw\gopro\sharp\images\000155.png,"(720, 1280)","(720, 1280)",51.199129526085294,149.09739736302575,0.34339385145664575,low_blur
000156.png,C:\Users\User\comp6001_assignment1\data\raw\gopro\blur\images\000156.png,C:\Users\User\comp6001_assignment1\data\raw\gopro\sharp\images\000156.png,"(720, 1280)","(720, 1280)",47.00366966244615,122.72149186587747,0.38301090496835255,low_blur
000157.png,C:\Users\User\comp6001_assignment1\data\raw\gopro\blur\images\000157.png,C:\Users\User\comp6001_assignment1\data\raw\gopro\sharp\images\000157.png,"(720, 1280)","(720, 1280)",39.98843286125278,122.75274623585337,0.3257640589251062,medium_blur
000158.png,C:\Users\User\comp6001_assignment1\data\raw\gopro\blur\images\000158.png,C:\Users\User\comp6001_assignment1\data\raw\gopro\sharp\images\000158.png,"(720, 1280)","(720, 1280)",30.377533571020763,152.30597547669467,0.1994507009587061,medium_blur
000159.png,C:\Users\User\comp6001_assignment1\data\raw\gopro\blur\images\000159.png,C:\Users\User\comp6001_assignment1\data\raw\gopro\sharp\images\000159.png,"(720, 1280)","(720, 1280)",53.08111320043022,156.84317164500555,0.33843432672471185,low_blur
000160.png,C:\Users\User\comp6001_assignment1\data\raw\gopro\blur\images\000160.png,C:\Users\User\comp6001_assignment1\data\raw\gopro\sharp\images\000160.png,"(720, 1280)","(720, 1280)",55.07676272653535,166.259789863444,0.33126929108029946,low_blur
000161.png,C:\Users\User\comp6001_assignment1\data\raw\gopro\blur\images\000161.png,C:\Users\User\comp6001_assignment1\data\raw\gopro\sharp\images\000161.png,"(720, 1280)","(720, 1280)",37.11240481588105,135.89832544453475,0.2730894931321073,medium_blur
000162.png,C:\Users\User\comp6001_assignment1\data\raw\gopro\blur\images\000162.png,C:\Users\User\comp6001_assignment1\data\raw\gopro\sharp\images\000162.png,"(720, 1280)","(720, 1280)",34.91684691746912,122.1052374695566,0.2859569960978542,medium_blur
000163.png,C:\Users\User\comp6001_assignment1\data\raw\gopro\blur\images\000163.png,C:\Users\User\comp6001_assignment1\data\raw\gopro\sharp\images\000163.png,"(720, 1280)","(720, 1280)",46.86249842663046,118.40718562133105,0.3957741092887731,low_blur
000164.png,C:\Users\User\comp6001_assignment1\data\raw\gopro\blur\images\000164.png,C:\Users\User\comp6001_assignment1\data\raw\gopro\sharp\images\000164.png,"(720, 1280)","(720, 1280)",51.04988328631245,122.05660009613041,0.4182476264448105,low_blur
000165.png,C:\Users\User\comp6001_assignment1\data\raw\gopro\blur\images\000165.png,C:\Users\User\comp6001_assignment1\data\raw\gopro\sharp\images\000165.png,"(720, 1280)","(720, 1280)",48.98449317770943,123.56344427785876,0.3964319177085501,low_blur
000166.png,C:\Users\User\comp6001_assignment1\data\raw\gopro\blur\images\000166.png,C:\Users\User\comp6001_assignment1\data\raw\gopro\sharp\images\000166.png,"(720, 1280)","(720, 1280)",46.93089523209465,119.94230690273237,0.3912789110037765,low_blur
000167.png,C:\Users\User\comp6001_assignment1\data\raw\gopro\blur\images\000167.png,C:\Users\User\comp6001_assignment1\data\raw\gopro\sharp\images\000167.png,"(720, 1280)","(720, 1280)",28.417111472725562,113.42103513046072,0.2505453370050254,medium_blur
000168.png,C:\Users\User\comp6001_assignment1\data\raw\gopro\blur\images\000168.png,C:\Users\User\comp6001_assignment1\data\raw\gopro\sharp\images\000168.png,"(720, 1280)","(720, 1280)",24.26722486877324,119.1161028515839,0.2037274917982534,high_blur
000169.png,C:\Users\User\comp6001_assignment1\data\raw\gopro\blur\images\000169.png,C:\Users\User\comp6001_assignment1\data\raw\gopro\sharp\images\000169.png,"(720, 1280)","(720, 1280)",33.10233727030813,120.45442898898182,0.27481212227229884,medium_blur
000170.png,C:\Users\User\comp6001_assignment1\data\raw\gopro\blur\images\000170.png,C:\Users\User\comp6001_assignment1\data\raw\gopro\sharp\images\000170.png,"(720, 1280)","(720, 1280)",33.09348463946683,114.618627998969,0.28872693046785763,medium_blur
000171.png,C:\Users\User\comp6001_assignment1\data\raw\gopro\blur\images\000171.png,C:\Users\User\comp6001_assignment1\data\raw\gopro\sharp\images\000171.png,"(720, 1280)","(720, 1280)",23.56313260393378,112.63034341232749,0.209207677859772,high_blur
000172.png,C:\Users\User\comp6001_assignment1\data\raw\gopro\blur\images\000172.png,C:\Users\User\comp6001_assignment1\data\raw\gopro\sharp\images\000172.png,"(720, 1280)","(720, 1280)",50.228080122882936,131.32072671843636,0.382484024983746,low_blur
000173.png,C:\Users\User\comp6001_assignment1\data\raw\gopro\blur\images\000173.png,C:\Users\User\comp6001_assignment1\data\raw\gopro\sharp\images\000173.png,"(720, 1280)","(720, 1280)",45.83783309792294,119.5806770166421,0.38332140474259446,low_blur
000174.png,C:\Users\User\comp6001_assignment1\data\raw\gopro\blur\images\000174.png,C:\Users\User\comp6001_assignment1\data\raw\gopro\sharp\images\000174.png,"(720, 1280)","(720, 1280)",37.866106848510704,117.61331802028606,0.32195424364067327,medium_blur
000175.png,C:\Users\User\comp6001_assignment1\data\raw\gopro\blur\images\000175.png,C:\Users\User\comp6001_assignment1\data\raw\gopro\sharp\images\000175.png,"(720, 1280)","(720, 1280)",25.093895848327218,121.18807443858483,0.20706571964697348,high_blur
000176.png,C:\Users\User\comp6001_assignment1\data\raw\gopro\blur\images\000176.png,C:\Users\User\comp6001_assignment1\data\raw\gopro\sharp\images\000176.png,"(720, 1280)","(720, 1280)",45.81802297630311,121.17076136762712,0.378127713776691,low_blur
000177.png,C:\Users\User\comp6001_assignment1\data\raw\gopro\blur\images\000177.png,C:\Users\User\comp6001_assignment1\data\raw\gopro\sharp\images\000177.png,"(720, 1280)","(720, 1280)",34.651415554299774,116.31506993044637,0.29790994040618635,medium_blur
000178.png,C:\Users\User\comp6001_assignment1\data\raw\gopro\blur\images\000178.png,C:\Users\User\comp6001_assignment1\data\raw\gopro\sharp\images\000178.png,"(720, 1280)","(720, 1280)",31.85868776767754,113.85024998914932,0.2798297567894281,medium_blur
000179.png,C:\Users\User\comp6001_assignment1\data\raw\gopro\blur\images\000179.png,C:\Users\User\comp6001_assignment1\data\raw\gopro\sharp\images\000179.png,"(720, 1280)","(720, 1280)",32.52896536337768,119.50827376887946,0.27219006964793496,medium_blur
000180.png,C:\Users\User\comp6001_assignment1\data\raw\gopro\blur\images\000180.png,C:\Users\User\comp6001_assignment1\data\raw\gopro\sharp\images\000180.png,"(720, 1280)","(720, 1280)",37.50634038096769,123.04241164355687,0.30482449000245576,medium_blur
000181.png,C:\Users\User\comp6001_assignment1\data\raw\gopro\blur\images\000181.png,C:\Users\User\comp6001_assignment1\data\raw\gopro\sharp\images\000181.png,"(720, 1280)","(720, 1280)",58.199442782913,299.0489298646526,0.19461511802535958,low_blur
000182.png,C:\Users\User\comp6001_assignment1\data\raw\gopro\blur\images\000182.png,C:\Users\User\comp6001_assignment1\data\raw\gopro\sharp\images\000182.png,"(720, 1280)","(720, 1280)",34.84972254681999,259.3486186095768,0.13437404344898013,medium_blur
000183.png,C:\Users\User\comp6001_assignment1\data\raw\gopro\blur\images\000183.png,C:\Users\User\comp6001_assignment1\data\raw\gopro\sharp\images\000183.png,"(720, 1280)","(720, 1280)",23.99786181694194,259.4998116503951,0.09247737662464167,high_blur
000184.png,C:\Users\User\comp6001_assignment1\data\raw\gopro\blur\images\000184.png,C:\Users\User\comp6001_assignment1\data\raw\gopro\sharp\images\000184.png,"(720, 1280)","(720, 1280)",20.14848627062079,237.58753158569354,0.08480447662930303,high_blur
000185.png,C:\Users\User\comp6001_assignment1\data\raw\gopro\blur\images\000185.png,C:\Users\User\comp6001_assignment1\data\raw\gopro\sharp\images\000185.png,"(720, 1280)","(720, 1280)",19.55922592716452,205.44072016774876,0.09520617874704555,high_blur
000186.png,C:\Users\User\comp6001_assignment1\data\raw\gopro\blur\images\000186.png,C:\Users\User\comp6001_assignment1\data\raw\gopro\sharp\images\000186.png,"(720, 1280)","(720, 1280)",59.56731552009112,507.3426779079858,0.11741041728352379,low_blur
000187.png,C:\Users\User\comp6001_assignment1\data\raw\gopro\blur\images\000187.png,C:\Users\User\comp6001_assignment1\data\raw\gopro\sharp\images\000187.png,"(720, 1280)","(720, 1280)",46.11914720461694,454.1752712124294,0.10154482228960983,low_blur
000188.png,C:\Users\User\comp6001_assignment1\data\raw\gopro\blur\images\000188.png,C:\Users\User\comp6001_assignment1\data\raw\gopro\sharp\images\000188.png,"(720, 1280)","(720, 1280)",32.844045963541674,456.1471928829513,0.07200317457888976,medium_blur
000189.png,C:\Users\User\comp6001_assignment1\data\raw\gopro\blur\images\000189.png,C:\Users\User\comp6001_assignment1\data\raw\gopro\sharp\images\000189.png,"(720, 1280)","(720, 1280)",33.535629339599616,449.6080676183585,0.07458858448981354,medium_blur
000190.png,C:\Users\User\comp6001_assignment1\data\raw\gopro\blur\images\000190.png,C:\Users\User\comp6001_assignment1\data\raw\gopro\sharp\images\000190.png,"(720, 1280)","(720, 1280)",40.89527635832892,466.90116694409295,0.08758872166697725,medium_blur
000191.png,C:\Users\User\comp6001_assignment1\data\raw\gopro\blur\images\000191.png,C:\Users\User\comp6001_assignment1\data\raw\gopro\sharp\images\000191.png,"(720, 1280)","(720, 1280)",41.39652147284143,483.7681808937909,0.08557098855799723,medium_blur
000192.png,C:\Users\User\comp6001_assignment1\data\raw\gopro\blur\images\000192.png,C:\Users\User\comp6001_assignment1\data\raw\gopro\sharp\images\000192.png,"(720, 1280)","(720, 1280)",39.173010862975644,463.6188527163176,0.08449399896621583,medium_blur
000193.png,C:\Users\User\comp6001_assignment1\data\raw\gopro\blur\images\000193.png,C:\Users\User\comp6001_assignment1\data\raw\gopro\sharp\images\000193.png,"(720, 1280)","(720, 1280)",42.28591089126679,451.8407080038553,0.0935858813543868,medium_blur
000194.png,C:\Users\User\comp6001_assignment1\data\raw\gopro\blur\images\000194.png,C:\Users\User\comp6001_assignment1\data\raw\gopro\sharp\images\000194.png,"(720, 1280)","(720, 1280)",39.54469021238988,436.5865632420755,0.09057697497107267,medium_blur
000195.png,C:\Users\User\comp6001_assignment1\data\raw\gopro\blur\images\000195.png,C:\Users\User\comp6001_assignment1\data\raw\gopro\sharp\images\000195.png,"(720, 1280)","(720, 1280)",35.06508980178716,449.3834523799144,0.07802933021966817,medium_blur
000196.png,C:\Users\User\comp6001_assignment1\data\raw\gopro\blur\images\000196.png,C:\Users\User\comp6001_assignment1\data\raw\gopro\sharp\images\000196.png,"(720, 1280)","(720, 1280)",48.02397069566046,433.9213284223757,0.11067437240099788,low_blur
000197.png,C:\Users\User\comp6001_assignment1\data\raw\gopro\blur\images\000197.png,C:\Users\User\comp6001_assignment1\data\raw\gopro\sharp\images\000197.png,"(720, 1280)","(720, 1280)",46.852229624589285,451.6726265758939,0.10373050494278618,low_blur
000198.png,C:\Users\User\comp6001_assignment1\data\raw\gopro\blur\images\000198.png,C:\Users\User\comp6001_assignment1\data\raw\gopro\sharp\images\000198.png,"(720, 1280)","(720, 1280)",32.34361434815962,419.22587961001915,0.07715080561695153,medium_blur
000199.png,C:\Users\User\comp6001_assignment1\data\raw\gopro\blur\images\000199.png,C:\Users\User\comp6001_assignment1\data\raw\gopro\sharp\images\000199.png,"(720, 1280)","(720, 1280)",30.311799042426223,426.55589424686656,0.07106172825306885,medium_blur
000200.png,C:\Users\User\comp6001_assignment1\data\raw\gopro\blur\images\000200.png,C:\Users\User\comp6001_assignment1\data\raw\gopro\sharp\images\000200.png,"(720, 1280)","(720, 1280)",33.517815752607504,399.34973692542053,0.08393098242613271,medium_blur
000201.png,C:\Users\User\comp6001_assignment1\data\raw\gopro\blur\images\000201.png,C:\Users\User\comp6001_assignment1\data\raw\gopro\sharp\images\000201.png,"(720, 1280)","(720, 1280)",45.04459679480659,467.5269785996001,0.09634651871591833,low_blur
000202.png,C:\Users\User\comp6001_assignment1\data\raw\gopro\blur\images\000202.png,C:\Users\User\comp6001_assignment1\data\raw\gopro\sharp\images\000202.png,"(720, 1280)","(720, 1280)",54.843207166194915,422.7631076343487,0.12972562216174263,low_blur
000203.png,C:\Users\User\comp6001_assignment1\data\raw\gopro\blur\images\000203.png,C:\Users\User\comp6001_assignment1\data\raw\gopro\sharp\images\000203.png,"(720, 1280)","(720, 1280)",36.91554143990295,395.32443131011206,0.09338036942627198,medium_blur
000204.png,C:\Users\User\comp6001_assignment1\data\raw\gopro\blur\images\000204.png,C:\Users\User\comp6001_assignment1\data\raw\gopro\sharp\images\000204.png,"(720, 1280)","(720, 1280)",43.27139567523415,415.2339920470052,0.10420966612312814,low_blur
000205.png,C:\Users\User\comp6001_assignment1\data\raw\gopro\blur\images\000205.png,C:\Users\User\comp6001_assignment1\data\raw\gopro\sharp\images\000205.png,"(720, 1280)","(720, 1280)",65.59492833149756,404.02196249318905,0.16235485795151494,low_blur
000206.png,C:\Users\User\comp6001_assignment1\data\raw\gopro\blur\images\000206.png,C:\Users\User\comp6001_assignment1\data\raw\gopro\sharp\images\000206.png,"(720, 1280)","(720, 1280)",33.40765055676567,415.460299916669,0.08041117421487035,medium_blur
000207.png,C:\Users\User\comp6001_assignment1\data\raw\gopro\blur\images\000207.png,C:\Users\User\comp6001_assignment1\data\raw\gopro\sharp\images\000207.png,"(720, 1280)","(720, 1280)",44.532758862812145,415.5534882378473,0.10716492610994906,low_blur
000208.png,C:\Users\User\comp6001_assignment1\data\raw\gopro\blur\images\000208.png,C:\Users\User\comp6001_assignment1\data\raw\gopro\sharp\images\000208.png,"(720, 1280)","(720, 1280)",92.4756969687379,413.7669676069848,0.2234970507707147,low_blur
000209.png,C:\Users\User\comp6001_assignment1\data\raw\gopro\blur\images\000209.png,C:\Users\User\comp6001_assignment1\data\raw\gopro\sharp\images\000209.png,"(720, 1280)","(720, 1280)",51.207339406029966,425.05658705419836,0.12047181708137103,low_blur
000210.png,C:\Users\User\comp6001_assignment1\data\raw\gopro\blur\images\000210.png,C:\Users\User\comp6001_assignment1\data\raw\gopro\sharp\images\000210.png,"(720, 1280)","(720, 1280)",87.90228701047076,396.6575473415045,0.2216074989557043,low_blur
000211.png,C:\Users\User\comp6001_assignment1\data\raw\gopro\blur\images\000211.png,C:\Users\User\comp6001_assignment1\data\raw\gopro\sharp\images\000211.png,"(720, 1280)","(720, 1280)",50.68364580541068,389.3461698234229,0.13017630512994405,low_blur
000212.png,C:\Users\User\comp6001_assignment1\data\raw\gopro\blur\images\000212.png,C:\Users\User\comp6001_assignment1\data\raw\gopro\sharp\images\000212.png,"(720, 1280)","(720, 1280)",46.27425607728842,405.3488147783444,0.11415910048102851,low_blur
000213.png,C:\Users\User\comp6001_assignment1\data\raw\gopro\blur\images\000213.png,C:\Users\User\comp6001_assignment1\data\raw\gopro\sharp\images\000213.png,"(720, 1280)","(720, 1280)",47.15465659268226,379.5039162258525,0.12425341235049807,low_blur
000214.png,C:\Users\User\comp6001_assignment1\data\raw\gopro\blur\images\000214.png,C:\Users\User\comp6001_assignment1\data\raw\gopro\sharp\images\000214.png,"(720, 1280)","(720, 1280)",35.31229482890822,389.2130106800174,0.0907274265223167,medium_blur
000215.png,C:\Users\User\comp6001_assignment1\data\raw\gopro\blur\images\000215.png,C:\Users\User\comp6001_assignment1\data\raw\gopro\sharp\images\000215.png,"(720, 1280)","(720, 1280)",33.98540579668211,368.5597061595023,0.09221139812026023,medium_blur
000216.png,C:\Users\User\comp6001_assignment1\data\raw\gopro\blur\images\000216.png,C:\Users\User\comp6001_assignment1\data\raw\gopro\sharp\images\000216.png,"(720, 1280)","(720, 1280)",37.90719906517193,438.7002094523004,0.08640798031902804,medium_blur
000217.png,C:\Users\User\comp6001_assignment1\data\raw\gopro\blur\images\000217.png,C:\Users\User\comp6001_assignment1\data\raw\gopro\sharp\images\000217.png,"(720, 1280)","(720, 1280)",40.09471005120807,365.01514317191686,0.1098439634632517,medium_blur
000218.png,C:\Users\User\comp6001_assignment1\data\raw\gopro\blur\images\000218.png,C:\Users\User\comp6001_assignment1\data\raw\gopro\sharp\images\000218.png,"(720, 1280)","(720, 1280)",37.01253673636353,368.22578621248687,0.100515874013234,medium_blur
000219.png,C:\Users\User\comp6001_assignment1\data\raw\gopro\blur\images\000219.png,C:\Users\User\comp6001_assignment1\data\raw\gopro\sharp\images\000219.png,"(720, 1280)","(720, 1280)",61.3120536390222,372.7575241647934,0.16448240387569418,low_blur
000220.png,C:\Users\User\comp6001_assignment1\data\raw\gopro\blur\images\000220.png,C:\Users\User\comp6001_assignment1\data\raw\gopro\sharp\images\000220.png,"(720, 1280)","(720, 1280)",51.91197696408402,371.4977046853231,0.13973700593024838,low_blur
000221.png,C:\Users\User\comp6001_assignment1\data\raw\gopro\blur\images\000221.png,C:\Users\User\comp6001_assignment1\data\raw\gopro\sharp\images\000221.png,"(720, 1280)","(720, 1280)",34.284164055548764,395.6000399247806,0.08666370221095254,medium_blur
000222.png,C:\Users\User\comp6001_assignment1\data\raw\gopro\blur\images\000222.png,C:\Users\User\comp6001_assignment1\data\raw\gopro\sharp\images\000222.png,"(720, 1280)","(720, 1280)",36.63869203287758,354.30511963947333,0.10340999889904369,medium_blur
000223.png,C:\Users\User\comp6001_assignment1\data\raw\gopro\blur\images\000223.png,C:\Users\User\comp6001_assignment1\data\raw\gopro\sharp\images\000223.png,"(720, 1280)","(720, 1280)",41.72657966703722,350.0382231925636,0.11920578068667224,medium_blur
000224.png,C:\Users\User\comp6001_assignment1\data\raw\gopro\blur\images\000224.png,C:\Users\User\comp6001_assignment1\data\raw\gopro\sharp\images\000224.png,"(720, 1280)","(720, 1280)",82.31067057103289,453.4106434141264,0.18153669695406416,low_blur
000225.png,C:\Users\User\comp6001_assignment1\data\raw\gopro\blur\images\000225.png,C:\Users\User\comp6001_assignment1\data\raw\gopro\sharp\images\000225.png,"(720, 1280)","(720, 1280)",39.80705925014164,379.09369031490615,0.10500586073069322,medium_blur
000226.png,C:\Users\User\comp6001_assignment1\data\raw\gopro\blur\images\000226.png,C:\Users\User\comp6001_assignment1\data\raw\gopro\sharp\images\000226.png,"(720, 1280)","(720, 1280)",48.87266924363125,377.8222916234227,0.12935358851470136,low_blur
000227.png,C:\Users\User\comp6001_assignment1\data\raw\gopro\blur\images\000227.png,C:\Users\User\comp6001_assignment1\data\raw\gopro\sharp\images\000227.png,"(720, 1280)","(720, 1280)",39.15548903932806,364.77721245617226,0.10734083078985959,medium_blur
000228.png,C:\Users\User\comp6001_assignment1\data\raw\gopro\blur\images\000228.png,C:\Users\User\comp6001_assignment1\data\raw\gopro\sharp\images\000228.png,"(720, 1280)","(720, 1280)",30.96599166636525,346.7986859352099,0.08929097174046823,medium_blur
000229.png,C:\Users\User\comp6001_assignment1\data\raw\gopro\blur\images\000229.png,C:\Users\User\comp6001_assignment1\data\raw\gopro\sharp\images\000229.png,"(720, 1280)","(720, 1280)",27.157408642502766,305.5152460225129,0.08889051854260877,high_blur
000230.png,C:\Users\User\comp6001_assignment1\data\raw\gopro\blur\images\000230.png,C:\Users\User\comp6001_assignment1\data\raw\gopro\sharp\images\000230.png,"(720, 1280)","(720, 1280)",44.874112355168656,314.7799872806679,0.14255706895918988,low_blur
000231.png,C:\Users\User\comp6001_assignment1\data\raw\gopro\blur\images\000231.png,C:\Users\User\comp6001_assignment1\data\raw\gopro\sharp\images\000231.png,"(720, 1280)","(720, 1280)",22.92313309553992,326.9099637903096,0.07012063147008372,high_blur
000232.png,C:\Users\User\comp6001_assignment1\data\raw\gopro\blur\images\000232.png,C:\Users\User\comp6001_assignment1\data\raw\gopro\sharp\images\000232.png,"(720, 1280)","(720, 1280)",35.8390754682176,359.68062933684445,0.09964138333859937,medium_blur
000233.png,C:\Users\User\comp6001_assignment1\data\raw\gopro\blur\images\000233.png,C:\Users\User\comp6001_assignment1\data\raw\gopro\sharp\images\000233.png,"(720, 1280)","(720, 1280)",21.217222702015768,329.09774275918556,0.0644708849215553,high_blur
000234.png,C:\Users\User\comp6001_assignment1\data\raw\gopro\blur\images\000234.png,C:\Users\User\comp6001_assignment1\data\raw\gopro\sharp\images\000234.png,"(720, 1280)","(720, 1280)",36.645941365558706,320.9307449884193,0.11418644656727793,medium_blur
000235.png,C:\Users\User\comp6001_assignment1\data\raw\gopro\blur\images\000235.png,C:\Users\User\comp6001_assignment1\data\raw\gopro\sharp\images\000235.png,"(720, 1280)","(720, 1280)",25.97340241902669,363.50992458699534,0.07145170093449872,high_blur
000236.png,C:\Users\User\comp6001_assignment1\data\raw\gopro\blur\images\000236.png,C:\Users\User\comp6001_assignment1\data\raw\gopro\sharp\images\000236.png,"(720, 1280)","(720, 1280)",22.609325671495032,317.2209385530154,0.07127311889912881,high_blur
000237.png,C:\Users\User\comp6001_assignment1\data\raw\gopro\blur\images\000237.png,C:\Users\User\comp6001_assignment1\data\raw\gopro\sharp\images\000237.png,"(720, 1280)","(720, 1280)",27.452431462021806,292.6562787867228,0.0938043481414253,medium_blur
000238.png,C:\Users\User\comp6001_assignment1\data\raw\gopro\blur\images\000238.png,C:\Users\User\comp6001_assignment1\data\raw\gopro\sharp\images\000238.png,"(720, 1280)","(720, 1280)",23.25289056904641,286.7985739052668,0.08107742744884207,high_blur
000239.png,C:\Users\User\comp6001_assignment1\data\raw\gopro\blur\images\000239.png,C:\Users\User\comp6001_assignment1\data\raw\gopro\sharp\images\000239.png,"(720, 1280)","(720, 1280)",30.75665492044967,286.3095079009903,0.10742449716343856,medium_blur
000240.png,C:\Users\User\comp6001_assignment1\data\raw\gopro\blur\images\000240.png,C:\Users\User\comp6001_assignment1\data\raw\gopro\sharp\images\000240.png,"(720, 1280)","(720, 1280)",22.859637450700916,246.60507717464117,0.09269735121302944,high_blur
000241.png,C:\Users\User\comp6001_assignment1\data\raw\gopro\blur\images\000241.png,C:\Users\User\comp6001_assignment1\data\raw\gopro\sharp\images\000241.png,"(720, 1280)","(720, 1280)",25.044396594007516,271.2612279843742,0.09232575100827502,high_blur
000242.png,C:\Users\User\comp6001_assignment1\data\raw\gopro\blur\images\000242.png,C:\Users\User\comp6001_assignment1\data\raw\gopro\sharp\images\000242.png,"(720, 1280)","(720, 1280)",23.708117438411726,204.28716578487828,0.11605289713704627,high_blur
000243.png,C:\Users\User\comp6001_assignment1\data\raw\gopro\blur\images\000243.png,C:\Users\User\comp6001_assignment1\data\raw\gopro\sharp\images\000243.png,"(720, 1280)","(720, 1280)",19.044632090786372,204.99935236691968,0.09290093783208729,high_blur
000244.png,C:\Users\User\comp6001_assignment1\data\raw\gopro\blur\images\000244.png,C:\Users\User\comp6001_assignment1\data\raw\gopro\sharp\images\000244.png,"(720, 1280)","(720, 1280)",16.65385821729118,221.0321480901635,0.07534586421222435,high_blur
000245.png,C:\Users\User\comp6001_assignment1\data\raw\gopro\blur\images\000245.png,C:\Users\User\comp6001_assignment1\data\raw\gopro\sharp\images\000245.png,"(720, 1280)","(720, 1280)",17.556581857638882,190.53113554106824,0.09214547431767746,high_blur
000246.png,C:\Users\User\comp6001_assignment1\data\raw\gopro\blur\images\000246.png,C:\Users\User\comp6001_assignment1\data\raw\gopro\sharp\images\000246.png,"(720, 1280)","(720, 1280)",17.736425780044375,232.81410021845372,0.07618278172430336,high_blur
000247.png,C:\Users\User\comp6001_assignment1\data\raw\gopro\blur\images\000247.png,C:\Users\User\comp6001_assignment1\data\raw\gopro\sharp\images\000247.png,"(720, 1280)","(720, 1280)",31.969342347528922,302.39353397953255,0.10572098525306282,medium_blur
000248.png,C:\Users\User\comp6001_assignment1\data\raw\gopro\blur\images\000248.png,C:\Users\User\comp6001_assignment1\data\raw\gopro\sharp\images\000248.png,"(720, 1280)","(720, 1280)",24.69333197360451,264.3523285257974,0.0934106845601727,high_blur
000249.png,C:\Users\User\comp6001_assignment1\data\raw\gopro\blur\images\000249.png,C:\Users\User\comp6001_assignment1\data\raw\gopro\sharp\images\000249.png,"(720, 1280)","(720, 1280)",27.46072038572335,320.3189045489229,0.08572931536318966,medium_blur
000250.png,C:\Users\User\comp6001_assignment1\data\raw\gopro\blur\images\000250.png,C:\Users\User\comp6001_assignment1\data\raw\gopro\sharp\images\000250.png,"(720, 1280)","(720, 1280)",24.06913084874918,261.1528673889148,0.09216491125859719,high_blur
000251.png,C:\Users\User\comp6001_assignment1\data\raw\gopro\blur\images\000251.png,C:\Users\User\comp6001_assignment1\data\raw\gopro\sharp\images\000251.png,"(720, 1280)","(720, 1280)",40.14937571716194,277.80152310176425,0.14452539808793333,medium_blur
000252.png,C:\Users\User\comp6001_assignment1\data\raw\gopro\blur\images\000252.png,C:\Users\User\comp6001_assignment1\data\raw\gopro\sharp\images\000252.png,"(720, 1280)","(720, 1280)",27.69655795203317,269.73465901268867,0.10268075319791767,medium_blur
000253.png,C:\Users\User\comp6001_assignment1\data\raw\gopro\blur\images\000253.png,C:\Users\User\comp6001_assignment1\data\raw\gopro\sharp\images\000253.png,"(720, 1280)","(720, 1280)",79.31770428838732,272.88310665961376,0.29066549870534564,low_blur
000254.png,C:\Users\User\comp6001_assignment1\data\raw\gopro\blur\images\000254.png,C:\Users\User\comp6001_assignment1\data\raw\gopro\sharp\images\000254.png,"(720, 1280)","(720, 1280)",27.729673378526435,261.1574693299177,0.10617989770162004,medium_blur
000255.png,C:\Users\User\comp6001_assignment1\data\raw\gopro\blur\images\000255.png,C:\Users\User\comp6001_assignment1\data\raw\gopro\sharp\images\000255.png,"(720, 1280)","(720, 1280)",41.29547189726537,296.28917743210854,0.13937556630914752,medium_blur
000256.png,C:\Users\User\comp6001_assignment1\data\raw\gopro\blur\images\000256.png,C:\Users\User\comp6001_assignment1\data\raw\gopro\sharp\images\000256.png,"(720, 1280)","(720, 1280)",83.60337935872842,276.39843801709867,0.30247413826025954,low_blur
000257.png,C:\Users\User\comp6001_assignment1\data\raw\gopro\blur\images\000257.png,C:\Users\User\comp6001_assignment1\data\raw\gopro\sharp\images\000257.png,"(720, 1280)","(720, 1280)",40.96219970190261,288.4229578990748,0.14202128706694675,medium_blur
000258.png,C:\Users\User\comp6001_assignment1\data\raw\gopro\blur\images\000258.png,C:\Users\User\comp6001_assignment1\data\raw\gopro\sharp\images\000258.png,"(720, 1280)","(720, 1280)",28.12464465637089,304.8763008754294,0.09224936334733329,medium_blur
000259.png,C:\Users\User\comp6001_assignment1\data\raw\gopro\blur\images\000259.png,C:\Users\User\comp6001_assignment1\data\raw\gopro\sharp\images\000259.png,"(720, 1280)","(720, 1280)",24.268060869936296,311.4087498172713,0.07792992612891265,high_blur
000260.png,C:\Users\User\comp6001_assignment1\data\raw\gopro\blur\images\000260.png,C:\Users\User\comp6001_assignment1\data\raw\gopro\sharp\images\000260.png,"(720, 1280)","(720, 1280)",42.80079318514107,422.0076849192679,0.10142183356759213,low_blur
000261.png,C:\Users\User\comp6001_assignment1\data\raw\gopro\blur\images\000261.png,C:\Users\User\comp6001_assignment1\data\raw\gopro\sharp\images\000261.png,"(720, 1280)","(720, 1280)",38.85406590767852,400.9843370140345,0.0968967172035691,medium_blur
000262.png,C:\Users\User\comp6001_assignment1\data\raw\gopro\blur\images\000262.png,C:\Users\User\comp6001_assignment1\data\raw\gopro\sharp\images\000262.png,"(720, 1280)","(720, 1280)",57.59710372171281,346.38491465193664,0.16628063545413402,low_blur
000263.png,C:\Users\User\comp6001_assignment1\data\raw\gopro\blur\images\000263.png,C:\Users\User\comp6001_assignment1\data\raw\gopro\sharp\images\000263.png,"(720, 1280)","(720, 1280)",32.884686727523814,381.42566661419215,0.08621519107135535,medium_blur
000264.png,C:\Users\User\comp6001_assignment1\data\raw\gopro\blur\images\000264.png,C:\Users\User\comp6001_assignment1\data\raw\gopro\sharp\images\000264.png,"(720, 1280)","(720, 1280)",25.201525540947625,285.07869971228706,0.08840199413529667,high_blur
000265.png,C:\Users\User\comp6001_assignment1\data\raw\gopro\blur\images\000265.png,C:\Users\User\comp6001_assignment1\data\raw\gopro\sharp\images\000265.png,"(720, 1280)","(720, 1280)",25.687060505703347,291.5162103298564,0.08811537607379286,high_blur
000266.png,C:\Users\User\comp6001_assignment1\data\raw\gopro\blur\images\000266.png,C:\Users\User\comp6001_assignment1\data\raw\gopro\sharp\images\000266.png,"(720, 1280)","(720, 1280)",24.50997698069914,284.34306097911207,0.08619861126710479,high_blur
000267.png,C:\Users\User\comp6001_assignment1\data\raw\gopro\blur\images\000267.png,C:\Users\User\comp6001_assignment1\data\raw\gopro\sharp\images\000267.png,"(720, 1280)","(720, 1280)",59.08223517523872,270.59074974269055,0.21834536187669976,low_blur
000268.png,C:\Users\User\comp6001_assignment1\data\raw\gopro\blur\images\000268.png,C:\Users\User\comp6001_assignment1\data\raw\gopro\sharp\images\000268.png,"(720, 1280)","(720, 1280)",43.5910570163197,264.7536948038548,0.16464758705999574,low_blur
000269.png,C:\Users\User\comp6001_assignment1\data\raw\gopro\blur\images\000269.png,C:\Users\User\comp6001_assignment1\data\raw\gopro\sharp\images\000269.png,"(720, 1280)","(720, 1280)",26.978378510081924,275.5944347261217,0.097891593986335,high_blur
000270.png,C:\Users\User\comp6001_assignment1\data\raw\gopro\blur\images\000270.png,C:\Users\User\comp6001_assignment1\data\raw\gopro\sharp\images\000270.png,"(720, 1280)","(720, 1280)",24.972991881635462,290.10534587596254,0.08608249463783439,high_blur
000271.png,C:\Users\User\comp6001_assignment1\data\raw\gopro\blur\images\000271.png,C:\Users\User\comp6001_assignment1\data\raw\gopro\sharp\images\000271.png,"(720, 1280)","(720, 1280)",29.494210025132737,374.3149430697217,0.07879517120653944,medium_blur
000272.png,C:\Users\User\comp6001_assignment1\data\raw\gopro\blur\images\000272.png,C:\Users\User\comp6001_assignment1\data\raw\gopro\sharp\images\000272.png,"(720, 1280)","(720, 1280)",34.31236618931028,362.59536673536866,0.09462990798061141,medium_blur
000273.png,C:\Users\User\comp6001_assignment1\data\raw\gopro\blur\images\000273.png,C:\Users\User\comp6001_assignment1\data\raw\gopro\sharp\images\000273.png,"(720, 1280)","(720, 1280)",49.883970058430585,405.09244571329765,0.12314218787605907,low_blur
000274.png,C:\Users\User\comp6001_assignment1\data\raw\gopro\blur\images\000274.png,C:\Users\User\comp6001_assignment1\data\raw\gopro\sharp\images\000274.png,"(720, 1280)","(720, 1280)",33.677236711247765,397.52908426564426,0.08471640954928514,medium_blur
000275.png,C:\Users\User\comp6001_assignment1\data\raw\gopro\blur\images\000275.png,C:\Users\User\comp6001_assignment1\data\raw\gopro\sharp\images\000275.png,"(720, 1280)","(720, 1280)",37.49180305878321,398.85974460299366,0.09399746042349003,medium_blur
000276.png,C:\Users\User\comp6001_assignment1\data\raw\gopro\blur\images\000276.png,C:\Users\User\comp6001_assignment1\data\raw\gopro\sharp\images\000276.png,"(720, 1280)","(720, 1280)",54.02978352287673,562.739159776842,0.09601212672553741,low_blur
000277.png,C:\Users\User\comp6001_assignment1\data\raw\gopro\blur\images\000277.png,C:\Users\User\comp6001_assignment1\data\raw\gopro\sharp\images\000277.png,"(720, 1280)","(720, 1280)",51.81302103287376,374.7566152266702,0.13825778899233643,low_blur
000278.png,C:\Users\User\comp6001_assignment1\data\raw\gopro\blur\images\000278.png,C:\Users\User\comp6001_assignment1\data\raw\gopro\sharp\images\000278.png,"(720, 1280)","(720, 1280)",74.75016568114549,350.4398717501417,0.21330382671840542,low_blur
000279.png,C:\Users\User\comp6001_assignment1\data\raw\gopro\blur\images\000279.png,C:\Users\User\comp6001_assignment1\data\raw\gopro\sharp\images\000279.png,"(720, 1280)","(720, 1280)",73.78623674706351,350.4753465634759,0.2105318889572579,low_blur
000280.png,C:\Users\User\comp6001_assignment1\data\raw\gopro\blur\images\000280.png,C:\Users\User\comp6001_assignment1\data\raw\gopro\sharp\images\000280.png,"(720, 1280)","(720, 1280)",42.4255155895657,405.40940070088226,0.10464857380014593,medium_blur
000281.png,C:\Users\User\comp6001_assignment1\data\raw\gopro\blur\images\000281.png,C:\Users\User\comp6001_assignment1\data\raw\gopro\sharp\images\000281.png,"(720, 1280)","(720, 1280)",65.49247333949407,358.85679422260773,0.18250308867509538,low_blur
000282.png,C:\Users\User\comp6001_assignment1\data\raw\gopro\blur\images\000282.png,C:\Users\User\comp6001_assignment1\data\raw\gopro\sharp\images\000282.png,"(720, 1280)","(720, 1280)",29.3689225249102,352.3141158793132,0.08336005059228753,medium_blur
000283.png,C:\Users\User\comp6001_assignment1\data\raw\gopro\blur\images\000283.png,C:\Users\User\comp6001_assignment1\data\raw\gopro\sharp\images\000283.png,"(720, 1280)","(720, 1280)",77.54602311940953,317.780457898924,0.24402388878687514,low_blur
000284.png,C:\Users\User\comp6001_assignment1\data\raw\gopro\blur\images\000284.png,C:\Users\User\comp6001_assignment1\data\raw\gopro\sharp\images\000284.png,"(720, 1280)","(720, 1280)",29.645863461793503,329.418710841613,0.08999447355359093,medium_blur
000285.png,C:\Users\User\comp6001_assignment1\data\raw\gopro\blur\images\000285.png,C:\Users\User\comp6001_assignment1\data\raw\gopro\sharp\images\000285.png,"(720, 1280)","(720, 1280)",32.18630664395814,365.45142619898303,0.08807273507684284,medium_blur
000286.png,C:\Users\User\comp6001_assignment1\data\raw\gopro\blur\images\000286.png,C:\Users\User\comp6001_assignment1\data\raw\gopro\sharp\images\000286.png,"(720, 1280)","(720, 1280)",35.645845011223706,376.8263670680565,0.09459488009723045,medium_blur
000287.png,C:\Users\User\comp6001_assignment1\data\raw\gopro\blur\images\000287.png,C:\Users\User\comp6001_assignment1\data\raw\gopro\sharp\images\000287.png,"(720, 1280)","(720, 1280)",44.10284224606622,369.75085468828627,0.11927718810022436,low_blur
000288.png,C:\Users\User\comp6001_assignment1\data\raw\gopro\blur\images\000288.png,C:\Users\User\comp6001_assignment1\data\raw\gopro\sharp\images\000288.png,"(720, 1280)","(720, 1280)",39.505431336504174,338.07421826019294,0.11685431541819306,medium_blur
000289.png,C:\Users\User\comp6001_assignment1\data\raw\gopro\blur\images\000289.png,C:\Users\User\comp6001_assignment1\data\raw\gopro\sharp\images\000289.png,"(720, 1280)","(720, 1280)",70.53937048791485,362.6476295793218,0.19451215100398353,low_blur
000290.png,C:\Users\User\comp6001_assignment1\data\raw\gopro\blur\images\000290.png,C:\Users\User\comp6001_assignment1\data\raw\gopro\sharp\images\000290.png,"(720, 1280)","(720, 1280)",54.26584886075127,357.1111617756021,0.15195786261458474,low_blur
000291.png,C:\Users\User\comp6001_assignment1\data\raw\gopro\blur\images\000291.png,C:\Users\User\comp6001_assignment1\data\raw\gopro\sharp\images\000291.png,"(720, 1280)","(720, 1280)",92.95344381275761,419.72824500438435,0.22146101654314934,low_blur
000292.png,C:\Users\User\comp6001_assignment1\data\raw\gopro\blur\images\000292.png,C:\Users\User\comp6001_assignment1\data\raw\gopro\sharp\images\000292.png,"(720, 1280)","(720, 1280)",38.56027608800347,374.2354898258624,0.10303746473888886,medium_blur
000293.png,C:\Users\User\comp6001_assignment1\data\raw\gopro\blur\images\000293.png,C:\Users\User\comp6001_assignment1\data\raw\gopro\sharp\images\000293.png,"(720, 1280)","(720, 1280)",31.530450724423964,344.7556082856345,0.09145739754691969,medium_blur
000294.png,C:\Users\User\comp6001_assignment1\data\raw\gopro\blur\images\000294.png,C:\Users\User\comp6001_assignment1\data\raw\gopro\sharp\images\000294.png,"(720, 1280)","(720, 1280)",35.27329991404099,326.93308084370176,0.10789149822934353,medium_blur
000295.png,C:\Users\User\comp6001_assignment1\data\raw\gopro\blur\images\000295.png,C:\Users\User\comp6001_assignment1\data\raw\gopro\sharp\images\000295.png,"(720, 1280)","(720, 1280)",40.98227537701928,345.72609696491264,0.11853972186540816,medium_blur
000296.png,C:\Users\User\comp6001_assignment1\data\raw\gopro\blur\images\000296.png,C:\Users\User\comp6001_assignment1\data\raw\gopro\sharp\images\000296.png,"(720, 1280)","(720, 1280)",42.67435240928741,365.3560618540023,0.11680209216063923,low_blur
000297.png,C:\Users\User\comp6001_assignment1\data\raw\gopro\blur\images\000297.png,C:\Users\User\comp6001_assignment1\data\raw\gopro\sharp\images\000297.png,"(720, 1280)","(720, 1280)",29.11963769438943,304.4683246414737,0.09564094303643182,medium_blur
000298.png,C:\Users\User\comp6001_assignment1\data\raw\gopro\blur\images\000298.png,C:\Users\User\comp6001_assignment1\data\raw\gopro\sharp\images\000298.png,"(720, 1280)","(720, 1280)",60.50111230438609,388.26920676436106,0.15582258713487349,low_blur
000299.png,C:\Users\User\comp6001_assignment1\data\raw\gopro\blur\images\000299.png,C:\Users\User\comp6001_assignment1\data\raw\gopro\sharp\images\000299.png,"(720, 1280)","(720, 1280)",40.401799937137554,381.0409921949587,0.10603006176145419,medium_blur
000300.png,C:\Users\User\comp6001_assignment1\data\raw\gopro\blur\images\000300.png,C:\Users\User\comp6001_assignment1\data\raw\gopro\sharp\images\000300.png,"(720, 1280)","(720, 1280)",33.87435158095065,377.1856403980948,0.0898081685832483,medium_blur
000301.png,C:\Users\User\comp6001_assignment1\data\raw\gopro\blur\images\000301.png,C:\Users\User\comp6001_assignment1\data\raw\gopro\sharp\images\000301.png,"(720, 1280)","(720, 1280)",55.5402579313196,420.24032779750013,0.13216308444524386,low_blur
000302.png,C:\Users\User\comp6001_assignment1\data\raw\gopro\blur\images\000302.png,C:\Users\User\comp6001_assignment1\data\raw\gopro\sharp\images\000302.png,"(720, 1280)","(720, 1280)",56.64087241389894,463.75244527312395,0.12213600810087225,low_blur
000303.png,C:\Users\User\comp6001_assignment1\data\raw\gopro\blur\images\000303.png,C:\Users\User\comp6001_assignment1\data\raw\gopro\sharp\images\000303.png,"(720, 1280)","(720, 1280)",33.44025595431387,402.0378857593488,0.08317687744855647,medium_blur
000304.png,C:\Users\User\comp6001_assignment1\data\raw\gopro\blur\images\000304.png,C:\Users\User\comp6001_assignment1\data\raw\gopro\sharp\images\000304.png,"(720, 1280)","(720, 1280)",32.92415847211294,372.4209798530816,0.08840575652912282,medium_blur
000305.png,C:\Users\User\comp6001_assignment1\data\raw\gopro\blur\images\000305.png,C:\Users\User\comp6001_assignment1\data\raw\gopro\sharp\images\000305.png,"(720, 1280)","(720, 1280)",35.20096155587538,388.8536801101675,0.09052495412926843,medium_blur
000306.png,C:\Users\User\comp6001_assignment1\data\raw\gopro\blur\images\000306.png,C:\Users\User\comp6001_assignment1\data\raw\gopro\sharp\images\000306.png,"(720, 1280)","(720, 1280)",40.42184657251806,486.0589636708,0.08316243417550366,medium_blur
000307.png,C:\Users\User\comp6001_assignment1\data\raw\gopro\blur\images\000307.png,C:\Users\User\comp6001_assignment1\data\raw\gopro\sharp\images\000307.png,"(720, 1280)","(720, 1280)",41.62582472771067,437.9206759301823,0.09505334416636803,medium_blur
000308.png,C:\Users\User\comp6001_assignment1\data\raw\gopro\blur\images\000308.png,C:\Users\User\comp6001_assignment1\data\raw\gopro\sharp\images\000308.png,"(720, 1280)","(720, 1280)",46.60331474733234,401.83552737990004,0.11597609362726471,low_blur
000309.png,C:\Users\User\comp6001_assignment1\data\raw\gopro\blur\images\000309.png,C:\Users\User\comp6001_assignment1\data\raw\gopro\sharp\images\000309.png,"(720, 1280)","(720, 1280)",141.76809212599397,607.9744798778944,0.2331809916628982,low_blur
000310.png,C:\Users\User\comp6001_assignment1\data\raw\gopro\blur\images\000310.png,C:\Users\User\comp6001_assignment1\data\raw\gopro\sharp\images\000310.png,"(720, 1280)","(720, 1280)",47.76851291452927,492.9240504224694,0.09690846464606326,low_blur
000311.png,C:\Users\User\comp6001_assignment1\data\raw\gopro\blur\images\000311.png,C:\Users\User\comp6001_assignment1\data\raw\gopro\sharp\images\000311.png,"(720, 1280)","(720, 1280)",48.81558512656954,563.8085218550314,0.0865818504571227,low_blur
000312.png,C:\Users\User\comp6001_assignment1\data\raw\gopro\blur\images\000312.png,C:\Users\User\comp6001_assignment1\data\raw\gopro\sharp\images\000312.png,"(720, 1280)","(720, 1280)",52.21849530554876,511.0265852646428,0.10218352001683981,low_blur
000313.png,C:\Users\User\comp6001_assignment1\data\raw\gopro\blur\images\000313.png,C:\Users\User\comp6001_assignment1\data\raw\gopro\sharp\images\000313.png,"(720, 1280)","(720, 1280)",44.699087411268266,460.01883999000364,0.09716794949369446,low_blur
000314.png,C:\Users\User\comp6001_assignment1\data\raw\gopro\blur\images\000314.png,C:\Users\User\comp6001_assignment1\data\raw\gopro\sharp\images\000314.png,"(720, 1280)","(720, 1280)",55.43921400093741,467.0024126982684,0.11871290702639199,low_blur
000315.png,C:\Users\User\comp6001_assignment1\data\raw\gopro\blur\images\000315.png,C:\Users\User\comp6001_assignment1\data\raw\gopro\sharp\images\000315.png,"(720, 1280)","(720, 1280)",50.612604942321816,467.0500036230725,0.10836656578228931,low_blur
000316.png,C:\Users\User\comp6001_assignment1\data\raw\gopro\blur\images\000316.png,C:\Users\User\comp6001_assignment1\data\raw\gopro\sharp\images\000316.png,"(720, 1280)","(720, 1280)",112.51170215504965,499.4532490260325,0.22526973720203514,low_blur
000317.png,C:\Users\User\comp6001_assignment1\data\raw\gopro\blur\images\000317.png,C:\Users\User\comp6001_assignment1\data\raw\gopro\sharp\images\000317.png,"(720, 1280)","(720, 1280)",82.91644280166513,558.9112279657387,0.14835351063168187,low_blur
000318.png,C:\Users\User\comp6001_assignment1\data\raw\gopro\blur\images\000318.png,C:\Users\User\comp6001_assignment1\data\raw\gopro\sharp\images\000318.png,"(720, 1280)","(720, 1280)",62.95054778294973,525.0824136330394,0.11988698563754346,low_blur
000319.png,C:\Users\User\comp6001_assignment1\data\raw\gopro\blur\images\000319.png,C:\Users\User\comp6001_assignment1\data\raw\gopro\sharp\images\000319.png,"(720, 1280)","(720, 1280)",49.142923089457135,490.5367924370661,0.10018193099095651,low_blur
000320.png,C:\Users\User\comp6001_assignment1\data\raw\gopro\blur\images\000320.png,C:\Users\User\comp6001_assignment1\data\raw\gopro\sharp\images\000320.png,"(720, 1280)","(720, 1280)",51.07717928284066,488.40912274237724,0.10457867575241162,low_blur
000321.png,C:\Users\User\comp6001_assignment1\data\raw\gopro\blur\images\000321.png,C:\Users\User\comp6001_assignment1\data\raw\gopro\sharp\images\000321.png,"(720, 1280)","(720, 1280)",4.583865825482357,33.022593314077824,0.13880998928512725,high_blur
000322.png,C:\Users\User\comp6001_assignment1\data\raw\gopro\blur\images\000322.png,C:\Users\User\comp6001_assignment1\data\raw\gopro\sharp\images\000322.png,"(720, 1280)","(720, 1280)",7.204244580002772,49.93836068243331,0.14426273670401765,high_blur
000323.png,C:\Users\User\comp6001_assignment1\data\raw\gopro\blur\images\000323.png,C:\Users\User\comp6001_assignment1\data\raw\gopro\sharp\images\000323.png,"(720, 1280)","(720, 1280)",7.3513041075906616,58.44298235669549,0.12578591663008457,high_blur
000324.png,C:\Users\User\comp6001_assignment1\data\raw\gopro\blur\images\000324.png,C:\Users\User\comp6001_assignment1\data\raw\gopro\sharp\images\000324.png,"(720, 1280)","(720, 1280)",5.266007557752398,48.06270616001083,0.10956535695524718,high_blur
000325.png,C:\Users\User\comp6001_assignment1\data\raw\gopro\blur\images\000325.png,C:\Users\User\comp6001_assignment1\data\raw\gopro\sharp\images\000325.png,"(720, 1280)","(720, 1280)",10.462660834671537,69.71281535503127,0.15008231671446345,high_blur
000326.png,C:\Users\User\comp6001_assignment1\data\raw\gopro\blur\images\000326.png,C:\Users\User\comp6001_assignment1\data\raw\gopro\sharp\images\000326.png,"(720, 1280)","(720, 1280)",9.423362435177228,60.71357517482496,0.15521013886088111,high_blur
000327.png,C:\Users\User\comp6001_assignment1\data\raw\gopro\blur\images\000327.png,C:\Users\User\comp6001_assignment1\data\raw\gopro\sharp\images\000327.png,"(720, 1280)","(720, 1280)",6.1255085852999756,52.65515310915722,0.11633255669085439,high_blur
000328.png,C:\Users\User\comp6001_assignment1\data\raw\gopro\blur\images\000328.png,C:\Users\User\comp6001_assignment1\data\raw\gopro\sharp\images\000328.png,"(720, 1280)","(720, 1280)",6.216587025648285,49.521401411634585,0.12553334209424097,high_blur
000329.png,C:\Users\User\comp6001_assignment1\data\raw\gopro\blur\images\000329.png,C:\Users\User\comp6001_assignment1\data\raw\gopro\sharp\images\000329.png,"(720, 1280)","(720, 1280)",5.269926186625166,40.84223264623099,0.12903129539910627,high_blur
000330.png,C:\Users\User\comp6001_assignment1\data\raw\gopro\blur\images\000330.png,C:\Users\User\comp6001_assignment1\data\raw\gopro\sharp\images\000330.png,"(720, 1280)","(720, 1280)",4.95463899965169,36.7846234352206,0.13469320970568321,high_blur
000331.png,C:\Users\User\comp6001_assignment1\data\raw\gopro\blur\images\000331.png,C:\Users\User\comp6001_assignment1\data\raw\gopro\sharp\images\000331.png,"(720, 1280)","(720, 1280)",7.52241277622176,43.685077655696894,0.17219639241087192,high_blur
000332.png,C:\Users\User\comp6001_assignment1\data\raw\gopro\blur\images\000332.png,C:\Users\User\comp6001_assignment1\data\raw\gopro\sharp\images\000332.png,"(720, 1280)","(720, 1280)",7.554985295555921,50.330055469936795,0.15010882113109503,high_blur
000333.png,C:\Users\User\comp6001_assignment1\data\raw\gopro\blur\images\000333.png,C:\Users\User\comp6001_assignment1\data\raw\gopro\sharp\images\000333.png,"(720, 1280)","(720, 1280)",3.974996635266292,25.72403301380181,0.15452462806233866,high_blur
000334.png,C:\Users\User\comp6001_assignment1\data\raw\gopro\blur\images\000334.png,C:\Users\User\comp6001_assignment1\data\raw\gopro\sharp\images\000334.png,"(720, 1280)","(720, 1280)",4.218341817898223,29.36508893231876,0.14365159343410214,high_blur
000335.png,C:\Users\User\comp6001_assignment1\data\raw\gopro\blur\images\000335.png,C:\Users\User\comp6001_assignment1\data\raw\gopro\sharp\images\000335.png,"(720, 1280)","(720, 1280)",7.323025713592104,50.20971321173656,0.14584878589630845,high_blur
000336.png,C:\Users\User\comp6001_assignment1\data\raw\gopro\blur\images\000336.png,C:\Users\User\comp6001_assignment1\data\raw\gopro\sharp\images\000336.png,"(720, 1280)","(720, 1280)",5.414419327195484,49.46470323032331,0.10946026100449105,high_blur
000337.png,C:\Users\User\comp6001_assignment1\data\raw\gopro\blur\images\000337.png,C:\Users\User\comp6001_assignment1\data\raw\gopro\sharp\images\000337.png,"(720, 1280)","(720, 1280)",5.9597327902287605,46.502638880581316,0.12815902349653213,high_blur
000338.png,C:\Users\User\comp6001_assignment1\data\raw\gopro\blur\images\000338.png,C:\Users\User\comp6001_assignment1\data\raw\gopro\sharp\images\000338.png,"(720, 1280)","(720, 1280)",10.964245468279756,51.78512687656614,0.21172576234671833,high_blur
000339.png,C:\Users\User\comp6001_assignment1\data\raw\gopro\blur\images\000339.png,C:\Users\User\comp6001_assignment1\data\raw\gopro\sharp\images\000339.png,"(720, 1280)","(720, 1280)",10.081038348632392,53.297114785840755,0.1891479189304841,high_blur
000340.png,C:\Users\User\comp6001_assignment1\data\raw\gopro\blur\images\000340.png,C:\Users\User\comp6001_assignment1\data\raw\gopro\sharp\images\000340.png,"(720, 1280)","(720, 1280)",6.311817705601822,49.62910052702042,0.1271797722969727,high_blur
000341.png,C:\Users\User\comp6001_assignment1\data\raw\gopro\blur\images\000341.png,C:\Users\User\comp6001_assignment1\data\raw\gopro\sharp\images\000341.png,"(720, 1280)","(720, 1280)",5.8190287826432145,45.582903576881506,0.1276581420828553,high_blur
000342.png,C:\Users\User\comp6001_assignment1\data\raw\gopro\blur\images\000342.png,C:\Users\User\comp6001_assignment1\data\raw\gopro\sharp\images\000342.png,"(720, 1280)","(720, 1280)",7.603819844082257,45.51471788126627,0.16706287979742349,high_blur
000343.png,C:\Users\User\comp6001_assignment1\data\raw\gopro\blur\images\000343.png,C:\Users\User\comp6001_assignment1\data\raw\gopro\sharp\images\000343.png,"(720, 1280)","(720, 1280)",6.261427987482516,44.97548583031997,0.13921868481227662,high_blur
000344.png,C:\Users\User\comp6001_assignment1\data\raw\gopro\blur\images\000344.png,C:\Users\User\comp6001_assignment1\data\raw\gopro\sharp\images\000344.png,"(720, 1280)","(720, 1280)",5.122383604401716,35.17880560074795,0.1456099351717816,high_blur
000345.png,C:\Users\User\comp6001_assignment1\data\raw\gopro\blur\images\000345.png,C:\Users\User\comp6001_assignment1\data\raw\gopro\sharp\images\000345.png,"(720, 1280)","(720, 1280)",4.198132564967356,30.32739874902303,0.13842705727336158,high_blur
000346.png,C:\Users\User\comp6001_assignment1\data\raw\gopro\blur\images\000346.png,C:\Users\User\comp6001_assignment1\data\raw\gopro\sharp\images\000346.png,"(720, 1280)","(720, 1280)",5.325168184905585,34.455160581569906,0.1545535732086672,high_blur
000541.png,C:\Users\User\comp6001_assignment1\data\raw\gopro\blur\images\000541.png,C:\Users\User\comp6001_assignment1\data\raw\gopro\sharp\images\000541.png,"(720, 1280)","(720, 1280)",58.40821788965744,304.2002934264712,0.19200579075659352,low_blur
000542.png,C:\Users\User\comp6001_assignment1\data\raw\gopro\blur\images\000542.png,C:\Users\User\comp6001_assignment1\data\raw\gopro\sharp\images\000542.png,"(720, 1280)","(720, 1280)",37.46539628075492,297.48512479381804,0.12594040224855665,medium_blur
000543.png,C:\Users\User\comp6001_assignment1\data\raw\gopro\blur\images\000543.png,C:\Users\User\comp6001_assignment1\data\raw\gopro\sharp\images\000543.png,"(720, 1280)","(720, 1280)",22.723003418303122,225.1734157552354,0.10091334867875346,high_blur
000544.png,C:\Users\User\comp6001_assignment1\data\raw\gopro\blur\images\000544.png,C:\Users\User\comp6001_assignment1\data\raw\gopro\sharp\images\000544.png,"(720, 1280)","(720, 1280)",19.082016007105505,199.34917955139542,0.09572156779922256,high_blur
000545.png,C:\Users\User\comp6001_assignment1\data\raw\gopro\blur\images\000545.png,C:\Users\User\comp6001_assignment1\data\raw\gopro\sharp\images\000545.png,"(720, 1280)","(720, 1280)",20.275993326747557,181.2571223686312,0.11186315362765539,high_blur
000546.png,C:\Users\User\comp6001_assignment1\data\raw\gopro\blur\images\000546.png,C:\Users\User\comp6001_assignment1\data\raw\gopro\sharp\images\000546.png,"(720, 1280)","(720, 1280)",24.81043706019718,330.34826479579664,0.07510388188290502,high_blur
000547.png,C:\Users\User\comp6001_assignment1\data\raw\gopro\blur\images\000547.png,C:\Users\User\comp6001_assignment1\data\raw\gopro\sharp\images\000547.png,"(720, 1280)","(720, 1280)",27.949544819460975,251.18295076336221,0.1112716636754512,medium_blur
000548.png,C:\Users\User\comp6001_assignment1\data\raw\gopro\blur\images\000548.png,C:\Users\User\comp6001_assignment1\data\raw\gopro\sharp\images\000548.png,"(720, 1280)","(720, 1280)",28.1962748527421,258.0048428053101,0.10928583566520916,medium_blur
000549.png,C:\Users\User\comp6001_assignment1\data\raw\gopro\blur\images\000549.png,C:\Users\User\comp6001_assignment1\data\raw\gopro\sharp\images\000549.png,"(720, 1280)","(720, 1280)",28.742018745534207,299.77954967802066,0.09587718300146193,medium_blur
000550.png,C:\Users\User\comp6001_assignment1\data\raw\gopro\blur\images\000550.png,C:\Users\User\comp6001_assignment1\data\raw\gopro\sharp\images\000550.png,"(720, 1280)","(720, 1280)",33.76114146215651,249.4971770308589,0.13531672727754998,medium_blur
000551.png,C:\Users\User\comp6001_assignment1\data\raw\gopro\blur\images\000551.png,C:\Users\User\comp6001_assignment1\data\raw\gopro\sharp\images\000551.png,"(720, 1280)","(720, 1280)",40.05124731147554,342.61118776448114,0.11689999842573354,medium_blur
000552.png,C:\Users\User\comp6001_assignment1\data\raw\gopro\blur\images\000552.png,C:\Users\User\comp6001_assignment1\data\raw\gopro\sharp\images\000552.png,"(720, 1280)","(720, 1280)",39.38988182429443,269.8050526996177,0.14599386271200954,medium_blur
000553.png,C:\Users\User\comp6001_assignment1\data\raw\gopro\blur\images\000553.png,C:\Users\User\comp6001_assignment1\data\raw\gopro\sharp\images\000553.png,"(720, 1280)","(720, 1280)",21.343397210663927,177.69933915747063,0.12010960373099133,high_blur
000554.png,C:\Users\User\comp6001_assignment1\data\raw\gopro\blur\images\000554.png,C:\Users\User\comp6001_assignment1\data\raw\gopro\sharp\images\000554.png,"(720, 1280)","(720, 1280)",20.755329827084946,94.15402343745762,0.22044017947536143,high_blur
000555.png,C:\Users\User\comp6001_assignment1\data\raw\gopro\blur\images\000555.png,C:\Users\User\comp6001_assignment1\data\raw\gopro\sharp\images\000555.png,"(720, 1280)","(720, 1280)",38.88501844612287,314.6041915497203,0.12359981045815611,medium_blur
000556.png,C:\Users\User\comp6001_assignment1\data\raw\gopro\blur\images\000556.png,C:\Users\User\comp6001_assignment1\data\raw\gopro\sharp\images\000556.png,"(720, 1280)","(720, 1280)",9.902278573420016,84.17604799431224,0.11763772246604799,high_blur
000557.png,C:\Users\User\comp6001_assignment1\data\raw\gopro\blur\images\000557.png,C:\Users\User\comp6001_assignment1\data\raw\gopro\sharp\images\000557.png,"(720, 1280)","(720, 1280)",7.764178546989112,59.55995954378858,0.13035902987773665,high_blur
000558.png,C:\Users\User\comp6001_assignment1\data\raw\gopro\blur\images\000558.png,C:\Users\User\comp6001_assignment1\data\raw\gopro\sharp\images\000558.png,"(720, 1280)","(720, 1280)",9.26475079726113,91.5642682213253,0.10118303762178203,high_blur
000559.png,C:\Users\User\comp6001_assignment1\data\raw\gopro\blur\images\000559.png,C:\Users\User\comp6001_assignment1\data\raw\gopro\sharp\images\000559.png,"(720, 1280)","(720, 1280)",6.383255144962264,51.32553010304652,0.12436803148263428,high_blur
000560.png,C:\Users\User\comp6001_assignment1\data\raw\gopro\blur\images\000560.png,C:\Users\User\comp6001_assignment1\data\raw\gopro\sharp\images\000560.png,"(720, 1280)","(720, 1280)",5.9753774858156845,47.77955505498134,0.12506138823789859,high_blur
000561.png,C:\Users\User\comp6001_assignment1\data\raw\gopro\blur\images\000561.png,C:\Users\User\comp6001_assignment1\data\raw\gopro\sharp\images\000561.png,"(720, 1280)","(720, 1280)",7.268536621051367,66.94743922080994,0.10857079381322038,high_blur
000562.png,C:\Users\User\comp6001_assignment1\data\raw\gopro\blur\images\000562.png,C:\Users\User\comp6001_assignment1\data\raw\gopro\sharp\images\000562.png,"(720, 1280)","(720, 1280)",5.61218632063571,42.397237731499146,0.13237150860756208,high_blur
000563.png,C:\Users\User\comp6001_assignment1\data\raw\gopro\blur\images\000563.png,C:\Users\User\comp6001_assignment1\data\raw\gopro\sharp\images\000563.png,"(720, 1280)","(720, 1280)",9.120488279724121,83.4479848939107,0.10929548856363935,high_blur
000564.png,C:\Users\User\comp6001_assignment1\data\raw\gopro\blur\images\000564.png,C:\Users\User\comp6001_assignment1\data\raw\gopro\sharp\images\000564.png,"(720, 1280)","(720, 1280)",11.877679969616876,102.12667278788886,0.1163034067811363,high_blur
000565.png,C:\Users\User\comp6001_assignment1\data\raw\gopro\blur\images\000565.png,C:\Users\User\comp6001_assignment1\data\raw\gopro\sharp\images\000565.png,"(720, 1280)","(720, 1280)",7.673019493685828,69.0387380128072,0.1111407843398154,high_blur
000566.png,C:\Users\User\comp6001_assignment1\data\raw\gopro\blur\images\000566.png,C:\Users\User\comp6001_assignment1\data\raw\gopro\sharp\images\000566.png,"(720, 1280)","(720, 1280)",5.518167107041678,40.49519314228576,0.13626721290821164,high_blur
000567.png,C:\Users\User\comp6001_assignment1\data\raw\gopro\blur\images\000567.png,C:\Users\User\comp6001_assignment1\data\raw\gopro\sharp\images\000567.png,"(720, 1280)","(720, 1280)",11.806874873333213,102.03979411923325,0.11570853287277141,high_blur
000568.png,C:\Users\User\comp6001_assignment1\data\raw\gopro\blur\images\000568.png,C:\Users\User\comp6001_assignment1\data\raw\gopro\sharp\images\000568.png,"(720, 1280)","(720, 1280)",10.007312225481904,78.29617908929781,0.12781354518961008,high_blur
000569.png,C:\Users\User\comp6001_assignment1\data\raw\gopro\blur\images\000569.png,C:\Users\User\comp6001_assignment1\data\raw\gopro\sharp\images\000569.png,"(720, 1280)","(720, 1280)",11.108704412837085,95.8184783501095,0.11593488649535669,high_blur
000570.png,C:\Users\User\comp6001_assignment1\data\raw\gopro\blur\images\000570.png,C:\Users\User\comp6001_assignment1\data\raw\gopro\sharp\images\000570.png,"(720, 1280)","(720, 1280)",14.909872161854638,159.10374008263366,0.09371163841386623,high_blur
000571.png,C:\Users\User\comp6001_assignment1\data\raw\gopro\blur\images\000571.png,C:\Users\User\comp6001_assignment1\data\raw\gopro\sharp\images\000571.png,"(720, 1280)","(720, 1280)",15.341324464104494,137.96486432602376,0.11119732939206571,high_blur
000572.png,C:\Users\User\comp6001_assignment1\data\raw\gopro\blur\images\000572.png,C:\Users\User\comp6001_assignment1\data\raw\gopro\sharp\images\000572.png,"(720, 1280)","(720, 1280)",15.420782202938454,148.29033342614704,0.10399047493934291,high_blur
000573.png,C:\Users\User\comp6001_assignment1\data\raw\gopro\blur\images\000573.png,C:\Users\User\comp6001_assignment1\data\raw\gopro\sharp\images\000573.png,"(720, 1280)","(720, 1280)",27.854587941288656,262.6304895862897,0.10605999320225984,medium_blur
000574.png,C:\Users\User\comp6001_assignment1\data\raw\gopro\blur\images\000574.png,C:\Users\User\comp6001_assignment1\data\raw\gopro\sharp\images\000574.png,"(720, 1280)","(720, 1280)",22.169814318051746,233.01720209530959,0.09514239342738455,high_blur
000575.png,C:\Users\User\comp6001_assignment1\data\raw\gopro\blur\images\000575.png,C:\Users\User\comp6001_assignment1\data\raw\gopro\sharp\images\000575.png,"(720, 1280)","(720, 1280)",23.080886582546476,243.6851087518374,0.0947160320949455,high_blur
000576.png,C:\Users\User\comp6001_assignment1\data\raw\gopro\blur\images\000576.png,C:\Users\User\comp6001_assignment1\data\raw\gopro\sharp\images\000576.png,"(720, 1280)","(720, 1280)",23.958021913876948,300.7755026766883,0.07965416631298437,high_blur
000577.png,C:\Users\User\comp6001_assignment1\data\raw\gopro\blur\images\000577.png,C:\Users\User\comp6001_assignment1\data\raw\gopro\sharp\images\000577.png,"(720, 1280)","(720, 1280)",17.304704859905478,177.67389850501542,0.09739587527789309,high_blur
000578.png,C:\Users\User\comp6001_assignment1\data\raw\gopro\blur\images\000578.png,C:\Users\User\comp6001_assignment1\data\raw\gopro\sharp\images\000578.png,"(720, 1280)","(720, 1280)",20.78029374878377,230.26226695872649,0.09024619631494414,high_blur
000579.png,C:\Users\User\comp6001_assignment1\data\raw\gopro\blur\images\000579.png,C:\Users\User\comp6001_assignment1\data\raw\gopro\sharp\images\000579.png,"(720, 1280)","(720, 1280)",26.83937596163809,249.03936895695324,0.10777161889291324,high_blur
000580.png,C:\Users\User\comp6001_assignment1\data\raw\gopro\blur\images\000580.png,C:\Users\User\comp6001_assignment1\data\raw\gopro\sharp\images\000580.png,"(720, 1280)","(720, 1280)",23.688091774792145,249.6550218169024,0.09488329776605181,high_blur
000581.png,C:\Users\User\comp6001_assignment1\data\raw\gopro\blur\images\000581.png,C:\Users\User\comp6001_assignment1\data\raw\gopro\sharp\images\000581.png,"(720, 1280)","(720, 1280)",27.465551015425316,280.3114371805721,0.0979822703300994,medium_blur
000582.png,C:\Users\User\comp6001_assignment1\data\raw\gopro\blur\images\000582.png,C:\Users\User\comp6001_assignment1\data\raw\gopro\sharp\images\000582.png,"(720, 1280)","(720, 1280)",26.064214040497202,243.04841143796938,0.10723877553948506,high_blur
000583.png,C:\Users\User\comp6001_assignment1\data\raw\gopro\blur\images\000583.png,C:\Users\User\comp6001_assignment1\data\raw\gopro\sharp\images\000583.png,"(720, 1280)","(720, 1280)",31.057417366494054,343.0062567935095,0.09054475465234803,medium_blur
000584.png,C:\Users\User\comp6001_assignment1\data\raw\gopro\blur\images\000584.png,C:\Users\User\comp6001_assignment1\data\raw\gopro\sharp\images\000584.png,"(720, 1280)","(720, 1280)",26.10353681910009,269.2822072427961,0.09693747346104703,high_blur
000585.png,C:\Users\User\comp6001_assignment1\data\raw\gopro\blur\images\000585.png,C:\Users\User\comp6001_assignment1\data\raw\gopro\sharp\images\000585.png,"(720, 1280)","(720, 1280)",27.498559644062137,284.69269689200956,0.09659032333213333,medium_blur
000586.png,C:\Users\User\comp6001_assignment1\data\raw\gopro\blur\images\000586.png,C:\Users\User\comp6001_assignment1\data\raw\gopro\sharp\images\000586.png,"(720, 1280)","(720, 1280)",31.201568970739103,291.37044360617057,0.10708556634468283,medium_blur
000587.png,C:\Users\User\comp6001_assignment1\data\raw\gopro\blur\images\000587.png,C:\Users\User\comp6001_assignment1\data\raw\gopro\sharp\images\000587.png,"(720, 1280)","(720, 1280)",32.420669430343025,343.15312760296104,0.09447872340802317,medium_blur
000588.png,C:\Users\User\comp6001_assignment1\data\raw\gopro\blur\images\000588.png,C:\Users\User\comp6001_assignment1\data\raw\gopro\sharp\images\000588.png,"(720, 1280)","(720, 1280)",40.02845233222114,342.3786771463172,0.11691280737656935,medium_blur
000589.png,C:\Users\User\comp6001_assignment1\data\raw\gopro\blur\images\000589.png,C:\Users\User\comp6001_assignment1\data\raw\gopro\sharp\images\000589.png,"(720, 1280)","(720, 1280)",38.10593226419968,395.47762433572353,0.09635420544270228,medium_blur
000590.png,C:\Users\User\comp6001_assignment1\data\raw\gopro\blur\images\000590.png,C:\Users\User\comp6001_assignment1\data\raw\gopro\sharp\images\000590.png,"(720, 1280)","(720, 1280)",50.052035500325076,327.8762559028897,0.15265526123862694,low_blur
000591.png,C:\Users\User\comp6001_assignment1\data\raw\gopro\blur\images\000591.png,C:\Users\User\comp6001_assignment1\data\raw\gopro\sharp\images\000591.png,"(720, 1280)","(720, 1280)",27.682379568123523,291.34749218401384,0.0950149917531787,medium_blur
000592.png,C:\Users\User\comp6001_assignment1\data\raw\gopro\blur\images\000592.png,C:\Users\User\comp6001_assignment1\data\raw\gopro\sharp\images\000592.png,"(720, 1280)","(720, 1280)",48.54257937507158,386.95168187564803,0.12544868428667766,low_blur
000593.png,C:\Users\User\comp6001_assignment1\data\raw\gopro\blur\images\000593.png,C:\Users\User\comp6001_assignment1\data\raw\gopro\sharp\images\000593.png,"(720, 1280)","(720, 1280)",21.233519959833593,211.63780812407597,0.10032952120909235,high_blur
000594.png,C:\Users\User\comp6001_assignment1\data\raw\gopro\blur\images\000594.png,C:\Users\User\comp6001_assignment1\data\raw\gopro\sharp\images\000594.png,"(720, 1280)","(720, 1280)",20.921463742007738,225.58548917320047,0.09274294999097742,high_blur
000595.png,C:\Users\User\comp6001_assignment1\data\raw\gopro\blur\images\000595.png,C:\Users\User\comp6001_assignment1\data\raw\gopro\sharp\images\000595.png,"(720, 1280)","(720, 1280)",29.802003394985203,373.1556648593478,0.07986480228142782,medium_blur
000596.png,C:\Users\User\comp6001_assignment1\data\raw\gopro\blur\images\000596.png,C:\Users\User\comp6001_assignment1\data\raw\gopro\sharp\images\000596.png,"(720, 1280)","(720, 1280)",17.464410874843605,166.22563989511067,0.10506448274052728,high_blur
000597.png,C:\Users\User\comp6001_assignment1\data\raw\gopro\blur\images\000597.png,C:\Users\User\comp6001_assignment1\data\raw\gopro\sharp\images\000597.png,"(720, 1280)","(720, 1280)",11.599137616174023,107.01952471379406,0.10838337813693488,high_blur
000598.png,C:\Users\User\comp6001_assignment1\data\raw\gopro\blur\images\000598.png,C:\Users\User\comp6001_assignment1\data\raw\gopro\sharp\images\000598.png,"(720, 1280)","(720, 1280)",10.199315276410848,78.17508861795001,0.13046758827420477,high_blur
000599.png,C:\Users\User\comp6001_assignment1\data\raw\gopro\blur\images\000599.png,C:\Users\User\comp6001_assignment1\data\raw\gopro\sharp\images\000599.png,"(720, 1280)","(720, 1280)",22.087821562108875,218.97236547393675,0.10087036103068987,high_blur
000600.png,C:\Users\User\comp6001_assignment1\data\raw\gopro\blur\images\000600.png,C:\Users\User\comp6001_assignment1\data\raw\gopro\sharp\images\000600.png,"(720, 1280)","(720, 1280)",16.2890830206871,151.10403591235013,0.10780044967864255,high_blur
000601.png,C:\Users\User\comp6001_assignment1\data\raw\gopro\blur\images\000601.png,C:\Users\User\comp6001_assignment1\data\raw\gopro\sharp\images\000601.png,"(720, 1280)","(720, 1280)",23.07328233268526,237.5240984343305,0.09714080585424488,high_blur
000602.png,C:\Users\User\comp6001_assignment1\data\raw\gopro\blur\images\000602.png,C:\Users\User\comp6001_assignment1\data\raw\gopro\sharp\images\000602.png,"(720, 1280)","(720, 1280)",19.794619087208638,184.77826773606293,0.10712633757565032,high_blur
000603.png,C:\Users\User\comp6001_assignment1\data\raw\gopro\blur\images\000603.png,C:\Users\User\comp6001_assignment1\data\raw\gopro\sharp\images\000603.png,"(720, 1280)","(720, 1280)",29.224284673590724,266.62483318690425,0.10960826237820237,medium_blur
000604.png,C:\Users\User\comp6001_assignment1\data\raw\gopro\blur\images\000604.png,C:\Users\User\comp6001_assignment1\data\raw\gopro\sharp\images\000604.png,"(720, 1280)","(720, 1280)",14.704130626532473,125.05284429479056,0.1175833361350357,high_blur
000605.png,C:\Users\User\comp6001_assignment1\data\raw\gopro\blur\images\000605.png,C:\Users\User\comp6001_assignment1\data\raw\gopro\sharp\images\000605.png,"(720, 1280)","(720, 1280)",20.731367186821828,198.8266346758513,0.10426856150121769,high_blur
000606.png,C:\Users\User\comp6001_assignment1\data\raw\gopro\blur\images\000606.png,C:\Users\User\comp6001_assignment1\data\raw\gopro\sharp\images\000606.png,"(720, 1280)","(720, 1280)",14.5943421766493,175.80476493416774,0.08301448587746861,high_blur
000607.png,C:\Users\User\comp6001_assignment1\data\raw\gopro\blur\images\000607.png,C:\Users\User\comp6001_assignment1\data\raw\gopro\sharp\images\000607.png,"(720, 1280)","(720, 1280)",13.964531621550337,122.70858686506487,0.11380239946669955,high_blur
000608.png,C:\Users\User\comp6001_assignment1\data\raw\gopro\blur\images\000608.png,C:\Users\User\comp6001_assignment1\data\raw\gopro\sharp\images\000608.png,"(720, 1280)","(720, 1280)",17.039646110618264,173.53623363635688,0.09819071068087563,high_blur
000609.png,C:\Users\User\comp6001_assignment1\data\raw\gopro\blur\images\000609.png,C:\Users\User\comp6001_assignment1\data\raw\gopro\sharp\images\000609.png,"(720, 1280)","(720, 1280)",16.19263984651801,148.95642461962166,0.10870722687377071,high_blur
000610.png,C:\Users\User\comp6001_assignment1\data\raw\gopro\blur\images\000610.png,C:\Users\User\comp6001_assignment1\data\raw\gopro\sharp\images\000610.png,"(720, 1280)","(720, 1280)",13.958983981657623,116.91395172042724,0.119395365352489,high_blur
000611.png,C:\Users\User\comp6001_assignment1\data\raw\gopro\blur\images\000611.png,C:\Users\User\comp6001_assignment1\data\raw\gopro\sharp\images\000611.png,"(720, 1280)","(720, 1280)",17.53271007109748,160.35858916917968,0.10933439961552029,high_blur
000612.png,C:\Users\User\comp6001_assignment1\data\raw\gopro\blur\images\000612.png,C:\Users\User\comp6001_assignment1\data\raw\gopro\sharp\images\000612.png,"(720, 1280)","(720, 1280)",18.645430300807956,205.1740467183985,0.0908761639111698,high_blur
000613.png,C:\Users\User\comp6001_assignment1\data\raw\gopro\blur\images\000613.png,C:\Users\User\comp6001_assignment1\data\raw\gopro\sharp\images\000613.png,"(720, 1280)","(720, 1280)",13.31422327803506,103.17871215396457,0.1290404095844597,high_blur
000614.png,C:\Users\User\comp6001_assignment1\data\raw\gopro\blur\images\000614.png,C:\Users\User\comp6001_assignment1\data\raw\gopro\sharp\images\000614.png,"(720, 1280)","(720, 1280)",12.019613713916732,104.98699109224744,0.11448669580606192,high_blur
000615.png,C:\Users\User\comp6001_assignment1\data\raw\gopro\blur\images\000615.png,C:\Users\User\comp6001_assignment1\data\raw\gopro\sharp\images\000615.png,"(720, 1280)","(720, 1280)",13.32764742849373,104.20316080231726,0.12790060612939053,high_blur
000616.png,C:\Users\User\comp6001_assignment1\data\raw\gopro\blur\images\000616.png,C:\Users\User\comp6001_assignment1\data\raw\gopro\sharp\images\000616.png,"(720, 1280)","(720, 1280)",18.769567305948698,139.25856556524585,0.134782138738941,high_blur
000617.png,C:\Users\User\comp6001_assignment1\data\raw\gopro\blur\images\000617.png,C:\Users\User\comp6001_assignment1\data\raw\gopro\sharp\images\000617.png,"(720, 1280)","(720, 1280)",33.448073950307155,236.37791552199258,0.14150253366533355,medium_blur
000618.png,C:\Users\User\comp6001_assignment1\data\raw\gopro\blur\images\000618.png,C:\Users\User\comp6001_assignment1\data\raw\gopro\sharp\images\000618.png,"(720, 1280)","(720, 1280)",26.595061844285322,266.3069446428923,0.0998661971769067,high_blur
000619.png,C:\Users\User\comp6001_assignment1\data\raw\gopro\blur\images\000619.png,C:\Users\User\comp6001_assignment1\data\raw\gopro\sharp\images\000619.png,"(720, 1280)","(720, 1280)",15.753915570576986,141.47337920927703,0.11135604208731852,high_blur
000620.png,C:\Users\User\comp6001_assignment1\data\raw\gopro\blur\images\000620.png,C:\Users\User\comp6001_assignment1\data\raw\gopro\sharp\images\000620.png,"(720, 1280)","(720, 1280)",16.37603405851671,152.89404068836637,0.10710707875674373,high_blur
000621.png,C:\Users\User\comp6001_assignment1\data\raw\gopro\blur\images\000621.png,C:\Users\User\comp6001_assignment1\data\raw\gopro\sharp\images\000621.png,"(720, 1280)","(720, 1280)",12.78566623157925,119.41694769436761,0.1070674345423051,high_blur
000622.png,C:\Users\User\comp6001_assignment1\data\raw\gopro\blur\images\000622.png,C:\Users\User\comp6001_assignment1\data\raw\gopro\sharp\images\000622.png,"(720, 1280)","(720, 1280)",18.080211637704167,163.9098970806816,0.11030579579768426,high_blur
000623.png,C:\Users\User\comp6001_assignment1\data\raw\gopro\blur\images\000623.png,C:\Users\User\comp6001_assignment1\data\raw\gopro\sharp\images\000623.png,"(720, 1280)","(720, 1280)",29.106981696611584,200.2686915748868,0.14533965077748645,medium_blur
000624.png,C:\Users\User\comp6001_assignment1\data\raw\gopro\blur\images\000624.png,C:\Users\User\comp6001_assignment1\data\raw\gopro\sharp\images\000624.png,"(720, 1280)","(720, 1280)",15.119705851320566,137.71167473957865,0.10979247677304735,high_blur
000625.png,C:\Users\User\comp6001_assignment1\data\raw\gopro\blur\images\000625.png,C:\Users\User\comp6001_assignment1\data\raw\gopro\sharp\images\000625.png,"(720, 1280)","(720, 1280)",20.992295392089424,190.7412747359276,0.11005638617049045,high_blur
000626.png,C:\Users\User\comp6001_assignment1\data\raw\gopro\blur\images\000626.png,C:\Users\User\comp6001_assignment1\data\raw\gopro\sharp\images\000626.png,"(720, 1280)","(720, 1280)",15.980997735364937,175.55880677659303,0.09102931392551117,high_blur
000627.png,C:\Users\User\comp6001_assignment1\data\raw\gopro\blur\images\000627.png,C:\Users\User\comp6001_assignment1\data\raw\gopro\sharp\images\000627.png,"(720, 1280)","(720, 1280)",14.753488438659245,130.48957575903881,0.11306258259872277,high_blur
000628.png,C:\Users\User\comp6001_assignment1\data\raw\gopro\blur\images\000628.png,C:\Users\User\comp6001_assignment1\data\raw\gopro\sharp\images\000628.png,"(720, 1280)","(720, 1280)",25.503830291705654,200.6840484532945,0.12708449170224087,high_blur
000629.png,C:\Users\User\comp6001_assignment1\data\raw\gopro\blur\images\000629.png,C:\Users\User\comp6001_assignment1\data\raw\gopro\sharp\images\000629.png,"(720, 1280)","(720, 1280)",19.838454213826456,184.02914064442203,0.10780061322505424,high_blur
000630.png,C:\Users\User\comp6001_assignment1\data\raw\gopro\blur\images\000630.png,C:\Users\User\comp6001_assignment1\data\raw\gopro\sharp\images\000630.png,"(720, 1280)","(720, 1280)",17.551690987216094,163.08441429891593,0.10762334991723689,high_blur
000631.png,C:\Users\User\comp6001_assignment1\data\raw\gopro\blur\images\000631.png,C:\Users\User\comp6001_assignment1\data\raw\gopro\sharp\images\000631.png,"(720, 1280)","(720, 1280)",22.556381068560505,178.22028989085325,0.1265646076611646,high_blur
000632.png,C:\Users\User\comp6001_assignment1\data\raw\gopro\blur\images\000632.png,C:\Users\User\comp6001_assignment1\data\raw\gopro\sharp\images\000632.png,"(720, 1280)","(720, 1280)",46.8599190554725,229.96837841314618,0.20376679340343637,low_blur
000633.png,C:\Users\User\comp6001_assignment1\data\raw\gopro\blur\images\000633.png,C:\Users\User\comp6001_assignment1\data\raw\gopro\sharp\images\000633.png,"(720, 1280)","(720, 1280)",52.34990321059991,221.2203741307388,0.23664141882924075,low_blur
000634.png,C:\Users\User\comp6001_assignment1\data\raw\gopro\blur\images\000634.png,C:\Users\User\comp6001_assignment1\data\raw\gopro\sharp\images\000634.png,"(720, 1280)","(720, 1280)",35.797361984422466,214.75085332691398,0.1666925249803847,medium_blur
000635.png,C:\Users\User\comp6001_assignment1\data\raw\gopro\blur\images\000635.png,C:\Users\User\comp6001_assignment1\data\raw\gopro\sharp\images\000635.png,"(720, 1280)","(720, 1280)",31.49781999850685,207.06413069025552,0.15211625447626587,medium_blur
000636.png,C:\Users\User\comp6001_assignment1\data\raw\gopro\blur\images\000636.png,C:\Users\User\comp6001_assignment1\data\raw\gopro\sharp\images\000636.png,"(720, 1280)","(720, 1280)",29.791494038880902,224.8254907878345,0.13250941400443658,medium_blur
000637.png,C:\Users\User\comp6001_assignment1\data\raw\gopro\blur\images\000637.png,C:\Users\User\comp6001_assignment1\data\raw\gopro\sharp\images\000637.png,"(720, 1280)","(720, 1280)",35.31330050771737,193.64903941328146,0.18235722011782843,medium_blur
000638.png,C:\Users\User\comp6001_assignment1\data\raw\gopro\blur\images\000638.png,C:\Users\User\comp6001_assignment1\data\raw\gopro\sharp\images\000638.png,"(720, 1280)","(720, 1280)",30.45964717609618,202.8621461130731,0.15014948701970657,medium_blur
000639.png,C:\Users\User\comp6001_assignment1\data\raw\gopro\blur\images\000639.png,C:\Users\User\comp6001_assignment1\data\raw\gopro\sharp\images\000639.png,"(720, 1280)","(720, 1280)",21.697435267300072,182.95580978664356,0.11859385767206243,high_blur
000640.png,C:\Users\User\comp6001_assignment1\data\raw\gopro\blur\images\000640.png,C:\Users\User\comp6001_assignment1\data\raw\gopro\sharp\images\000640.png,"(720, 1280)","(720, 1280)",28.922392273848747,204.48395732133653,0.1414408868612818,medium_blur
000641.png,C:\Users\User\comp6001_assignment1\data\raw\gopro\blur\images\000641.png,C:\Users\User\comp6001_assignment1\data\raw\gopro\sharp\images\000641.png,"(720, 1280)","(720, 1280)",25.43139478471544,128.39641817881267,0.1980693475990696,high_blur
000642.png,C:\Users\User\comp6001_assignment1\data\raw\gopro\blur\images\000642.png,C:\Users\User\comp6001_assignment1\data\raw\gopro\sharp\images\000642.png,"(720, 1280)","(720, 1280)",13.123060933412152,95.21837079572207,0.13782068336568865,high_blur
000643.png,C:\Users\User\comp6001_assignment1\data\raw\gopro\blur\images\000643.png,C:\Users\User\comp6001_assignment1\data\raw\gopro\sharp\images\000643.png,"(720, 1280)","(720, 1280)",11.85480951377963,77.43590276947022,0.15309190037521683,high_blur
000644.png,C:\Users\User\comp6001_assignment1\data\raw\gopro\blur\images\000644.png,C:\Users\User\comp6001_assignment1\data\raw\gopro\sharp\images\000644.png,"(720, 1280)","(720, 1280)",15.063045465416376,117.63827045948238,0.1280454515805213,high_blur
000645.png,C:\Users\User\comp6001_assignment1\data\raw\gopro\blur\images\000645.png,C:\Users\User\comp6001_assignment1\data\raw\gopro\sharp\images\000645.png,"(720, 1280)","(720, 1280)",17.833931639946833,129.48957749498155,0.13772484228903095,high_blur
000646.png,C:\Users\User\comp6001_assignment1\data\raw\gopro\blur\images\000646.png,C:\Users\User\comp6001_assignment1\data\raw\gopro\sharp\images\000646.png,"(720, 1280)","(720, 1280)",27.590382572540246,141.71080132284163,0.19469498664210957,medium_blur
000647.png,C:\Users\User\comp6001_assignment1\data\raw\gopro\blur\images\000647.png,C:\Users\User\comp6001_assignment1\data\raw\gopro\sharp\images\000647.png,"(720, 1280)","(720, 1280)",35.129759270392526,183.0714208474572,0.19189100683140053,medium_blur
000648.png,C:\Users\User\comp6001_assignment1\data\raw\gopro\blur\images\000648.png,C:\Users\User\comp6001_assignment1\data\raw\gopro\sharp\images\000648.png,"(720, 1280)","(720, 1280)",20.498562043506713,128.84924338455082,0.15908950261149626,high_blur
000649.png,C:\Users\User\comp6001_assignment1\data\raw\gopro\blur\images\000649.png,C:\Users\User\comp6001_assignment1\data\raw\gopro\sharp\images\000649.png,"(720, 1280)","(720, 1280)",28.277526340850784,158.79877670429258,0.17807143685827703,medium_blur
000650.png,C:\Users\User\comp6001_assignment1\data\raw\gopro\blur\images\000650.png,C:\Users\User\comp6001_assignment1\data\raw\gopro\sharp\images\000650.png,"(720, 1280)","(720, 1280)",16.226458325416658,125.44430977070652,0.12935188813093781,high_blur
000651.png,C:\Users\User\comp6001_assignment1\data\raw\gopro\blur\images\000651.png,C:\Users\User\comp6001_assignment1\data\raw\gopro\sharp\images\000651.png,"(720, 1280)","(720, 1280)",12.755280994414104,71.5715721238584,0.17821714144490558,high_blur
000652.png,C:\Users\User\comp6001_assignment1\data\raw\gopro\blur\images\000652.png,C:\Users\User\comp6001_assignment1\data\raw\gopro\sharp\images\000652.png,"(720, 1280)","(720, 1280)",8.604851495512033,46.5103350898731,0.1850094495564172,high_blur
000653.png,C:\Users\User\comp6001_assignment1\data\raw\gopro\blur\images\000653.png,C:\Users\User\comp6001_assignment1\data\raw\gopro\sharp\images\000653.png,"(720, 1280)","(720, 1280)",8.332285032653807,47.015537072488996,0.17722407420412473,high_blur
000654.png,C:\Users\User\comp6001_assignment1\data\raw\gopro\blur\images\000654.png,C:\Users\User\comp6001_assignment1\data\raw\gopro\sharp\images\000654.png,"(720, 1280)","(720, 1280)",15.16011275256004,83.77012026717453,0.18097279438538458,high_blur
000655.png,C:\Users\User\comp6001_assignment1\data\raw\gopro\blur\images\000655.png,C:\Users\User\comp6001_assignment1\data\raw\gopro\sharp\images\000655.png,"(720, 1280)","(720, 1280)",37.051060013145865,209.31747495580132,0.17700891919893136,medium_blur
000656.png,C:\Users\User\comp6001_assignment1\data\raw\gopro\blur\images\000656.png,C:\Users\User\comp6001_assignment1\data\raw\gopro\sharp\images\000656.png,"(720, 1280)","(720, 1280)",26.050025018969876,209.32776909710452,0.12444610254094446,high_blur
000657.png,C:\Users\User\comp6001_assignment1\data\raw\gopro\blur\images\000657.png,C:\Users\User\comp6001_assignment1\data\raw\gopro\sharp\images\000657.png,"(720, 1280)","(720, 1280)",23.496640825049084,176.8580671559604,0.1328559177512681,high_blur
000658.png,C:\Users\User\comp6001_assignment1\data\raw\gopro\blur\images\000658.png,C:\Users\User\comp6001_assignment1\data\raw\gopro\sharp\images\000658.png,"(720, 1280)","(720, 1280)",21.220584150685205,160.03406124631985,0.13260042258564622,high_blur
000659.png,C:\Users\User\comp6001_assignment1\data\raw\gopro\blur\images\000659.png,C:\Users\User\comp6001_assignment1\data\raw\gopro\sharp\images\000659.png,"(720, 1280)","(720, 1280)",13.685375994024158,97.48375678591202,0.14038621862589168,high_blur
000660.png,C:\Users\User\comp6001_assignment1\data\raw\gopro\blur\images\000660.png,C:\Users\User\comp6001_assignment1\data\raw\gopro\sharp\images\000660.png,"(720, 1280)","(720, 1280)",16.0230421049848,112.50897025325446,0.14241568532263016,high_blur
000661.png,C:\Users\User\comp6001_assignment1\data\raw\gopro\blur\images\000661.png,C:\Users\User\comp6001_assignment1\data\raw\gopro\sharp\images\000661.png,"(720, 1280)","(720, 1280)",23.66983060860339,145.5505586094032,0.16262273970721805,high_blur
000662.png,C:\Users\User\comp6001_assignment1\data\raw\gopro\blur\images\000662.png,C:\Users\User\comp6001_assignment1\data\raw\gopro\sharp\images\000662.png,"(720, 1280)","(720, 1280)",14.458054182253939,107.77846153020852,0.13414604342686898,high_blur
000663.png,C:\Users\User\comp6001_assignment1\data\raw\gopro\blur\images\000663.png,C:\Users\User\comp6001_assignment1\data\raw\gopro\sharp\images\000663.png,"(720, 1280)","(720, 1280)",26.740129984518923,173.198879416906,0.15438974012417836,high_blur
000664.png,C:\Users\User\comp6001_assignment1\data\raw\gopro\blur\images\000664.png,C:\Users\User\comp6001_assignment1\data\raw\gopro\sharp\images\000664.png,"(720, 1280)","(720, 1280)",26.703081298139345,161.53751441573047,0.1653057581891699,high_blur
000665.png,C:\Users\User\comp6001_assignment1\data\raw\gopro\blur\images\000665.png,C:\Users\User\comp6001_assignment1\data\raw\gopro\sharp\images\000665.png,"(720, 1280)","(720, 1280)",17.817052089545175,137.52752389407567,0.12955262760327468,high_blur
000666.png,C:\Users\User\comp6001_assignment1\data\raw\gopro\blur\images\000666.png,C:\Users\User\comp6001_assignment1\data\raw\gopro\sharp\images\000666.png,"(720, 1280)","(720, 1280)",20.059604300509548,139.22800991896523,0.144077361378246,high_blur
000667.png,C:\Users\User\comp6001_assignment1\data\raw\gopro\blur\images\000667.png,C:\Users\User\comp6001_assignment1\data\raw\gopro\sharp\images\000667.png,"(720, 1280)","(720, 1280)",34.03673799989372,234.41190676065025,0.1452005508969108,medium_blur
000668.png,C:\Users\User\comp6001_assignment1\data\raw\gopro\blur\images\000668.png,C:\Users\User\comp6001_assignment1\data\raw\gopro\sharp\images\000668.png,"(720, 1280)","(720, 1280)",41.45929993692563,230.03102429601861,0.18023351442269292,medium_blur
000669.png,C:\Users\User\comp6001_assignment1\data\raw\gopro\blur\images\000669.png,C:\Users\User\comp6001_assignment1\data\raw\gopro\sharp\images\000669.png,"(720, 1280)","(720, 1280)",22.406773797719275,169.71642190754147,0.1320247831326885,high_blur
000670.png,C:\Users\User\comp6001_assignment1\data\raw\gopro\blur\images\000670.png,C:\Users\User\comp6001_assignment1\data\raw\gopro\sharp\images\000670.png,"(720, 1280)","(720, 1280)",46.69744706970848,260.79586930095394,0.17905746434208225,low_blur
000671.png,C:\Users\User\comp6001_assignment1\data\raw\gopro\blur\images\000671.png,C:\Users\User\comp6001_assignment1\data\raw\gopro\sharp\images\000671.png,"(720, 1280)","(720, 1280)",32.692938498931454,169.8535736290779,0.19247718960803686,medium_blur
000672.png,C:\Users\User\comp6001_assignment1\data\raw\gopro\blur\images\000672.png,C:\Users\User\comp6001_assignment1\data\raw\gopro\sharp\images\000672.png,"(720, 1280)","(720, 1280)",44.04471890744339,232.4836224814332,0.18945299645383146,low_blur
000673.png,C:\Users\User\comp6001_assignment1\data\raw\gopro\blur\images\000673.png,C:\Users\User\comp6001_assignment1\data\raw\gopro\sharp\images\000673.png,"(720, 1280)","(720, 1280)",23.114591714816623,136.15611428238557,0.1697653596751423,high_blur
000674.png,C:\Users\User\comp6001_assignment1\data\raw\gopro\blur\images\000674.png,C:\Users\User\comp6001_assignment1\data\raw\gopro\sharp\images\000674.png,"(720, 1280)","(720, 1280)",28.60669823517506,167.22145122972654,0.17107074494985014,medium_blur
000675.png,C:\Users\User\comp6001_assignment1\data\raw\gopro\blur\images\000675.png,C:\Users\User\comp6001_assignment1\data\raw\gopro\sharp\images\000675.png,"(720, 1280)","(720, 1280)",28.688542563355995,181.00572394306394,0.15849522289579712,medium_blur
000681.png,C:\Users\User\comp6001_assignment1\data\raw\gopro\blur\images\000681.png,C:\Users\User\comp6001_assignment1\data\raw\gopro\sharp\images\000681.png,"(720, 1280)","(720, 1280)",50.23382468422667,464.7374315310994,0.10809076539767425,low_blur
000682.png,C:\Users\User\comp6001_assignment1\data\raw\gopro\blur\images\000682.png,C:\Users\User\comp6001_assignment1\data\raw\gopro\sharp\images\000682.png,"(720, 1280)","(720, 1280)",33.51777014786402,301.10860414502054,0.11131455456718858,medium_blur
000683.png,C:\Users\User\comp6001_assignment1\data\raw\gopro\blur\images\000683.png,C:\Users\User\comp6001_assignment1\data\raw\gopro\sharp\images\000683.png,"(720, 1280)","(720, 1280)",27.711931492256824,264.8724305916491,0.1046236915986691,medium_blur
000684.png,C:\Users\User\comp6001_assignment1\data\raw\gopro\blur\images\000684.png,C:\Users\User\comp6001_assignment1\data\raw\gopro\sharp\images\000684.png,"(720, 1280)","(720, 1280)",28.143134480751883,325.1133777589856,0.08656406166328051,medium_blur
000685.png,C:\Users\User\comp6001_assignment1\data\raw\gopro\blur\images\000685.png,C:\Users\User\comp6001_assignment1\data\raw\gopro\sharp\images\000685.png,"(720, 1280)","(720, 1280)",29.434203450219428,262.5827220368373,0.11209497418862617,medium_blur
000686.png,C:\Users\User\comp6001_assignment1\data\raw\gopro\blur\images\000686.png,C:\Users\User\comp6001_assignment1\data\raw\gopro\sharp\images\000686.png,"(720, 1280)","(720, 1280)",26.45410360952188,270.9285197575888,0.09764237309610321,high_blur
000687.png,C:\Users\User\comp6001_assignment1\data\raw\gopro\blur\images\000687.png,C:\Users\User\comp6001_assignment1\data\raw\gopro\sharp\images\000687.png,"(720, 1280)","(720, 1280)",27.162587847673162,338.7430707759329,0.08018640140638754,medium_blur
000688.png,C:\Users\User\comp6001_assignment1\data\raw\gopro\blur\images\000688.png,C:\Users\User\comp6001_assignment1\data\raw\gopro\sharp\images\000688.png,"(720, 1280)","(720, 1280)",22.75532768869282,223.13447221137162,0.10198033258669807,high_blur
000689.png,C:\Users\User\comp6001_assignment1\data\raw\gopro\blur\images\000689.png,C:\Users\User\comp6001_assignment1\data\raw\gopro\sharp\images\000689.png,"(720, 1280)","(720, 1280)",28.398185621613635,267.24749191469607,0.1062617479292025,medium_blur
000690.png,C:\Users\User\comp6001_assignment1\data\raw\gopro\blur\images\000690.png,C:\Users\User\comp6001_assignment1\data\raw\gopro\sharp\images\000690.png,"(720, 1280)","(720, 1280)",24.371466977418503,256.91036883778054,0.09486369540755517,high_blur
000691.png,C:\Users\User\comp6001_assignment1\data\raw\gopro\blur\images\000691.png,C:\Users\User\comp6001_assignment1\data\raw\gopro\sharp\images\000691.png,"(720, 1280)","(720, 1280)",21.876297508856684,225.8355871954978,0.09686824729244498,high_blur
000692.png,C:\Users\User\comp6001_assignment1\data\raw\gopro\blur\images\000692.png,C:\Users\User\comp6001_assignment1\data\raw\gopro\sharp\images\000692.png,"(720, 1280)","(720, 1280)",25.946549354816963,252.7986179699355,0.10263722785413458,high_blur
000693.png,C:\Users\User\comp6001_assignment1\data\raw\gopro\blur\images\000693.png,C:\Users\User\comp6001_assignment1\data\raw\gopro\sharp\images\000693.png,"(720, 1280)","(720, 1280)",35.15485134534367,278.0540846133714,0.12643170264145362,medium_blur
000694.png,C:\Users\User\comp6001_assignment1\data\raw\gopro\blur\images\000694.png,C:\Users\User\comp6001_assignment1\data\raw\gopro\sharp\images\000694.png,"(720, 1280)","(720, 1280)",40.37800151638453,296.46444442634106,0.1361984624940573,medium_blur
000695.png,C:\Users\User\comp6001_assignment1\data\raw\gopro\blur\images\000695.png,C:\Users\User\comp6001_assignment1\data\raw\gopro\sharp\images\000695.png,"(720, 1280)","(720, 1280)",182.87187803374394,345.64516409414307,0.5290740245353022,low_blur
000696.png,C:\Users\User\comp6001_assignment1\data\raw\gopro\blur\images\000696.png,C:\Users\User\comp6001_assignment1\data\raw\gopro\sharp\images\000696.png,"(720, 1280)","(720, 1280)",156.6155095934444,385.01669594302695,0.40677589112278884,low_blur
000697.png,C:\Users\User\comp6001_assignment1\data\raw\gopro\blur\images\000697.png,C:\Users\User\comp6001_assignment1\data\raw\gopro\sharp\images\000697.png,"(720, 1280)","(720, 1280)",49.073332691756605,314.3610706239863,0.15610499287582963,low_blur
000698.png,C:\Users\User\comp6001_assignment1\data\raw\gopro\blur\images\000698.png,C:\Users\User\comp6001_assignment1\data\raw\gopro\sharp\images\000698.png,"(720, 1280)","(720, 1280)",79.63762811278826,420.9620620698984,0.18918005988309958,low_blur
000699.png,C:\Users\User\comp6001_assignment1\data\raw\gopro\blur\images\000699.png,C:\Users\User\comp6001_assignment1\data\raw\gopro\sharp\images\000699.png,"(720, 1280)","(720, 1280)",30.731866880963153,287.4954971618548,0.10689512421334624,medium_blur
000700.png,C:\Users\User\comp6001_assignment1\data\raw\gopro\blur\images\000700.png,C:\Users\User\comp6001_assignment1\data\raw\gopro\sharp\images\000700.png,"(720, 1280)","(720, 1280)",27.08744549522398,283.56225638740324,0.09552556761031628,high_blur
000701.png,C:\Users\User\comp6001_assignment1\data\raw\gopro\blur\images\000701.png,C:\Users\User\comp6001_assignment1\data\raw\gopro\sharp\images\000701.png,"(720, 1280)","(720, 1280)",28.37264751652846,334.2925727399617,0.08487369995429164,medium_blur
000702.png,C:\Users\User\comp6001_assignment1\data\raw\gopro\blur\images\000702.png,C:\Users\User\comp6001_assignment1\data\raw\gopro\sharp\images\000702.png,"(720, 1280)","(720, 1280)",21.876271809329516,241.57552071498245,0.0905566579911637,high_blur
000703.png,C:\Users\User\comp6001_assignment1\data\raw\gopro\blur\images\000703.png,C:\Users\User\comp6001_assignment1\data\raw\gopro\sharp\images\000703.png,"(720, 1280)","(720, 1280)",29.49026795671134,259.1455828879839,0.11379807298633593,medium_blur
000704.png,C:\Users\User\comp6001_assignment1\data\raw\gopro\blur\images\000704.png,C:\Users\User\comp6001_assignment1\data\raw\gopro\sharp\images\000704.png,"(720, 1280)","(720, 1280)",64.27082352480356,270.1601794022878,0.2378989518907623,low_blur
000705.png,C:\Users\User\comp6001_assignment1\data\raw\gopro\blur\images\000705.png,C:\Users\User\comp6001_assignment1\data\raw\gopro\sharp\images\000705.png,"(720, 1280)","(720, 1280)",55.4547919853634,269.5736666605632,0.2057129417360072,low_blur
000706.png,C:\Users\User\comp6001_assignment1\data\raw\gopro\blur\images\000706.png,C:\Users\User\comp6001_assignment1\data\raw\gopro\sharp\images\000706.png,"(720, 1280)","(720, 1280)",37.85483368596207,268.85407755683485,0.1408006678885191,medium_blur
000707.png,C:\Users\User\comp6001_assignment1\data\raw\gopro\blur\images\000707.png,C:\Users\User\comp6001_assignment1\data\raw\gopro\sharp\images\000707.png,"(720, 1280)","(720, 1280)",41.7922533255577,272.65498510640344,0.15327888946433718,medium_blur
000708.png,C:\Users\User\comp6001_assignment1\data\raw\gopro\blur\images\000708.png,C:\Users\User\comp6001_assignment1\data\raw\gopro\sharp\images\000708.png,"(720, 1280)","(720, 1280)",90.59110736760272,275.2834386298098,0.3290830273525288,low_blur
000709.png,C:\Users\User\comp6001_assignment1\data\raw\gopro\blur\images\000709.png,C:\Users\User\comp6001_assignment1\data\raw\gopro\sharp\images\000709.png,"(720, 1280)","(720, 1280)",24.98006293232766,236.804948305482,0.10548792628711508,high_blur
000710.png,C:\Users\User\comp6001_assignment1\data\raw\gopro\blur\images\000710.png,C:\Users\User\comp6001_assignment1\data\raw\gopro\sharp\images\000710.png,"(720, 1280)","(720, 1280)",28.726158532685403,274.3158876071401,0.10471926647128149,medium_blur
000711.png,C:\Users\User\comp6001_assignment1\data\raw\gopro\blur\images\000711.png,C:\Users\User\comp6001_assignment1\data\raw\gopro\sharp\images\000711.png,"(720, 1280)","(720, 1280)",17.08563041174147,173.78682507809765,0.09831372661926623,high_blur
000712.png,C:\Users\User\comp6001_assignment1\data\raw\gopro\blur\images\000712.png,C:\Users\User\comp6001_assignment1\data\raw\gopro\sharp\images\000712.png,"(720, 1280)","(720, 1280)",33.53066840954888,237.68105245095592,0.1410742171593884,medium_blur
000713.png,C:\Users\User\comp6001_assignment1\data\raw\gopro\blur\images\000713.png,C:\Users\User\comp6001_assignment1\data\raw\gopro\sharp\images\000713.png,"(720, 1280)","(720, 1280)",50.38689443628756,252.81793083176677,0.19930111075793758,low_blur
000714.png,C:\Users\User\comp6001_assignment1\data\raw\gopro\blur\images\000714.png,C:\Users\User\comp6001_assignment1\data\raw\gopro\sharp\images\000714.png,"(720, 1280)","(720, 1280)",57.19295969757736,246.55946688096773,0.2319641602845813,low_blur
000715.png,C:\Users\User\comp6001_assignment1\data\raw\gopro\blur\images\000715.png,C:\Users\User\comp6001_assignment1\data\raw\gopro\sharp\images\000715.png,"(720, 1280)","(720, 1280)",43.403917042668674,260.58631727418776,0.1665625328874564,low_blur
000716.png,C:\Users\User\comp6001_assignment1\data\raw\gopro\blur\images\000716.png,C:\Users\User\comp6001_assignment1\data\raw\gopro\sharp\images\000716.png,"(720, 1280)","(720, 1280)",18.0260839396053,195.28967613954435,0.09230433628146173,high_blur
000717.png,C:\Users\User\comp6001_assignment1\data\raw\gopro\blur\images\000717.png,C:\Users\User\comp6001_assignment1\data\raw\gopro\sharp\images\000717.png,"(720, 1280)","(720, 1280)",16.293737782700855,163.25990449693464,0.0998024458724877,high_blur
000718.png,C:\Users\User\comp6001_assignment1\data\raw\gopro\blur\images\000718.png,C:\Users\User\comp6001_assignment1\data\raw\gopro\sharp\images\000718.png,"(720, 1280)","(720, 1280)",18.44883766783608,203.31265751153333,0.09074121548916411,high_blur
000719.png,C:\Users\User\comp6001_assignment1\data\raw\gopro\blur\images\000719.png,C:\Users\User\comp6001_assignment1\data\raw\gopro\sharp\images\000719.png,"(720, 1280)","(720, 1280)",17.226518083285107,192.84493409163753,0.08932834125788337,high_blur
000720.png,C:\Users\User\comp6001_assignment1\data\raw\gopro\blur\images\000720.png,C:\Users\User\comp6001_assignment1\data\raw\gopro\sharp\images\000720.png,"(720, 1280)","(720, 1280)",17.277895679539807,132.71477852826527,0.13018818152612988,high_blur
000721.png,C:\Users\User\comp6001_assignment1\data\raw\gopro\blur\images\000721.png,C:\Users\User\comp6001_assignment1\data\raw\gopro\sharp\images\000721.png,"(720, 1280)","(720, 1280)",17.136574021740902,167.02938913085262,0.10259616053130603,high_blur
000722.png,C:\Users\User\comp6001_assignment1\data\raw\gopro\blur\images\000722.png,C:\Users\User\comp6001_assignment1\data\raw\gopro\sharp\images\000722.png,"(720, 1280)","(720, 1280)",51.711533618837514,332.54424357152396,0.1555027176591626,low_blur
000723.png,C:\Users\User\comp6001_assignment1\data\raw\gopro\blur\images\000723.png,C:\Users\User\comp6001_assignment1\data\raw\gopro\sharp\images\000723.png,"(720, 1280)","(720, 1280)",21.32513232122234,214.0123780724691,0.09964438745222838,high_blur
000724.png,C:\Users\User\comp6001_assignment1\data\raw\gopro\blur\images\000724.png,C:\Users\User\comp6001_assignment1\data\raw\gopro\sharp\images\000724.png,"(720, 1280)","(720, 1280)",30.155028336417843,249.3022092869888,0.12095772605245848,medium_blur
000725.png,C:\Users\User\comp6001_assignment1\data\raw\gopro\blur\images\000725.png,C:\Users\User\comp6001_assignment1\data\raw\gopro\sharp\images\000725.png,"(720, 1280)","(720, 1280)",45.6240996527778,381.5790466869025,0.11956657486231977,low_blur
000726.png,C:\Users\User\comp6001_assignment1\data\raw\gopro\blur\images\000726.png,C:\Users\User\comp6001_assignment1\data\raw\gopro\sharp\images\000726.png,"(720, 1280)","(720, 1280)",41.67786080246911,388.6248126254565,0.10724446676430921,medium_blur
000727.png,C:\Users\User\comp6001_assignment1\data\raw\gopro\blur\images\000727.png,C:\Users\User\comp6001_assignment1\data\raw\gopro\sharp\images\000727.png,"(720, 1280)","(720, 1280)",38.717654881087675,343.82008223526094,0.11261021935731139,medium_blur
000728.png,C:\Users\User\comp6001_assignment1\data\raw\gopro\blur\images\000728.png,C:\Users\User\comp6001_assignment1\data\raw\gopro\sharp\images\000728.png,"(720, 1280)","(720, 1280)",86.87938802036237,465.54504409314256,0.18661865080688958,low_blur
000729.png,C:\Users\User\comp6001_assignment1\data\raw\gopro\blur\images\000729.png,C:\Users\User\comp6001_assignment1\data\raw\gopro\sharp\images\000729.png,"(720, 1280)","(720, 1280)",80.97926804106915,373.5418703215696,0.2167876601602625,low_blur
000730.png,C:\Users\User\comp6001_assignment1\data\raw\gopro\blur\images\000730.png,C:\Users\User\comp6001_assignment1\data\raw\gopro\sharp\images\000730.png,"(720, 1280)","(720, 1280)",157.53148775736022,393.5817468442376,0.4002509999928979,low_blur
000731.png,C:\Users\User\comp6001_assignment1\data\raw\gopro\blur\images\000731.png,C:\Users\User\comp6001_assignment1\data\raw\gopro\sharp\images\000731.png,"(720, 1280)","(720, 1280)",49.56376388311384,389.05803083337395,0.1273942701444122,low_blur
000732.png,C:\Users\User\comp6001_assignment1\data\raw\gopro\blur\images\000732.png,C:\Users\User\comp6001_assignment1\data\raw\gopro\sharp\images\000732.png,"(720, 1280)","(720, 1280)",138.95813651332034,404.13821287611864,0.3438381525987425,low_blur
000733.png,C:\Users\User\comp6001_assignment1\data\raw\gopro\blur\images\000733.png,C:\Users\User\comp6001_assignment1\data\raw\gopro\sharp\images\000733.png,"(720, 1280)","(720, 1280)",31.774007968436365,383.24615209341056,0.08290757205009809,medium_blur
000734.png,C:\Users\User\comp6001_assignment1\data\raw\gopro\blur\images\000734.png,C:\Users\User\comp6001_assignment1\data\raw\gopro\sharp\images\000734.png,"(720, 1280)","(720, 1280)",45.254978154382606,366.37867473277225,0.12351968407046424,low_blur
000735.png,C:\Users\User\comp6001_assignment1\data\raw\gopro\blur\images\000735.png,C:\Users\User\comp6001_assignment1\data\raw\gopro\sharp\images\000735.png,"(720, 1280)","(720, 1280)",28.312370868229575,313.37969811859114,0.09034526179360851,medium_blur
000736.png,C:\Users\User\comp6001_assignment1\data\raw\gopro\blur\images\000736.png,C:\Users\User\comp6001_assignment1\data\raw\gopro\sharp\images\000736.png,"(720, 1280)","(720, 1280)",43.14705717110343,332.5672174978362,0.12973935763854041,low_blur
000737.png,C:\Users\User\comp6001_assignment1\data\raw\gopro\blur\images\000737.png,C:\Users\User\comp6001_assignment1\data\raw\gopro\sharp\images\000737.png,"(720, 1280)","(720, 1280)",30.73452430984592,301.6920777998924,0.10187381960096714,medium_blur
000738.png,C:\Users\User\comp6001_assignment1\data\raw\gopro\blur\images\000738.png,C:\Users\User\comp6001_assignment1\data\raw\gopro\sharp\images\000738.png,"(720, 1280)","(720, 1280)",26.203875858937963,296.3172768053586,0.08843181923295731,high_blur
000739.png,C:\Users\User\comp6001_assignment1\data\raw\gopro\blur\images\000739.png,C:\Users\User\comp6001_assignment1\data\raw\gopro\sharp\images\000739.png,"(720, 1280)","(720, 1280)",24.696118049610988,272.68242486901806,0.09056732593077092,high_blur
000740.png,C:\Users\User\comp6001_assignment1\data\raw\gopro\blur\images\000740.png,C:\Users\User\comp6001_assignment1\data\raw\gopro\sharp\images\000740.png,"(720, 1280)","(720, 1280)",54.11414234436415,309.5713221486362,0.1748034732901841,low_blur
000741.png,C:\Users\User\comp6001_assignment1\data\raw\gopro\blur\images\000741.png,C:\Users\User\comp6001_assignment1\data\raw\gopro\sharp\images\000741.png,"(720, 1280)","(720, 1280)",71.59642237430032,360.2418861030284,0.1987454128303016,low_blur
000742.png,C:\Users\User\comp6001_assignment1\data\raw\gopro\blur\images\000742.png,C:\Users\User\comp6001_assignment1\data\raw\gopro\sharp\images\000742.png,"(720, 1280)","(720, 1280)",26.516528997038613,267.6522460281749,0.09907082563116841,high_blur
000743.png,C:\Users\User\comp6001_assignment1\data\raw\gopro\blur\images\000743.png,C:\Users\User\comp6001_assignment1\data\raw\gopro\sharp\images\000743.png,"(720, 1280)","(720, 1280)",93.661396790727,304.8735037388261,0.3072139613283387,low_blur
000744.png,C:\Users\User\comp6001_assignment1\data\raw\gopro\blur\images\000744.png,C:\Users\User\comp6001_assignment1\data\raw\gopro\sharp\images\000744.png,"(720, 1280)","(720, 1280)",33.13166663874402,299.3737075453854,0.1106699279281716,medium_blur
000745.png,C:\Users\User\comp6001_assignment1\data\raw\gopro\blur\images\000745.png,C:\Users\User\comp6001_assignment1\data\raw\gopro\sharp\images\000745.png,"(720, 1280)","(720, 1280)",30.213226786856005,296.24001782339116,0.10198901217946954,medium_blur
000746.png,C:\Users\User\comp6001_assignment1\data\raw\gopro\blur\images\000746.png,C:\Users\User\comp6001_assignment1\data\raw\gopro\sharp\images\000746.png,"(720, 1280)","(720, 1280)",34.44963301442464,287.4156483500163,0.11985997704367543,medium_blur
000747.png,C:\Users\User\comp6001_assignment1\data\raw\gopro\blur\images\000747.png,C:\Users\User\comp6001_assignment1\data\raw\gopro\sharp\images\000747.png,"(720, 1280)","(720, 1280)",17.779874110803483,190.57824524382497,0.09329435312578856,high_blur
000748.png,C:\Users\User\comp6001_assignment1\data\raw\gopro\blur\images\000748.png,C:\Users\User\comp6001_assignment1\data\raw\gopro\sharp\images\000748.png,"(720, 1280)","(720, 1280)",23.430732402282285,289.0603780276406,0.08105826388710806,high_blur
000749.png,C:\Users\User\comp6001_assignment1\data\raw\gopro\blur\images\000749.png,C:\Users\User\comp6001_assignment1\data\raw\gopro\sharp\images\000749.png,"(720, 1280)","(720, 1280)",22.926904952418948,263.1640689492119,0.0871201948012607,high_blur
000750.png,C:\Users\User\comp6001_assignment1\data\raw\gopro\blur\images\000750.png,C:\Users\User\comp6001_assignment1\data\raw\gopro\sharp\images\000750.png,"(720, 1280)","(720, 1280)",20.527520726404077,177.4648412224087,0.11567091590565338,high_blur
000751.png,C:\Users\User\comp6001_assignment1\data\raw\gopro\blur\images\000751.png,C:\Users\User\comp6001_assignment1\data\raw\gopro\sharp\images\000751.png,"(720, 1280)","(720, 1280)",50.39060594516212,291.04976664504886,0.1731339850372905,low_blur
000752.png,C:\Users\User\comp6001_assignment1\data\raw\gopro\blur\images\000752.png,C:\Users\User\comp6001_assignment1\data\raw\gopro\sharp\images\000752.png,"(720, 1280)","(720, 1280)",57.60916333904498,322.85988763194115,0.17843394470524884,low_blur
000753.png,C:\Users\User\comp6001_assignment1\data\raw\gopro\blur\images\000753.png,C:\Users\User\comp6001_assignment1\data\raw\gopro\sharp\images\000753.png,"(720, 1280)","(720, 1280)",31.032823090304856,345.77243055487736,0.08974926959794777,medium_blur
000754.png,C:\Users\User\comp6001_assignment1\data\raw\gopro\blur\images\000754.png,C:\Users\User\comp6001_assignment1\data\raw\gopro\sharp\images\000754.png,"(720, 1280)","(720, 1280)",40.06183481637343,316.8653328179065,0.12643173823667073,medium_blur
000755.png,C:\Users\User\comp6001_assignment1\data\raw\gopro\blur\images\000755.png,C:\Users\User\comp6001_assignment1\data\raw\gopro\sharp\images\000755.png,"(720, 1280)","(720, 1280)",24.0316545339502,279.7115259891922,0.08591585365709814,high_blur
000756.png,C:\Users\User\comp6001_assignment1\data\raw\gopro\blur\images\000756.png,C:\Users\User\comp6001_assignment1\data\raw\gopro\sharp\images\000756.png,"(720, 1280)","(720, 1280)",26.053751085058842,310.8484003858732,0.08381497556969486,high_blur
000757.png,C:\Users\User\comp6001_assignment1\data\raw\gopro\blur\images\000757.png,C:\Users\User\comp6001_assignment1\data\raw\gopro\sharp\images\000757.png,"(720, 1280)","(720, 1280)",45.195843178812694,310.1914594140217,0.14570305469639458,low_blur
000758.png,C:\Users\User\comp6001_assignment1\data\raw\gopro\blur\images\000758.png,C:\Users\User\comp6001_assignment1\data\raw\gopro\sharp\images\000758.png,"(720, 1280)","(720, 1280)",40.484067833040946,306.78302480438606,0.1319631940441788,medium_blur
000759.png,C:\Users\User\comp6001_assignment1\data\raw\gopro\blur\images\000759.png,C:\Users\User\comp6001_assignment1\data\raw\gopro\sharp\images\000759.png,"(720, 1280)","(720, 1280)",22.464889756801988,234.9724375311535,0.09560648896476398,high_blur
000760.png,C:\Users\User\comp6001_assignment1\data\raw\gopro\blur\images\000760.png,C:\Users\User\comp6001_assignment1\data\raw\gopro\sharp\images\000760.png,"(720, 1280)","(720, 1280)",30.80025538194445,283.7823209974395,0.10853479269815755,medium_blur
000761.png,C:\Users\User\comp6001_assignment1\data\raw\gopro\blur\images\000761.png,C:\Users\User\comp6001_assignment1\data\raw\gopro\sharp\images\000761.png,"(720, 1280)","(720, 1280)",37.01892345852325,309.52696108556216,0.11959838111515644,medium_blur
000762.png,C:\Users\User\comp6001_assignment1\data\raw\gopro\blur\images\000762.png,C:\Users\User\comp6001_assignment1\data\raw\gopro\sharp\images\000762.png,"(720, 1280)","(720, 1280)",26.4803197611067,259.21212725573884,0.10215694782659467,high_blur
000763.png,C:\Users\User\comp6001_assignment1\data\raw\gopro\blur\images\000763.png,C:\Users\User\comp6001_assignment1\data\raw\gopro\sharp\images\000763.png,"(720, 1280)","(720, 1280)",38.93815833450951,290.96324950491817,0.13382500504591419,medium_blur
000764.png,C:\Users\User\comp6001_assignment1\data\raw\gopro\blur\images\000764.png,C:\Users\User\comp6001_assignment1\data\raw\gopro\sharp\images\000764.png,"(720, 1280)","(720, 1280)",59.91719837988276,328.4191197204295,0.1824412611210442,low_blur
000765.png,C:\Users\User\comp6001_assignment1\data\raw\gopro\blur\images\000765.png,C:\Users\User\comp6001_assignment1\data\raw\gopro\sharp\images\000765.png,"(720, 1280)","(720, 1280)",22.408080177673284,266.43207022666945,0.08410429028971012,high_blur
000766.png,C:\Users\User\comp6001_assignment1\data\raw\gopro\blur\images\000766.png,C:\Users\User\comp6001_assignment1\data\raw\gopro\sharp\images\000766.png,"(720, 1280)","(720, 1280)",20.609693958494393,242.38622160356314,0.08502832306760601,high_blur
000767.png,C:\Users\User\comp6001_assignment1\data\raw\gopro\blur\images\000767.png,C:\Users\User\comp6001_assignment1\data\raw\gopro\sharp\images\000767.png,"(720, 1280)","(720, 1280)",22.586974541388624,261.1190993923565,0.0865006604001208,high_blur
000768.png,C:\Users\User\comp6001_assignment1\data\raw\gopro\blur\images\000768.png,C:\Users\User\comp6001_assignment1\data\raw\gopro\sharp\images\000768.png,"(720, 1280)","(720, 1280)",37.9132692340321,318.4489566079776,0.11905603220271865,medium_blur
000769.png,C:\Users\User\comp6001_assignment1\data\raw\gopro\blur\images\000769.png,C:\Users\User\comp6001_assignment1\data\raw\gopro\sharp\images\000769.png,"(720, 1280)","(720, 1280)",27.492271841072736,314.0540602956876,0.08753993441228833,medium_blur
000770.png,C:\Users\User\comp6001_assignment1\data\raw\gopro\blur\images\000770.png,C:\Users\User\comp6001_assignment1\data\raw\gopro\sharp\images\000770.png,"(720, 1280)","(720, 1280)",25.063539359056215,321.7908435113932,0.07788767102501458,high_blur
000771.png,C:\Users\User\comp6001_assignment1\data\raw\gopro\blur\images\000771.png,C:\Users\User\comp6001_assignment1\data\raw\gopro\sharp\images\000771.png,"(720, 1280)","(720, 1280)",27.219953071875626,302.3791098135299,0.09001929097470171,medium_blur
000772.png,C:\Users\User\comp6001_assignment1\data\raw\gopro\blur\images\000772.png,C:\Users\User\comp6001_assignment1\data\raw\gopro\sharp\images\000772.png,"(720, 1280)","(720, 1280)",22.209937843604145,237.7738106536442,0.0934078390787218,high_blur
000773.png,C:\Users\User\comp6001_assignment1\data\raw\gopro\blur\images\000773.png,C:\Users\User\comp6001_assignment1\data\raw\gopro\sharp\images\000773.png,"(720, 1280)","(720, 1280)",29.12997264842162,272.2378499845705,0.10700192000856085,medium_blur
000774.png,C:\Users\User\comp6001_assignment1\data\raw\gopro\blur\images\000774.png,C:\Users\User\comp6001_assignment1\data\raw\gopro\sharp\images\000774.png,"(720, 1280)","(720, 1280)",44.880450298534214,286.3872810363193,0.15671244244703522,low_blur
000775.png,C:\Users\User\comp6001_assignment1\data\raw\gopro\blur\images\000775.png,C:\Users\User\comp6001_assignment1\data\raw\gopro\sharp\images\000775.png,"(720, 1280)","(720, 1280)",105.65886284111872,304.1540258400516,0.34738604082527813,low_blur
000776.png,C:\Users\User\comp6001_assignment1\data\raw\gopro\blur\images\000776.png,C:\Users\User\comp6001_assignment1\data\raw\gopro\sharp\images\000776.png,"(720, 1280)","(720, 1280)",31.213118526651822,323.23677319607214,0.0965642560314529,medium_blur
000777.png,C:\Users\User\comp6001_assignment1\data\raw\gopro\blur\images\000777.png,C:\Users\User\comp6001_assignment1\data\raw\gopro\sharp\images\000777.png,"(720, 1280)","(720, 1280)",20.32056532116996,239.0238053144656,0.08501481805791508,high_blur
000778.png,C:\Users\User\comp6001_assignment1\data\raw\gopro\blur\images\000778.png,C:\Users\User\comp6001_assignment1\data\raw\gopro\sharp\images\000778.png,"(720, 1280)","(720, 1280)",20.991326819185563,254.20933792170663,0.08257496357126301,high_blur
000779.png,C:\Users\User\comp6001_assignment1\data\raw\gopro\blur\images\000779.png,C:\Users\User\comp6001_assignment1\data\raw\gopro\sharp\images\000779.png,"(720, 1280)","(720, 1280)",29.363173238541165,234.70795209790933,0.12510514865317027,medium_blur
000780.png,C:\Users\User\comp6001_assignment1\data\raw\gopro\blur\images\000780.png,C:\Users\User\comp6001_assignment1\data\raw\gopro\sharp\images\000780.png,"(720, 1280)","(720, 1280)",46.89778673674855,299.6410548658478,0.15651322131468268,low_blur
000951.png,C:\Users\User\comp6001_assignment1\data\raw\gopro\blur\images\000951.png,C:\Users\User\comp6001_assignment1\data\raw\gopro\sharp\images\000951.png,"(720, 1280)","(720, 1280)",11.90257052595233,110.20039490725202,0.10800841988715021,high_blur
000952.png,C:\Users\User\comp6001_assignment1\data\raw\gopro\blur\images\000952.png,C:\Users\User\comp6001_assignment1\data\raw\gopro\sharp\images\000952.png,"(720, 1280)","(720, 1280)",13.960002978260139,113.5054981612405,0.12298966308397967,high_blur
000953.png,C:\Users\User\comp6001_assignment1\data\raw\gopro\blur\images\000953.png,C:\Users\User\comp6001_assignment1\data\raw\gopro\sharp\images\000953.png,"(720, 1280)","(720, 1280)",18.240554466660818,143.76081266157234,0.12688126985155637,high_blur
000954.png,C:\Users\User\comp6001_assignment1\data\raw\gopro\blur\images\000954.png,C:\Users\User\comp6001_assignment1\data\raw\gopro\sharp\images\000954.png,"(720, 1280)","(720, 1280)",20.27020577256943,145.65948081143233,0.13916159564937067,high_blur
000955.png,C:\Users\User\comp6001_assignment1\data\raw\gopro\blur\images\000955.png,C:\Users\User\comp6001_assignment1\data\raw\gopro\sharp\images\000955.png,"(720, 1280)","(720, 1280)",20.64364149079382,153.0351768206373,0.13489474719684844,high_blur
000956.png,C:\Users\User\comp6001_assignment1\data\raw\gopro\blur\images\000956.png,C:\Users\User\comp6001_assignment1\data\raw\gopro\sharp\images\000956.png,"(720, 1280)","(720, 1280)",17.009231691242732,146.84490882767574,0.11583126596540678,high_blur
000957.png,C:\Users\User\comp6001_assignment1\data\raw\gopro\blur\images\000957.png,C:\Users\User\comp6001_assignment1\data\raw\gopro\sharp\images\000957.png,"(720, 1280)","(720, 1280)",28.413360341756153,210.82463647629424,0.13477248586933202,medium_blur
000958.png,C:\Users\User\comp6001_assignment1\data\raw\gopro\blur\images\000958.png,C:\Users\User\comp6001_assignment1\data\raw\gopro\sharp\images\000958.png,"(720, 1280)","(720, 1280)",19.21730776410514,144.0286499737587,0.13342697974515605,high_blur
000959.png,C:\Users\User\comp6001_assignment1\data\raw\gopro\blur\images\000959.png,C:\Users\User\comp6001_assignment1\data\raw\gopro\sharp\images\000959.png,"(720, 1280)","(720, 1280)",51.020338451714025,168.22307159211786,0.3032897804433604,low_blur
000960.png,C:\Users\User\comp6001_assignment1\data\raw\gopro\blur\images\000960.png,C:\Users\User\comp6001_assignment1\data\raw\gopro\sharp\images\000960.png,"(720, 1280)","(720, 1280)",55.021388833957204,239.85759548580972,0.22939189697212828,low_blur
000961.png,C:\Users\User\comp6001_assignment1\data\raw\gopro\blur\images\000961.png,C:\Users\User\comp6001_assignment1\data\raw\gopro\sharp\images\000961.png,"(720, 1280)","(720, 1280)",23.12021004208693,170.0763560587142,0.13594017755616725,high_blur
000962.png,C:\Users\User\comp6001_assignment1\data\raw\gopro\blur\images\000962.png,C:\Users\User\comp6001_assignment1\data\raw\gopro\sharp\images\000962.png,"(720, 1280)","(720, 1280)",23.668518105823598,165.1858657572004,0.14328416051758383,high_blur
000963.png,C:\Users\User\comp6001_assignment1\data\raw\gopro\blur\images\000963.png,C:\Users\User\comp6001_assignment1\data\raw\gopro\sharp\images\000963.png,"(720, 1280)","(720, 1280)",30.540850811197732,251.61409749337184,0.12137972837864722,medium_blur
000964.png,C:\Users\User\comp6001_assignment1\data\raw\gopro\blur\images\000964.png,C:\Users\User\comp6001_assignment1\data\raw\gopro\sharp\images\000964.png,"(720, 1280)","(720, 1280)",20.641606135190564,159.38803911570676,0.1295053646962233,high_blur
000965.png,C:\Users\User\comp6001_assignment1\data\raw\gopro\blur\images\000965.png,C:\Users\User\comp6001_assignment1\data\raw\gopro\sharp\images\000965.png,"(720, 1280)","(720, 1280)",16.302849225908446,138.64212663572337,0.11758943418090832,high_blur
000966.png,C:\Users\User\comp6001_assignment1\data\raw\gopro\blur\images\000966.png,C:\Users\User\comp6001_assignment1\data\raw\gopro\sharp\images\000966.png,"(720, 1280)","(720, 1280)",8.913619160800506,81.80004512916378,0.10896838926721927,high_blur
000967.png,C:\Users\User\comp6001_assignment1\data\raw\gopro\blur\images\000967.png,C:\Users\User\comp6001_assignment1\data\raw\gopro\sharp\images\000967.png,"(720, 1280)","(720, 1280)",15.203449151920976,129.5436208552784,0.1173616195870588,high_blur
000968.png,C:\Users\User\comp6001_assignment1\data\raw\gopro\blur\images\000968.png,C:\Users\User\comp6001_assignment1\data\raw\gopro\sharp\images\000968.png,"(720, 1280)","(720, 1280)",28.205357224159478,182.71058126559782,0.15437177763456925,medium_blur
000969.png,C:\Users\User\comp6001_assignment1\data\raw\gopro\blur\images\000969.png,C:\Users\User\comp6001_assignment1\data\raw\gopro\sharp\images\000969.png,"(720, 1280)","(720, 1280)",38.62174658993852,239.0163562374244,0.16158620772361765,medium_blur
000970.png,C:\Users\User\comp6001_assignment1\data\raw\gopro\blur\images\000970.png,C:\Users\User\comp6001_assignment1\data\raw\gopro\sharp\images\000970.png,"(720, 1280)","(720, 1280)",17.49176540560194,162.28806079905826,0.10778220725788362,high_blur
000971.png,C:\Users\User\comp6001_assignment1\data\raw\gopro\blur\images\000971.png,C:\Users\User\comp6001_assignment1\data\raw\gopro\sharp\images\000971.png,"(720, 1280)","(720, 1280)",19.392162297509042,150.72858565530663,0.12865616838314536,high_blur
000972.png,C:\Users\User\comp6001_assignment1\data\raw\gopro\blur\images\000972.png,C:\Users\User\comp6001_assignment1\data\raw\gopro\sharp\images\000972.png,"(720, 1280)","(720, 1280)",34.157299796379924,237.21044128370878,0.14399576852558146,medium_blur
000973.png,C:\Users\User\comp6001_assignment1\data\raw\gopro\blur\images\000973.png,C:\Users\User\comp6001_assignment1\data\raw\gopro\sharp\images\000973.png,"(720, 1280)","(720, 1280)",62.65415233385887,196.69450035829414,0.3185353541484086,low_blur
000974.png,C:\Users\User\comp6001_assignment1\data\raw\gopro\blur\images\000974.png,C:\Users\User\comp6001_assignment1\data\raw\gopro\sharp\images\000974.png,"(720, 1280)","(720, 1280)",36.60570887199567,177.97160507387588,0.2056828607841337,medium_blur
000975.png,C:\Users\User\comp6001_assignment1\data\raw\gopro\blur\images\000975.png,C:\Users\User\comp6001_assignment1\data\raw\gopro\sharp\images\000975.png,"(720, 1280)","(720, 1280)",35.907701671005775,169.0542694939213,0.21240340025942306,medium_blur
000976.png,C:\Users\User\comp6001_assignment1\data\raw\gopro\blur\images\000976.png,C:\Users\User\comp6001_assignment1\data\raw\gopro\sharp\images\000976.png,"(720, 1280)","(720, 1280)",36.43870774148895,167.2233077804553,0.21790447888490327,medium_blur
000977.png,C:\Users\User\comp6001_assignment1\data\raw\gopro\blur\images\000977.png,C:\Users\User\comp6001_assignment1\data\raw\gopro\sharp\images\000977.png,"(720, 1280)","(720, 1280)",40.75968508289007,172.43430944809975,0.23637804570902038,medium_blur
000978.png,C:\Users\User\comp6001_assignment1\data\raw\gopro\blur\images\000978.png,C:\Users\User\comp6001_assignment1\data\raw\gopro\sharp\images\000978.png,"(720, 1280)","(720, 1280)",28.27599584278531,162.19872501655732,0.1743293348215628,medium_blur
000979.png,C:\Users\User\comp6001_assignment1\data\raw\gopro\blur\images\000979.png,C:\Users\User\comp6001_assignment1\data\raw\gopro\sharp\images\000979.png,"(720, 1280)","(720, 1280)",30.68282645076116,169.47291133850473,0.18104855936335973,medium_blur
000980.png,C:\Users\User\comp6001_assignment1\data\raw\gopro\blur\images\000980.png,C:\Users\User\comp6001_assignment1\data\raw\gopro\sharp\images\000980.png,"(720, 1280)","(720, 1280)",40.12386059502497,240.19592664386147,0.16704638231790733,medium_blur
000981.png,C:\Users\User\comp6001_assignment1\data\raw\gopro\blur\images\000981.png,C:\Users\User\comp6001_assignment1\data\raw\gopro\sharp\images\000981.png,"(720, 1280)","(720, 1280)",24.818996245743314,182.5964373304473,0.13592267520241266,high_blur
000982.png,C:\Users\User\comp6001_assignment1\data\raw\gopro\blur\images\000982.png,C:\Users\User\comp6001_assignment1\data\raw\gopro\sharp\images\000982.png,"(720, 1280)","(720, 1280)",24.16341796863227,160.58266551050136,0.1504733894552732,high_blur
000983.png,C:\Users\User\comp6001_assignment1\data\raw\gopro\blur\images\000983.png,C:\Users\User\comp6001_assignment1\data\raw\gopro\sharp\images\000983.png,"(720, 1280)","(720, 1280)",52.18080802187391,176.29811658754574,0.29598051884463705,low_blur
000984.png,C:\Users\User\comp6001_assignment1\data\raw\gopro\blur\images\000984.png,C:\Users\User\comp6001_assignment1\data\raw\gopro\sharp\images\000984.png,"(720, 1280)","(720, 1280)",36.96410884857177,178.31704177041584,0.20729431398985587,medium_blur
000985.png,C:\Users\User\comp6001_assignment1\data\raw\gopro\blur\images\000985.png,C:\Users\User\comp6001_assignment1\data\raw\gopro\sharp\images\000985.png,"(720, 1280)","(720, 1280)",29.738895353976588,167.44001733610256,0.1776092467340443,medium_blur
000986.png,C:\Users\User\comp6001_assignment1\data\raw\gopro\blur\images\000986.png,C:\Users\User\comp6001_assignment1\data\raw\gopro\sharp\images\000986.png,"(720, 1280)","(720, 1280)",37.54956638843747,166.19309569888648,0.22593938832580313,medium_blur
000987.png,C:\Users\User\comp6001_assignment1\data\raw\gopro\blur\images\000987.png,C:\Users\User\comp6001_assignment1\data\raw\gopro\sharp\images\000987.png,"(720, 1280)","(720, 1280)",24.13731452318356,168.27691909601657,0.1434380582400415,high_blur
000988.png,C:\Users\User\comp6001_assignment1\data\raw\gopro\blur\images\000988.png,C:\Users\User\comp6001_assignment1\data\raw\gopro\sharp\images\000988.png,"(720, 1280)","(720, 1280)",38.765129593455924,241.86915815621364,0.1602731405994986,medium_blur
000989.png,C:\Users\User\comp6001_assignment1\data\raw\gopro\blur\images\000989.png,C:\Users\User\comp6001_assignment1\data\raw\gopro\sharp\images\000989.png,"(720, 1280)","(720, 1280)",78.07813195519977,203.3184674693625,0.3840188888061777,low_blur
000990.png,C:\Users\User\comp6001_assignment1\data\raw\gopro\blur\images\000990.png,C:\Users\User\comp6001_assignment1\data\raw\gopro\sharp\images\000990.png,"(720, 1280)","(720, 1280)",20.066941963100433,170.55159001312262,0.11765907289624122,high_blur
000991.png,C:\Users\User\comp6001_assignment1\data\raw\gopro\blur\images\000991.png,C:\Users\User\comp6001_assignment1\data\raw\gopro\sharp\images\000991.png,"(720, 1280)","(720, 1280)",35.49911906557319,261.19896200914627,0.13590834661498788,medium_blur
000992.png,C:\Users\User\comp6001_assignment1\data\raw\gopro\blur\images\000992.png,C:\Users\User\comp6001_assignment1\data\raw\gopro\sharp\images\000992.png,"(720, 1280)","(720, 1280)",50.64525065094628,204.51938987884523,0.24763055805354983,low_blur
000993.png,C:\Users\User\comp6001_assignment1\data\raw\gopro\blur\images\000993.png,C:\Users\User\comp6001_assignment1\data\raw\gopro\sharp\images\000993.png,"(720, 1280)","(720, 1280)",52.63497840225665,183.86758689550703,0.2862656724227677,low_blur
000994.png,C:\Users\User\comp6001_assignment1\data\raw\gopro\blur\images\000994.png,C:\Users\User\comp6001_assignment1\data\raw\gopro\sharp\images\000994.png,"(720, 1280)","(720, 1280)",86.38539604836804,269.76661016709596,0.32022271396618684,low_blur
000995.png,C:\Users\User\comp6001_assignment1\data\raw\gopro\blur\images\000995.png,C:\Users\User\comp6001_assignment1\data\raw\gopro\sharp\images\000995.png,"(720, 1280)","(720, 1280)",45.938881129595686,184.23239075780677,0.24935290118171316,low_blur
000996.png,C:\Users\User\comp6001_assignment1\data\raw\gopro\blur\images\000996.png,C:\Users\User\comp6001_assignment1\data\raw\gopro\sharp\images\000996.png,"(720, 1280)","(720, 1280)",41.64675343739074,209.42481643394066,0.19886255193896205,medium_blur
000997.png,C:\Users\User\comp6001_assignment1\data\raw\gopro\blur\images\000997.png,C:\Users\User\comp6001_assignment1\data\raw\gopro\sharp\images\000997.png,"(720, 1280)","(720, 1280)",42.16672090084875,186.18814460892736,0.22647371553732212,medium_blur
000998.png,C:\Users\User\comp6001_assignment1\data\raw\gopro\blur\images\000998.png,C:\Users\User\comp6001_assignment1\data\raw\gopro\sharp\images\000998.png,"(720, 1280)","(720, 1280)",75.27316021544726,189.83272411651495,0.3965236265865367,low_blur
000999.png,C:\Users\User\comp6001_assignment1\data\raw\gopro\blur\images\000999.png,C:\Users\User\comp6001_assignment1\data\raw\gopro\sharp\images\000999.png,"(720, 1280)","(720, 1280)",44.12962284138881,195.84117109383354,0.2253337364797089,low_blur
001000.png,C:\Users\User\comp6001_assignment1\data\raw\gopro\blur\images\001000.png,C:\Users\User\comp6001_assignment1\data\raw\gopro\sharp\images\001000.png,"(720, 1280)","(720, 1280)",77.71611644481024,209.12562358045096,0.3716240750918621,low_blur
001001.png,C:\Users\User\comp6001_assignment1\data\raw\gopro\blur\images\001001.png,C:\Users\User\comp6001_assignment1\data\raw\gopro\sharp\images\001001.png,"(720, 1280)","(720, 1280)",66.64859254361257,208.53103916330215,0.3196099382031251,low_blur
001002.png,C:\Users\User\comp6001_assignment1\data\raw\gopro\blur\images\001002.png,C:\Users\User\comp6001_assignment1\data\raw\gopro\sharp\images\001002.png,"(720, 1280)","(720, 1280)",82.26537649072247,204.23645070054678,0.4027947812670948,low_blur
001003.png,C:\Users\User\comp6001_assignment1\data\raw\gopro\blur\images\001003.png,C:\Users\User\comp6001_assignment1\data\raw\gopro\sharp\images\001003.png,"(720, 1280)","(720, 1280)",58.07470516814124,197.3918782179079,0.29421020606069925,low_blur
001004.png,C:\Users\User\comp6001_assignment1\data\raw\gopro\blur\images\001004.png,C:\Users\User\comp6001_assignment1\data\raw\gopro\sharp\images\001004.png,"(720, 1280)","(720, 1280)",69.23512251637774,205.29759234449486,0.3372427397824857,low_blur
001005.png,C:\Users\User\comp6001_assignment1\data\raw\gopro\blur\images\001005.png,C:\Users\User\comp6001_assignment1\data\raw\gopro\sharp\images\001005.png,"(720, 1280)","(720, 1280)",67.3203482075903,204.10269602702462,0.3298356636865701,low_blur
001006.png,C:\Users\User\comp6001_assignment1\data\raw\gopro\blur\images\001006.png,C:\Users\User\comp6001_assignment1\data\raw\gopro\sharp\images\001006.png,"(720, 1280)","(720, 1280)",101.98522457203332,213.44286259945997,0.4778104234791744,low_blur
001007.png,C:\Users\User\comp6001_assignment1\data\raw\gopro\blur\images\001007.png,C:\Users\User\comp6001_assignment1\data\raw\gopro\sharp\images\001007.png,"(720, 1280)","(720, 1280)",78.05334274667693,219.50151845249135,0.35559363458351095,low_blur
001008.png,C:\Users\User\comp6001_assignment1\data\raw\gopro\blur\images\001008.png,C:\Users\User\comp6001_assignment1\data\raw\gopro\sharp\images\001008.png,"(720, 1280)","(720, 1280)",77.3044424890012,213.07726714824048,0.36280004676233973,low_blur
001009.png,C:\Users\User\comp6001_assignment1\data\raw\gopro\blur\images\001009.png,C:\Users\User\comp6001_assignment1\data\raw\gopro\sharp\images\001009.png,"(720, 1280)","(720, 1280)",64.03036668900383,213.867376140499,0.29939286599722204,low_blur
001010.png,C:\Users\User\comp6001_assignment1\data\raw\gopro\blur\images\001010.png,C:\Users\User\comp6001_assignment1\data\raw\gopro\sharp\images\001010.png,"(720, 1280)","(720, 1280)",75.45800847265456,221.97227536031463,0.3399433931411864,low_blur
001011.png,C:\Users\User\comp6001_assignment1\data\raw\gopro\blur\images\001011.png,C:\Users\User\comp6001_assignment1\data\raw\gopro\sharp\images\001011.png,"(720, 1280)","(720, 1280)",80.1061822251873,243.74515070930642,0.32864728585897685,low_blur
001012.png,C:\Users\User\comp6001_assignment1\data\raw\gopro\blur\images\001012.png,C:\Users\User\comp6001_assignment1\data\raw\gopro\sharp\images\001012.png,"(720, 1280)","(720, 1280)",80.19355454338448,220.35458181487186,0.3639295987369974,low_blur
001013.png,C:\Users\User\comp6001_assignment1\data\raw\gopro\blur\images\001013.png,C:\Users\User\comp6001_assignment1\data\raw\gopro\sharp\images\001013.png,"(720, 1280)","(720, 1280)",84.9421440754455,267.666087264307,0.31734369094130294,low_blur
001014.png,C:\Users\User\comp6001_assignment1\data\raw\gopro\blur\images\001014.png,C:\Users\User\comp6001_assignment1\data\raw\gopro\sharp\images\001014.png,"(720, 1280)","(720, 1280)",63.521801370460594,217.2827859569961,0.292346221021435,low_blur
001015.png,C:\Users\User\comp6001_assignment1\data\raw\gopro\blur\images\001015.png,C:\Users\User\comp6001_assignment1\data\raw\gopro\sharp\images\001015.png,"(720, 1280)","(720, 1280)",56.665223852421335,205.20842875156998,0.27613497259540054,low_blur
001016.png,C:\Users\User\comp6001_assignment1\data\raw\gopro\blur\images\001016.png,C:\Users\User\comp6001_assignment1\data\raw\gopro\sharp\images\001016.png,"(720, 1280)","(720, 1280)",75.94509746025935,281.1317280320486,0.2701406134027686,low_blur
001017.png,C:\Users\User\comp6001_assignment1\data\raw\gopro\blur\images\001017.png,C:\Users\User\comp6001_assignment1\data\raw\gopro\sharp\images\001017.png,"(720, 1280)","(720, 1280)",81.46768876047015,298.2029437643818,0.27319545450935595,low_blur
001018.png,C:\Users\User\comp6001_assignment1\data\raw\gopro\blur\images\001018.png,C:\Users\User\comp6001_assignment1\data\raw\gopro\sharp\images\001018.png,"(720, 1280)","(720, 1280)",68.40829830579284,295.37061470641027,0.23160157069609874,low_blur
001019.png,C:\Users\User\comp6001_assignment1\data\raw\gopro\blur\images\001019.png,C:\Users\User\comp6001_assignment1\data\raw\gopro\sharp\images\001019.png,"(720, 1280)","(720, 1280)",68.80922624594608,209.3330155421775,0.3287069938033495,low_blur
001020.png,C:\Users\User\comp6001_assignment1\data\raw\gopro\blur\images\001020.png,C:\Users\User\comp6001_assignment1\data\raw\gopro\sharp\images\001020.png,"(720, 1280)","(720, 1280)",80.62461122635735,214.52826434155574,0.37582279178949907,low_blur
001021.png,C:\Users\User\comp6001_assignment1\data\raw\gopro\blur\images\001021.png,C:\Users\User\comp6001_assignment1\data\raw\gopro\sharp\images\001021.png,"(720, 1280)","(720, 1280)",75.67068218645522,223.0550198092885,0.3392467125275235,low_blur
001022.png,C:\Users\User\comp6001_assignment1\data\raw\gopro\blur\images\001022.png,C:\Users\User\comp6001_assignment1\data\raw\gopro\sharp\images\001022.png,"(720, 1280)","(720, 1280)",93.85674825303819,230.22220564353728,0.40767895514946,low_blur
001023.png,C:\Users\User\comp6001_assignment1\data\raw\gopro\blur\images\001023.png,C:\Users\User\comp6001_assignment1\data\raw\gopro\sharp\images\001023.png,"(720, 1280)","(720, 1280)",79.15578722012368,215.90488534545423,0.3666234188717214,low_blur
001024.png,C:\Users\User\comp6001_assignment1\data\raw\gopro\blur\images\001024.png,C:\Users\User\comp6001_assignment1\data\raw\gopro\sharp\images\001024.png,"(720, 1280)","(720, 1280)",65.22725427782856,212.69355047224892,0.3066724596488051,low_blur
001025.png,C:\Users\User\comp6001_assignment1\data\raw\gopro\blur\images\001025.png,C:\Users\User\comp6001_assignment1\data\raw\gopro\sharp\images\001025.png,"(720, 1280)","(720, 1280)",72.0627748236762,214.52484140261421,0.3359180892485622,low_blur
001026.png,C:\Users\User\comp6001_assignment1\data\raw\gopro\blur\images\001026.png,C:\Users\User\comp6001_assignment1\data\raw\gopro\sharp\images\001026.png,"(720, 1280)","(720, 1280)",62.79398961977426,245.26151746113624,0.25602870873195266,low_blur
001027.png,C:\Users\User\comp6001_assignment1\data\raw\gopro\blur\images\001027.png,C:\Users\User\comp6001_assignment1\data\raw\gopro\sharp\images\001027.png,"(720, 1280)","(720, 1280)",76.06787774763697,218.88459077449377,0.3475250472178317,low_blur
001028.png,C:\Users\User\comp6001_assignment1\data\raw\gopro\blur\images\001028.png,C:\Users\User\comp6001_assignment1\data\raw\gopro\sharp\images\001028.png,"(720, 1280)","(720, 1280)",85.96555574741953,220.36618115776446,0.39010321498458095,low_blur
001029.png,C:\Users\User\comp6001_assignment1\data\raw\gopro\blur\images\001029.png,C:\Users\User\comp6001_assignment1\data\raw\gopro\sharp\images\001029.png,"(720, 1280)","(720, 1280)",63.31753903160096,220.31986001496378,0.28738915785633956,low_blur
001030.png,C:\Users\User\comp6001_assignment1\data\raw\gopro\blur\images\001030.png,C:\Users\User\comp6001_assignment1\data\raw\gopro\sharp\images\001030.png,"(720, 1280)","(720, 1280)",67.282272208733,222.01893134222627,0.30304745545320966,low_blur
001031.png,C:\Users\User\comp6001_assignment1\data\raw\gopro\blur\images\001031.png,C:\Users\User\comp6001_assignment1\data\raw\gopro\sharp\images\001031.png,"(720, 1280)","(720, 1280)",66.61366040951647,221.87489303577092,0.3002307268527883,low_blur
001032.png,C:\Users\User\comp6001_assignment1\data\raw\gopro\blur\images\001032.png,C:\Users\User\comp6001_assignment1\data\raw\gopro\sharp\images\001032.png,"(720, 1280)","(720, 1280)",89.9014153691504,228.25331233850056,0.3938668597802759,low_blur
001033.png,C:\Users\User\comp6001_assignment1\data\raw\gopro\blur\images\001033.png,C:\Users\User\comp6001_assignment1\data\raw\gopro\sharp\images\001033.png,"(720, 1280)","(720, 1280)",89.00749871797797,231.53867729336642,0.38441741032043053,low_blur
001034.png,C:\Users\User\comp6001_assignment1\data\raw\gopro\blur\images\001034.png,C:\Users\User\comp6001_assignment1\data\raw\gopro\sharp\images\001034.png,"(720, 1280)","(720, 1280)",71.39857086652121,223.8880637201333,0.31890298069924133,low_blur
001035.png,C:\Users\User\comp6001_assignment1\data\raw\gopro\blur\images\001035.png,C:\Users\User\comp6001_assignment1\data\raw\gopro\sharp\images\001035.png,"(720, 1280)","(720, 1280)",54.1980245997947,219.322765331173,0.24711536221734942,low_blur
001036.png,C:\Users\User\comp6001_assignment1\data\raw\gopro\blur\images\001036.png,C:\Users\User\comp6001_assignment1\data\raw\gopro\sharp\images\001036.png,"(720, 1280)","(720, 1280)",56.23543870899413,221.03501044034485,0.254418694099265,low_blur
001037.png,C:\Users\User\comp6001_assignment1\data\raw\gopro\blur\images\001037.png,C:\Users\User\comp6001_assignment1\data\raw\gopro\sharp\images\001037.png,"(720, 1280)","(720, 1280)",66.23931116433674,244.00993605397542,0.2714615323982949,low_blur
001038.png,C:\Users\User\comp6001_assignment1\data\raw\gopro\blur\images\001038.png,C:\Users\User\comp6001_assignment1\data\raw\gopro\sharp\images\001038.png,"(720, 1280)","(720, 1280)",47.03392977514269,215.95944512108693,0.2177905659397911,low_blur
001039.png,C:\Users\User\comp6001_assignment1\data\raw\gopro\blur\images\001039.png,C:\Users\User\comp6001_assignment1\data\raw\gopro\sharp\images\001039.png,"(720, 1280)","(720, 1280)",59.09545681361328,229.13604051985442,0.2579055511169735,low_blur
001040.png,C:\Users\User\comp6001_assignment1\data\raw\gopro\blur\images\001040.png,C:\Users\User\comp6001_assignment1\data\raw\gopro\sharp\images\001040.png,"(720, 1280)","(720, 1280)",64.74136261132793,226.34342284402726,0.28603156122226153,low_blur
001041.png,C:\Users\User\comp6001_assignment1\data\raw\gopro\blur\images\001041.png,C:\Users\User\comp6001_assignment1\data\raw\gopro\sharp\images\001041.png,"(720, 1280)","(720, 1280)",78.73727888224917,267.44169789632053,0.29440913477085856,low_blur
001042.png,C:\Users\User\comp6001_assignment1\data\raw\gopro\blur\images\001042.png,C:\Users\User\comp6001_assignment1\data\raw\gopro\sharp\images\001042.png,"(720, 1280)","(720, 1280)",68.95303246883697,230.52909397784578,0.29910772335084257,low_blur
001043.png,C:\Users\User\comp6001_assignment1\data\raw\gopro\blur\images\001043.png,C:\Users\User\comp6001_assignment1\data\raw\gopro\sharp\images\001043.png,"(720, 1280)","(720, 1280)",85.0444007281539,229.55855344565578,0.37046931794934,low_blur
001044.png,C:\Users\User\comp6001_assignment1\data\raw\gopro\blur\images\001044.png,C:\Users\User\comp6001_assignment1\data\raw\gopro\sharp\images\001044.png,"(720, 1280)","(720, 1280)",96.18647606610776,237.3457388486321,0.4052589127096078,low_blur
001045.png,C:\Users\User\comp6001_assignment1\data\raw\gopro\blur\images\001045.png,C:\Users\User\comp6001_assignment1\data\raw\gopro\sharp\images\001045.png,"(720, 1280)","(720, 1280)",60.30441222873262,225.8402441123386,0.2670224364266338,low_blur
001046.png,C:\Users\User\comp6001_assignment1\data\raw\gopro\blur\images\001046.png,C:\Users\User\comp6001_assignment1\data\raw\gopro\sharp\images\001046.png,"(720, 1280)","(720, 1280)",56.289302931155696,226.06787708045118,0.2489929292724503,low_blur
001047.png,C:\Users\User\comp6001_assignment1\data\raw\gopro\blur\images\001047.png,C:\Users\User\comp6001_assignment1\data\raw\gopro\sharp\images\001047.png,"(720, 1280)","(720, 1280)",72.53476940823656,226.3719164813465,0.32042300357963943,low_blur
001048.png,C:\Users\User\comp6001_assignment1\data\raw\gopro\blur\images\001048.png,C:\Users\User\comp6001_assignment1\data\raw\gopro\sharp\images\001048.png,"(720, 1280)","(720, 1280)",66.17662165187198,232.96713527895616,0.2840599021393774,low_blur
001049.png,C:\Users\User\comp6001_assignment1\data\raw\gopro\blur\images\001049.png,C:\Users\User\comp6001_assignment1\data\raw\gopro\sharp\images\001049.png,"(720, 1280)","(720, 1280)",65.86114853930886,224.513984442081,0.2933498717242083,low_blur
001050.png,C:\Users\User\comp6001_assignment1\data\raw\gopro\blur\images\001050.png,C:\Users\User\comp6001_assignment1\data\raw\gopro\sharp\images\001050.png,"(720, 1280)","(720, 1280)",39.55634328804959,207.08527382268912,0.191014757138204,medium_blur
001301.png,C:\Users\User\comp6001_assignment1\data\raw\gopro\blur\images\001301.png,C:\Users\User\comp6001_assignment1\data\raw\gopro\sharp\images\001301.png,"(720, 1280)","(720, 1280)",88.50228664991121,295.8710185234341,0.2991245546407252,low_blur
001302.png,C:\Users\User\comp6001_assignment1\data\raw\gopro\blur\images\001302.png,C:\Users\User\comp6001_assignment1\data\raw\gopro\sharp\images\001302.png,"(720, 1280)","(720, 1280)",78.5819512355934,289.4238229384766,0.2715116897947361,low_blur
001303.png,C:\Users\User\comp6001_assignment1\data\raw\gopro\blur\images\001303.png,C:\Users\User\comp6001_assignment1\data\raw\gopro\sharp\images\001303.png,"(720, 1280)","(720, 1280)",68.35112396725786,280.26988967132456,0.2438760868853061,low_blur
001304.png,C:\Users\User\comp6001_assignment1\data\raw\gopro\blur\images\001304.png,C:\Users\User\comp6001_assignment1\data\raw\gopro\sharp\images\001304.png,"(720, 1280)","(720, 1280)",71.23212022569444,279.3048795513565,0.2550335688283114,low_blur
001305.png,C:\Users\User\comp6001_assignment1\data\raw\gopro\blur\images\001305.png,C:\Users\User\comp6001_assignment1\data\raw\gopro\sharp\images\001305.png,"(720, 1280)","(720, 1280)",74.2873190358056,282.4301861527008,0.263028963175383,low_blur
001306.png,C:\Users\User\comp6001_assignment1\data\raw\gopro\blur\images\001306.png,C:\Users\User\comp6001_assignment1\data\raw\gopro\sharp\images\001306.png,"(720, 1280)","(720, 1280)",46.83472511997809,281.40869870288867,0.16642955720342498,low_blur
001307.png,C:\Users\User\comp6001_assignment1\data\raw\gopro\blur\images\001307.png,C:\Users\User\comp6001_assignment1\data\raw\gopro\sharp\images\001307.png,"(720, 1280)","(720, 1280)",43.7947225964758,286.17419251995324,0.15303519233968627,low_blur
001308.png,C:\Users\User\comp6001_assignment1\data\raw\gopro\blur\images\001308.png,C:\Users\User\comp6001_assignment1\data\raw\gopro\sharp\images\001308.png,"(720, 1280)","(720, 1280)",109.16244700890881,303.7643771276354,0.3593655320533105,low_blur
001309.png,C:\Users\User\comp6001_assignment1\data\raw\gopro\blur\images\001309.png,C:\Users\User\comp6001_assignment1\data\raw\gopro\sharp\images\001309.png,"(720, 1280)","(720, 1280)",119.69162540893088,303.1552620569287,0.394819554154749,low_blur
001310.png,C:\Users\User\comp6001_assignment1\data\raw\gopro\blur\images\001310.png,C:\Users\User\comp6001_assignment1\data\raw\gopro\sharp\images\001310.png,"(720, 1280)","(720, 1280)",123.24977840741475,298.24577753898706,0.4132490304482882,low_blur
001311.png,C:\Users\User\comp6001_assignment1\data\raw\gopro\blur\images\001311.png,C:\Users\User\comp6001_assignment1\data\raw\gopro\sharp\images\001311.png,"(720, 1280)","(720, 1280)",65.20870653081705,320.4022676707894,0.20352136394921908,low_blur
001312.png,C:\Users\User\comp6001_assignment1\data\raw\gopro\blur\images\001312.png,C:\Users\User\comp6001_assignment1\data\raw\gopro\sharp\images\001312.png,"(720, 1280)","(720, 1280)",83.67040607796662,288.36985290527326,0.29014962983162473,low_blur
001313.png,C:\Users\User\comp6001_assignment1\data\raw\gopro\blur\images\001313.png,C:\Users\User\comp6001_assignment1\data\raw\gopro\sharp\images\001313.png,"(720, 1280)","(720, 1280)",77.25512799012807,281.90269846810116,0.2740489126468203,low_blur
001314.png,C:\Users\User\comp6001_assignment1\data\raw\gopro\blur\images\001314.png,C:\Users\User\comp6001_assignment1\data\raw\gopro\sharp\images\001314.png,"(720, 1280)","(720, 1280)",105.10862959788636,294.84171836804865,0.35649171418515185,low_blur
001315.png,C:\Users\User\comp6001_assignment1\data\raw\gopro\blur\images\001315.png,C:\Users\User\comp6001_assignment1\data\raw\gopro\sharp\images\001315.png,"(720, 1280)","(720, 1280)",102.21211928047833,284.3052096806091,0.3595154636515776,low_blur
001316.png,C:\Users\User\comp6001_assignment1\data\raw\gopro\blur\images\001316.png,C:\Users\User\comp6001_assignment1\data\raw\gopro\sharp\images\001316.png,"(720, 1280)","(720, 1280)",81.96107608024684,286.375051851342,0.28620187250085954,low_blur
001317.png,C:\Users\User\comp6001_assignment1\data\raw\gopro\blur\images\001317.png,C:\Users\User\comp6001_assignment1\data\raw\gopro\sharp\images\001317.png,"(720, 1280)","(720, 1280)",83.01458441820378,282.53960278127704,0.2938157468832073,low_blur
001318.png,C:\Users\User\comp6001_assignment1\data\raw\gopro\blur\images\001318.png,C:\Users\User\comp6001_assignment1\data\raw\gopro\sharp\images\001318.png,"(720, 1280)","(720, 1280)",89.10726376714707,279.5815175192928,0.3187165752393163,low_blur
001319.png,C:\Users\User\comp6001_assignment1\data\raw\gopro\blur\images\001319.png,C:\Users\User\comp6001_assignment1\data\raw\gopro\sharp\images\001319.png,"(720, 1280)","(720, 1280)",104.24955064377846,278.7795851948302,0.3739497300965645,low_blur
001320.png,C:\Users\User\comp6001_assignment1\data\raw\gopro\blur\images\001320.png,C:\Users\User\comp6001_assignment1\data\raw\gopro\sharp\images\001320.png,"(720, 1280)","(720, 1280)",87.60115982326465,275.26112748001935,0.31824747875611664,low_blur
001321.png,C:\Users\User\comp6001_assignment1\data\raw\gopro\blur\images\001321.png,C:\Users\User\comp6001_assignment1\data\raw\gopro\sharp\images\001321.png,"(720, 1280)","(720, 1280)",86.72452039612192,269.66109659675203,0.32160560602700755,low_blur
001322.png,C:\Users\User\comp6001_assignment1\data\raw\gopro\blur\images\001322.png,C:\Users\User\comp6001_assignment1\data\raw\gopro\sharp\images\001322.png,"(720, 1280)","(720, 1280)",80.93153791919168,280.8503124998823,0.28816609529798526,low_blur
001323.png,C:\Users\User\comp6001_assignment1\data\raw\gopro\blur\images\001323.png,C:\Users\User\comp6001_assignment1\data\raw\gopro\sharp\images\001323.png,"(720, 1280)","(720, 1280)",81.79293683477215,281.7092914366723,0.29034518675169646,low_blur
001324.png,C:\Users\User\comp6001_assignment1\data\raw\gopro\blur\images\001324.png,C:\Users\User\comp6001_assignment1\data\raw\gopro\sharp\images\001324.png,"(720, 1280)","(720, 1280)",113.42675632721587,281.63224320437115,0.4027477643633239,low_blur
001325.png,C:\Users\User\comp6001_assignment1\data\raw\gopro\blur\images\001325.png,C:\Users\User\comp6001_assignment1\data\raw\gopro\sharp\images\001325.png,"(720, 1280)","(720, 1280)",105.51766921691423,280.8614698381482,0.3756929324409072,low_blur
001326.png,C:\Users\User\comp6001_assignment1\data\raw\gopro\blur\images\001326.png,C:\Users\User\comp6001_assignment1\data\raw\gopro\sharp\images\001326.png,"(720, 1280)","(720, 1280)",70.64679448513458,298.85731390710407,0.23638971239877477,low_blur
001327.png,C:\Users\User\comp6001_assignment1\data\raw\gopro\blur\images\001327.png,C:\Users\User\comp6001_assignment1\data\raw\gopro\sharp\images\001327.png,"(720, 1280)","(720, 1280)",92.01866906328438,275.9853474993481,0.3334186756424362,low_blur
001328.png,C:\Users\User\comp6001_assignment1\data\raw\gopro\blur\images\001328.png,C:\Users\User\comp6001_assignment1\data\raw\gopro\sharp\images\001328.png,"(720, 1280)","(720, 1280)",113.29383467068025,275.21277553522566,0.4116590679565408,low_blur
001329.png,C:\Users\User\comp6001_assignment1\data\raw\gopro\blur\images\001329.png,C:\Users\User\comp6001_assignment1\data\raw\gopro\sharp\images\001329.png,"(720, 1280)","(720, 1280)",107.72179930507404,273.95247927720334,0.39321344922796564,low_blur
001330.png,C:\Users\User\comp6001_assignment1\data\raw\gopro\blur\images\001330.png,C:\Users\User\comp6001_assignment1\data\raw\gopro\sharp\images\001330.png,"(720, 1280)","(720, 1280)",121.80484296104525,273.0267039983667,0.4461279470938221,low_blur
001331.png,C:\Users\User\comp6001_assignment1\data\raw\gopro\blur\images\001331.png,C:\Users\User\comp6001_assignment1\data\raw\gopro\sharp\images\001331.png,"(720, 1280)","(720, 1280)",118.84372307127016,319.0061892918894,0.37254362785670964,low_blur
001332.png,C:\Users\User\comp6001_assignment1\data\raw\gopro\blur\images\001332.png,C:\Users\User\comp6001_assignment1\data\raw\gopro\sharp\images\001332.png,"(720, 1280)","(720, 1280)",75.1386174744394,272.4405142593901,0.2757982515043342,low_blur
001333.png,C:\Users\User\comp6001_assignment1\data\raw\gopro\blur\images\001333.png,C:\Users\User\comp6001_assignment1\data\raw\gopro\sharp\images\001333.png,"(720, 1280)","(720, 1280)",61.20294921044244,337.8915924731597,0.18113190908558272,low_blur
001334.png,C:\Users\User\comp6001_assignment1\data\raw\gopro\blur\images\001334.png,C:\Users\User\comp6001_assignment1\data\raw\gopro\sharp\images\001334.png,"(720, 1280)","(720, 1280)",29.847553826786562,209.95221636363723,0.1421635567479267,medium_blur
001335.png,C:\Users\User\comp6001_assignment1\data\raw\gopro\blur\images\001335.png,C:\Users\User\comp6001_assignment1\data\raw\gopro\sharp\images\001335.png,"(720, 1280)","(720, 1280)",33.58703403344683,266.8341125281427,0.12587233961192165,medium_blur
001336.png,C:\Users\User\comp6001_assignment1\data\raw\gopro\blur\images\001336.png,C:\Users\User\comp6001_assignment1\data\raw\gopro\sharp\images\001336.png,"(720, 1280)","(720, 1280)",59.52836558955509,370.4577663698503,0.16068866951089222,low_blur
001337.png,C:\Users\User\comp6001_assignment1\data\raw\gopro\blur\images\001337.png,C:\Users\User\comp6001_assignment1\data\raw\gopro\sharp\images\001337.png,"(720, 1280)","(720, 1280)",101.9343130976253,290.6483831885021,0.35071350466796825,low_blur
001338.png,C:\Users\User\comp6001_assignment1\data\raw\gopro\blur\images\001338.png,C:\Users\User\comp6001_assignment1\data\raw\gopro\sharp\images\001338.png,"(720, 1280)","(720, 1280)",31.804210474196775,270.43436349407733,0.11760417597121404,medium_blur
001339.png,C:\Users\User\comp6001_assignment1\data\raw\gopro\blur\images\001339.png,C:\Users\User\comp6001_assignment1\data\raw\gopro\sharp\images\001339.png,"(720, 1280)","(720, 1280)",45.39893880072229,270.59890199609333,0.1677720732203858,low_blur
001340.png,C:\Users\User\comp6001_assignment1\data\raw\gopro\blur\images\001340.png,C:\Users\User\comp6001_assignment1\data\raw\gopro\sharp\images\001340.png,"(720, 1280)","(720, 1280)",123.30415809393985,281.2217606645266,0.43845880844422463,low_blur
001341.png,C:\Users\User\comp6001_assignment1\data\raw\gopro\blur\images\001341.png,C:\Users\User\comp6001_assignment1\data\raw\gopro\sharp\images\001341.png,"(720, 1280)","(720, 1280)",103.62712354057689,304.2716590259505,0.34057435342124015,low_blur
001342.png,C:\Users\User\comp6001_assignment1\data\raw\gopro\blur\images\001342.png,C:\Users\User\comp6001_assignment1\data\raw\gopro\sharp\images\001342.png,"(720, 1280)","(720, 1280)",103.14338085907359,287.6798193543563,0.3585353365660974,low_blur
001343.png,C:\Users\User\comp6001_assignment1\data\raw\gopro\blur\images\001343.png,C:\Users\User\comp6001_assignment1\data\raw\gopro\sharp\images\001343.png,"(720, 1280)","(720, 1280)",100.96061918282214,270.88146372243625,0.37271143544375634,low_blur
001344.png,C:\Users\User\comp6001_assignment1\data\raw\gopro\blur\images\001344.png,C:\Users\User\comp6001_assignment1\data\raw\gopro\sharp\images\001344.png,"(720, 1280)","(720, 1280)",63.9134870570383,269.8753595843269,0.23682594495885886,low_blur
001345.png,C:\Users\User\comp6001_assignment1\data\raw\gopro\blur\images\001345.png,C:\Users\User\comp6001_assignment1\data\raw\gopro\sharp\images\001345.png,"(720, 1280)","(720, 1280)",59.18784504337544,273.75888571739205,0.2162042882593935,low_blur
001346.png,C:\Users\User\comp6001_assignment1\data\raw\gopro\blur\images\001346.png,C:\Users\User\comp6001_assignment1\data\raw\gopro\sharp\images\001346.png,"(720, 1280)","(720, 1280)",84.12462343884572,268.91482392909666,0.31282999652669985,low_blur
001347.png,C:\Users\User\comp6001_assignment1\data\raw\gopro\blur\images\001347.png,C:\Users\User\comp6001_assignment1\data\raw\gopro\sharp\images\001347.png,"(720, 1280)","(720, 1280)",78.50631101622284,266.6018375696065,0.2944702547025059,low_blur
001348.png,C:\Users\User\comp6001_assignment1\data\raw\gopro\blur\images\001348.png,C:\Users\User\comp6001_assignment1\data\raw\gopro\sharp\images\001348.png,"(720, 1280)","(720, 1280)",44.73610515249628,250.56523869943507,0.17854074804196585,low_blur
001349.png,C:\Users\User\comp6001_assignment1\data\raw\gopro\blur\images\001349.png,C:\Users\User\comp6001_assignment1\data\raw\gopro\sharp\images\001349.png,"(720, 1280)","(720, 1280)",44.671371447215854,265.9962000212304,0.16793988576517643,low_blur
001350.png,C:\Users\User\comp6001_assignment1\data\raw\gopro\blur\images\001350.png,C:\Users\User\comp6001_assignment1\data\raw\gopro\sharp\images\001350.png,"(720, 1280)","(720, 1280)",99.07411698229637,259.17980577256947,0.38226017140166935,low_blur
001351.png,C:\Users\User\comp6001_assignment1\data\raw\gopro\blur\images\001351.png,C:\Users\User\comp6001_assignment1\data\raw\gopro\sharp\images\001351.png,"(720, 1280)","(720, 1280)",121.59623084644738,266.78562982512585,0.45578253566953414,low_blur
001352.png,C:\Users\User\comp6001_assignment1\data\raw\gopro\blur\images\001352.png,C:\Users\User\comp6001_assignment1\data\raw\gopro\sharp\images\001352.png,"(720, 1280)","(720, 1280)",96.3969573458342,270.81891235537,0.355946180065084,low_blur
001353.png,C:\Users\User\comp6001_assignment1\data\raw\gopro\blur\images\001353.png,C:\Users\User\comp6001_assignment1\data\raw\gopro\sharp\images\001353.png,"(720, 1280)","(720, 1280)",114.32522566485814,276.6375842001833,0.41326714875443776,low_blur
001354.png,C:\Users\User\comp6001_assignment1\data\raw\gopro\blur\images\001354.png,C:\Users\User\comp6001_assignment1\data\raw\gopro\sharp\images\001354.png,"(720, 1280)","(720, 1280)",83.77959058422393,270.70097070620386,0.30949128243820134,low_blur
001355.png,C:\Users\User\comp6001_assignment1\data\raw\gopro\blur\images\001355.png,C:\Users\User\comp6001_assignment1\data\raw\gopro\sharp\images\001355.png,"(720, 1280)","(720, 1280)",57.90984110660789,264.77120440198627,0.21871653768096203,low_blur
001356.png,C:\Users\User\comp6001_assignment1\data\raw\gopro\blur\images\001356.png,C:\Users\User\comp6001_assignment1\data\raw\gopro\sharp\images\001356.png,"(720, 1280)","(720, 1280)",52.510615456738904,290.72874810968926,0.18061721035967507,low_blur
001357.png,C:\Users\User\comp6001_assignment1\data\raw\gopro\blur\images\001357.png,C:\Users\User\comp6001_assignment1\data\raw\gopro\sharp\images\001357.png,"(720, 1280)","(720, 1280)",71.14612829679794,280.8584882403902,0.2533166390661831,low_blur
001358.png,C:\Users\User\comp6001_assignment1\data\raw\gopro\blur\images\001358.png,C:\Users\User\comp6001_assignment1\data\raw\gopro\sharp\images\001358.png,"(720, 1280)","(720, 1280)",78.94665611796432,273.9236304613172,0.2882068114464148,low_blur
001359.png,C:\Users\User\comp6001_assignment1\data\raw\gopro\blur\images\001359.png,C:\Users\User\comp6001_assignment1\data\raw\gopro\sharp\images\001359.png,"(720, 1280)","(720, 1280)",57.40868360406264,262.16964843522055,0.21897532359112112,low_blur
001360.png,C:\Users\User\comp6001_assignment1\data\raw\gopro\blur\images\001360.png,C:\Users\User\comp6001_assignment1\data\raw\gopro\sharp\images\001360.png,"(720, 1280)","(720, 1280)",116.56522650027686,336.1764293602261,0.34673824907547374,low_blur
001361.png,C:\Users\User\comp6001_assignment1\data\raw\gopro\blur\images\001361.png,C:\Users\User\comp6001_assignment1\data\raw\gopro\sharp\images\001361.png,"(720, 1280)","(720, 1280)",164.87983174006024,398.05655381756077,0.41421207653696024,low_blur
001362.png,C:\Users\User\comp6001_assignment1\data\raw\gopro\blur\images\001362.png,C:\Users\User\comp6001_assignment1\data\raw\gopro\sharp\images\001362.png,"(720, 1280)","(720, 1280)",62.97676290085287,292.24320077943673,0.2154943647302442,low_blur
001363.png,C:\Users\User\comp6001_assignment1\data\raw\gopro\blur\images\001363.png,C:\Users\User\comp6001_assignment1\data\raw\gopro\sharp\images\001363.png,"(720, 1280)","(720, 1280)",100.94810655339445,287.15996744774696,0.3515396224867175,low_blur
001364.png,C:\Users\User\comp6001_assignment1\data\raw\gopro\blur\images\001364.png,C:\Users\User\comp6001_assignment1\data\raw\gopro\sharp\images\001364.png,"(720, 1280)","(720, 1280)",78.78933368899028,280.5757287081671,0.28081307691490537,low_blur
001365.png,C:\Users\User\comp6001_assignment1\data\raw\gopro\blur\images\001365.png,C:\Users\User\comp6001_assignment1\data\raw\gopro\sharp\images\001365.png,"(720, 1280)","(720, 1280)",49.86424746449672,264.97004312727194,0.18818824526010194,low_blur
001366.png,C:\Users\User\comp6001_assignment1\data\raw\gopro\blur\images\001366.png,C:\Users\User\comp6001_assignment1\data\raw\gopro\sharp\images\001366.png,"(720, 1280)","(720, 1280)",84.00357326787194,256.8212952063242,0.32708959433100965,low_blur
001367.png,C:\Users\User\comp6001_assignment1\data\raw\gopro\blur\images\001367.png,C:\Users\User\comp6001_assignment1\data\raw\gopro\sharp\images\001367.png,"(720, 1280)","(720, 1280)",54.04396387731768,262.97041497969343,0.20551347526844727,low_blur
001368.png,C:\Users\User\comp6001_assignment1\data\raw\gopro\blur\images\001368.png,C:\Users\User\comp6001_assignment1\data\raw\gopro\sharp\images\001368.png,"(720, 1280)","(720, 1280)",92.44256559606367,274.9577106051021,0.33620648567833344,low_blur
001369.png,C:\Users\User\comp6001_assignment1\data\raw\gopro\blur\images\001369.png,C:\Users\User\comp6001_assignment1\data\raw\gopro\sharp\images\001369.png,"(720, 1280)","(720, 1280)",53.03040164579698,260.4001055335103,0.20364969336364616,low_blur
001370.png,C:\Users\User\comp6001_assignment1\data\raw\gopro\blur\images\001370.png,C:\Users\User\comp6001_assignment1\data\raw\gopro\sharp\images\001370.png,"(720, 1280)","(720, 1280)",77.38886208592052,265.27226753474946,0.29173370741766513,low_blur
001371.png,C:\Users\User\comp6001_assignment1\data\raw\gopro\blur\images\001371.png,C:\Users\User\comp6001_assignment1\data\raw\gopro\sharp\images\001371.png,"(720, 1280)","(720, 1280)",85.2023144486027,288.4621856595251,0.2953673607195579,low_blur
001372.png,C:\Users\User\comp6001_assignment1\data\raw\gopro\blur\images\001372.png,C:\Users\User\comp6001_assignment1\data\raw\gopro\sharp\images\001372.png,"(720, 1280)","(720, 1280)",54.93820715904234,266.1859881687859,0.20639030451949508,low_blur
001373.png,C:\Users\User\comp6001_assignment1\data\raw\gopro\blur\images\001373.png,C:\Users\User\comp6001_assignment1\data\raw\gopro\sharp\images\001373.png,"(720, 1280)","(720, 1280)",80.75803017983142,324.752246360043,0.2486758169728276,low_blur
001374.png,C:\Users\User\comp6001_assignment1\data\raw\gopro\blur\images\001374.png,C:\Users\User\comp6001_assignment1\data\raw\gopro\sharp\images\001374.png,"(720, 1280)","(720, 1280)",61.61987091063393,259.8118404737391,0.23717114199223935,low_blur
001375.png,C:\Users\User\comp6001_assignment1\data\raw\gopro\blur\images\001375.png,C:\Users\User\comp6001_assignment1\data\raw\gopro\sharp\images\001375.png,"(720, 1280)","(720, 1280)",78.74759296556643,264.9038782465605,0.2972685544803502,low_blur
001376.png,C:\Users\User\comp6001_assignment1\data\raw\gopro\blur\images\001376.png,C:\Users\User\comp6001_assignment1\data\raw\gopro\sharp\images\001376.png,"(720, 1280)","(720, 1280)",61.70418648938658,263.78179982277084,0.23392131878888173,low_blur
001377.png,C:\Users\User\comp6001_assignment1\data\raw\gopro\blur\images\001377.png,C:\Users\User\comp6001_assignment1\data\raw\gopro\sharp\images\001377.png,"(720, 1280)","(720, 1280)",60.3458745040787,260.26532831318116,0.2318629027265014,low_blur
001378.png,C:\Users\User\comp6001_assignment1\data\raw\gopro\blur\images\001378.png,C:\Users\User\comp6001_assignment1\data\raw\gopro\sharp\images\001378.png,"(720, 1280)","(720, 1280)",65.58300199532212,261.5814322735632,0.2507173442044155,low_blur
001379.png,C:\Users\User\comp6001_assignment1\data\raw\gopro\blur\images\001379.png,C:\Users\User\comp6001_assignment1\data\raw\gopro\sharp\images\001379.png,"(720, 1280)","(720, 1280)",67.10341659677295,272.84433309384445,0.2459402980205325,low_blur
001380.png,C:\Users\User\comp6001_assignment1\data\raw\gopro\blur\images\001380.png,C:\Users\User\comp6001_assignment1\data\raw\gopro\sharp\images\001380.png,"(720, 1280)","(720, 1280)",81.25673707274917,272.07928098890517,0.2986509548776562,low_blur
001381.png,C:\Users\User\comp6001_assignment1\data\raw\gopro\blur\images\001381.png,C:\Users\User\comp6001_assignment1\data\raw\gopro\sharp\images\001381.png,"(720, 1280)","(720, 1280)",82.22485943645782,266.89095814790954,0.3080840954822021,low_blur
001382.png,C:\Users\User\comp6001_assignment1\data\raw\gopro\blur\images\001382.png,C:\Users\User\comp6001_assignment1\data\raw\gopro\sharp\images\001382.png,"(720, 1280)","(720, 1280)",91.00794777492946,279.2284275540906,0.32592651317366544,low_blur
001383.png,C:\Users\User\comp6001_assignment1\data\raw\gopro\blur\images\001383.png,C:\Users\User\comp6001_assignment1\data\raw\gopro\sharp\images\001383.png,"(720, 1280)","(720, 1280)",61.80921365242942,267.02007313743763,0.23147777964355842,low_blur
001384.png,C:\Users\User\comp6001_assignment1\data\raw\gopro\blur\images\001384.png,C:\Users\User\comp6001_assignment1\data\raw\gopro\sharp\images\001384.png,"(720, 1280)","(720, 1280)",98.75336539231289,274.7797222304344,0.3593910226967291,low_blur
001385.png,C:\Users\User\comp6001_assignment1\data\raw\gopro\blur\images\001385.png,C:\Users\User\comp6001_assignment1\data\raw\gopro\sharp\images\001385.png,"(720, 1280)","(720, 1280)",75.6046281413844,270.7649435734455,0.27922605910792225,low_blur
001386.png,C:\Users\User\comp6001_assignment1\data\raw\gopro\blur\images\001386.png,C:\Users\User\comp6001_assignment1\data\raw\gopro\sharp\images\001386.png,"(720, 1280)","(720, 1280)",43.53996837954931,286.6485622799238,0.15189320341161122,low_blur
001387.png,C:\Users\User\comp6001_assignment1\data\raw\gopro\blur\images\001387.png,C:\Users\User\comp6001_assignment1\data\raw\gopro\sharp\images\001387.png,"(720, 1280)","(720, 1280)",39.562503698701015,273.1815630830257,0.14482128021658955,medium_blur
001388.png,C:\Users\User\comp6001_assignment1\data\raw\gopro\blur\images\001388.png,C:\Users\User\comp6001_assignment1\data\raw\gopro\sharp\images\001388.png,"(720, 1280)","(720, 1280)",62.936040709590884,267.459797368696,0.23531028336374538,low_blur
001389.png,C:\Users\User\comp6001_assignment1\data\raw\gopro\blur\images\001389.png,C:\Users\User\comp6001_assignment1\data\raw\gopro\sharp\images\001389.png,"(720, 1280)","(720, 1280)",67.30450511994066,268.59032317888705,0.2505842515875322,low_blur
001390.png,C:\Users\User\comp6001_assignment1\data\raw\gopro\blur\images\001390.png,C:\Users\User\comp6001_assignment1\data\raw\gopro\sharp\images\001390.png,"(720, 1280)","(720, 1280)",44.88067490837193,279.88138172324386,0.16035605737843572,low_blur
001391.png,C:\Users\User\comp6001_assignment1\data\raw\gopro\blur\images\001391.png,C:\Users\User\comp6001_assignment1\data\raw\gopro\sharp\images\001391.png,"(720, 1280)","(720, 1280)",51.4854437215723,281.8695494524343,0.1826569908660316,low_blur
001392.png,C:\Users\User\comp6001_assignment1\data\raw\gopro\blur\images\001392.png,C:\Users\User\comp6001_assignment1\data\raw\gopro\sharp\images\001392.png,"(720, 1280)","(720, 1280)",78.10996641243713,277.7865878196706,0.28118696090659184,low_blur
001393.png,C:\Users\User\comp6001_assignment1\data\raw\gopro\blur\images\001393.png,C:\Users\User\comp6001_assignment1\data\raw\gopro\sharp\images\001393.png,"(720, 1280)","(720, 1280)",79.60825069745385,277.08113564845775,0.2873102512311861,low_blur
001394.png,C:\Users\User\comp6001_assignment1\data\raw\gopro\blur\images\001394.png,C:\Users\User\comp6001_assignment1\data\raw\gopro\sharp\images\001394.png,"(720, 1280)","(720, 1280)",71.91490231865309,278.47061839192713,0.25824951562701526,low_blur
001395.png,C:\Users\User\comp6001_assignment1\data\raw\gopro\blur\images\001395.png,C:\Users\User\comp6001_assignment1\data\raw\gopro\sharp\images\001395.png,"(720, 1280)","(720, 1280)",46.47162369898926,272.4299725106027,0.17058190502689574,low_blur
001396.png,C:\Users\User\comp6001_assignment1\data\raw\gopro\blur\images\001396.png,C:\Users\User\comp6001_assignment1\data\raw\gopro\sharp\images\001396.png,"(720, 1280)","(720, 1280)",61.815766690052875,270.96815954497526,0.22812926356947635,low_blur
001397.png,C:\Users\User\comp6001_assignment1\data\raw\gopro\blur\images\001397.png,C:\Users\User\comp6001_assignment1\data\raw\gopro\sharp\images\001397.png,"(720, 1280)","(720, 1280)",69.57382260402046,272.91911929206384,0.25492469264132767,low_blur
001398.png,C:\Users\User\comp6001_assignment1\data\raw\gopro\blur\images\001398.png,C:\Users\User\comp6001_assignment1\data\raw\gopro\sharp\images\001398.png,"(720, 1280)","(720, 1280)",100.69541102833223,275.16416373320686,0.36594667582623447,low_blur
001399.png,C:\Users\User\comp6001_assignment1\data\raw\gopro\blur\images\001399.png,C:\Users\User\comp6001_assignment1\data\raw\gopro\sharp\images\001399.png,"(720, 1280)","(720, 1280)",98.80836125548556,273.87642018499366,0.36077717528634373,low_blur
001400.png,C:\Users\User\comp6001_assignment1\data\raw\gopro\blur\images\001400.png,C:\Users\User\comp6001_assignment1\data\raw\gopro\sharp\images\001400.png,"(720, 1280)","(720, 1280)",56.79695748782573,270.3797438377805,0.21006365595124432,low_blur
002101.png,C:\Users\User\comp6001_assignment1\data\raw\gopro\blur\images\002101.png,C:\Users\User\comp6001_assignment1\data\raw\gopro\sharp\images\002101.png,"(720, 1280)","(720, 1280)",41.23312285904944,119.28376295527231,0.34567255286081017,medium_blur
002102.png,C:\Users\User\comp6001_assignment1\data\raw\gopro\blur\images\002102.png,C:\Users\User\comp6001_assignment1\data\raw\gopro\sharp\images\002102.png,"(720, 1280)","(720, 1280)",39.597379207356774,114.97001193576271,0.34441484816090046,medium_blur
002103.png,C:\Users\User\comp6001_assignment1\data\raw\gopro\blur\images\002103.png,C:\Users\User\comp6001_assignment1\data\raw\gopro\sharp\images\002103.png,"(720, 1280)","(720, 1280)",37.71316903742566,117.60863159979243,0.32066667659693743,medium_blur
002104.png,C:\Users\User\comp6001_assignment1\data\raw\gopro\blur\images\002104.png,C:\Users\User\comp6001_assignment1\data\raw\gopro\sharp\images\002104.png,"(720, 1280)","(720, 1280)",32.672038397272146,113.02597471824814,0.2890666369020621,medium_blur
002105.png,C:\Users\User\comp6001_assignment1\data\raw\gopro\blur\images\002105.png,C:\Users\User\comp6001_assignment1\data\raw\gopro\sharp\images\002105.png,"(720, 1280)","(720, 1280)",30.756268720155873,102.62562216539621,0.29969385878694804,medium_blur
002106.png,C:\Users\User\comp6001_assignment1\data\raw\gopro\blur\images\002106.png,C:\Users\User\comp6001_assignment1\data\raw\gopro\sharp\images\002106.png,"(720, 1280)","(720, 1280)",28.44711849704199,105.70949232624079,0.26910656619707707,medium_blur
002107.png,C:\Users\User\comp6001_assignment1\data\raw\gopro\blur\images\002107.png,C:\Users\User\comp6001_assignment1\data\raw\gopro\sharp\images\002107.png,"(720, 1280)","(720, 1280)",23.204695907921263,106.64637797372608,0.21758541027490153,high_blur
002108.png,C:\Users\User\comp6001_assignment1\data\raw\gopro\blur\images\002108.png,C:\Users\User\comp6001_assignment1\data\raw\gopro\sharp\images\002108.png,"(720, 1280)","(720, 1280)",23.668556698211617,106.60619906723475,0.2220185777476605,high_blur
002109.png,C:\Users\User\comp6001_assignment1\data\raw\gopro\blur\images\002109.png,C:\Users\User\comp6001_assignment1\data\raw\gopro\sharp\images\002109.png,"(720, 1280)","(720, 1280)",36.33112841497232,108.62774885698482,0.3344553191418885,medium_blur
002110.png,C:\Users\User\comp6001_assignment1\data\raw\gopro\blur\images\002110.png,C:\Users\User\comp6001_assignment1\data\raw\gopro\sharp\images\002110.png,"(720, 1280)","(720, 1280)",33.20039468258986,109.3625968837737,0.3035808916904025,medium_blur
002111.png,C:\Users\User\comp6001_assignment1\data\raw\gopro\blur\images\002111.png,C:\Users\User\comp6001_assignment1\data\raw\gopro\sharp\images\002111.png,"(720, 1280)","(720, 1280)",35.32721788073881,116.04008571904384,0.30443977750265233,medium_blur
002112.png,C:\Users\User\comp6001_assignment1\data\raw\gopro\blur\images\002112.png,C:\Users\User\comp6001_assignment1\data\raw\gopro\sharp\images\002112.png,"(720, 1280)","(720, 1280)",34.832505371930885,116.45868369979738,0.29909753624495516,medium_blur
002113.png,C:\Users\User\comp6001_assignment1\data\raw\gopro\blur\images\002113.png,C:\Users\User\comp6001_assignment1\data\raw\gopro\sharp\images\002113.png,"(720, 1280)","(720, 1280)",25.127557496189777,111.08307713937639,0.22620509028931635,high_blur
002114.png,C:\Users\User\comp6001_assignment1\data\raw\gopro\blur\images\002114.png,C:\Users\User\comp6001_assignment1\data\raw\gopro\sharp\images\002114.png,"(720, 1280)","(720, 1280)",33.07555630110636,117.42946824355889,0.28166317018219106,medium_blur
002115.png,C:\Users\User\comp6001_assignment1\data\raw\gopro\blur\images\002115.png,C:\Users\User\comp6001_assignment1\data\raw\gopro\sharp\images\002115.png,"(720, 1280)","(720, 1280)",24.033422083155315,114.03712651434532,0.2107508564592297,high_blur
002116.png,C:\Users\User\comp6001_assignment1\data\raw\gopro\blur\images\002116.png,C:\Users\User\comp6001_assignment1\data\raw\gopro\sharp\images\002116.png,"(720, 1280)","(720, 1280)",32.60380642349336,120.51079750822913,0.2705467650611268,medium_blur
002117.png,C:\Users\User\comp6001_assignment1\data\raw\gopro\blur\images\002117.png,C:\Users\User\comp6001_assignment1\data\raw\gopro\sharp\images\002117.png,"(720, 1280)","(720, 1280)",46.08105930760585,125.6708262912325,0.3666806423087386,low_blur
002118.png,C:\Users\User\comp6001_assignment1\data\raw\gopro\blur\images\002118.png,C:\Users\User\comp6001_assignment1\data\raw\gopro\sharp\images\002118.png,"(720, 1280)","(720, 1280)",31.14029957915412,118.14072680494401,0.2635864906090546,medium_blur
002119.png,C:\Users\User\comp6001_assignment1\data\raw\gopro\blur\images\002119.png,C:\Users\User\comp6001_assignment1\data\raw\gopro\sharp\images\002119.png,"(720, 1280)","(720, 1280)",27.693031604332383,115.32431254904947,0.24013177264900434,medium_blur
002120.png,C:\Users\User\comp6001_assignment1\data\raw\gopro\blur\images\002120.png,C:\Users\User\comp6001_assignment1\data\raw\gopro\sharp\images\002120.png,"(720, 1280)","(720, 1280)",30.791334965080686,121.54315632233329,0.25333664102722897,medium_blur
002121.png,C:\Users\User\comp6001_assignment1\data\raw\gopro\blur\images\002121.png,C:\Users\User\comp6001_assignment1\data\raw\gopro\sharp\images\002121.png,"(720, 1280)","(720, 1280)",38.690292334431774,128.35766370561385,0.30142565090739776,medium_blur
002122.png,C:\Users\User\comp6001_assignment1\data\raw\gopro\blur\images\002122.png,C:\Users\User\comp6001_assignment1\data\raw\gopro\sharp\images\002122.png,"(720, 1280)","(720, 1280)",52.91199312251411,134.23977618837236,0.39416031984680605,low_blur
002123.png,C:\Users\User\comp6001_assignment1\data\raw\gopro\blur\images\002123.png,C:\Users\User\comp6001_assignment1\data\raw\gopro\sharp\images\002123.png,"(720, 1280)","(720, 1280)",53.22808800587124,180.9665290828176,0.2941322258469719,low_blur
002124.png,C:\Users\User\comp6001_assignment1\data\raw\gopro\blur\images\002124.png,C:\Users\User\comp6001_assignment1\data\raw\gopro\sharp\images\002124.png,"(720, 1280)","(720, 1280)",35.88115815246959,121.46005742107903,0.29541529051910664,medium_blur
002125.png,C:\Users\User\comp6001_assignment1\data\raw\gopro\blur\images\002125.png,C:\Users\User\comp6001_assignment1\data\raw\gopro\sharp\images\002125.png,"(720, 1280)","(720, 1280)",30.94977366082461,116.48469922180057,0.2656981892466033,medium_blur
002126.png,C:\Users\User\comp6001_assignment1\data\raw\gopro\blur\images\002126.png,C:\Users\User\comp6001_assignment1\data\raw\gopro\sharp\images\002126.png,"(720, 1280)","(720, 1280)",41.96815863455196,159.39465488234157,0.2632971517325855,medium_blur
002127.png,C:\Users\User\comp6001_assignment1\data\raw\gopro\blur\images\002127.png,C:\Users\User\comp6001_assignment1\data\raw\gopro\sharp\images\002127.png,"(720, 1280)","(720, 1280)",29.930597865915903,104.84643117376147,0.2854708312718567,medium_blur
002128.png,C:\Users\User\comp6001_assignment1\data\raw\gopro\blur\images\002128.png,C:\Users\User\comp6001_assignment1\data\raw\gopro\sharp\images\002128.png,"(720, 1280)","(720, 1280)",35.5140557938458,103.92919844245438,0.34171393913032827,medium_blur
002129.png,C:\Users\User\comp6001_assignment1\data\raw\gopro\blur\images\002129.png,C:\Users\User\comp6001_assignment1\data\raw\gopro\sharp\images\002129.png,"(720, 1280)","(720, 1280)",33.45994250932858,105.84334417269561,0.3161270344177104,medium_blur
002130.png,C:\Users\User\comp6001_assignment1\data\raw\gopro\blur\images\002130.png,C:\Users\User\comp6001_assignment1\data\raw\gopro\sharp\images\002130.png,"(720, 1280)","(720, 1280)",31.843669292279223,103.95117482898382,0.30633294276475265,medium_blur
002131.png,C:\Users\User\comp6001_assignment1\data\raw\gopro\blur\images\002131.png,C:\Users\User\comp6001_assignment1\data\raw\gopro\sharp\images\002131.png,"(720, 1280)","(720, 1280)",37.97726956930158,105.91658873680962,0.3585582770238673,medium_blur
002132.png,C:\Users\User\comp6001_assignment1\data\raw\gopro\blur\images\002132.png,C:\Users\User\comp6001_assignment1\data\raw\gopro\sharp\images\002132.png,"(720, 1280)","(720, 1280)",33.77790347939834,107.2127292924622,0.31505497247538694,medium_blur
002133.png,C:\Users\User\comp6001_assignment1\data\raw\gopro\blur\images\002133.png,C:\Users\User\comp6001_assignment1\data\raw\gopro\sharp\images\002133.png,"(720, 1280)","(720, 1280)",29.097197461275407,108.97509752882851,0.2670077670809874,medium_blur
002134.png,C:\Users\User\comp6001_assignment1\data\raw\gopro\blur\images\002134.png,C:\Users\User\comp6001_assignment1\data\raw\gopro\sharp\images\002134.png,"(720, 1280)","(720, 1280)",39.41537276194892,113.38844361434745,0.3476136676902532,medium_blur
002135.png,C:\Users\User\comp6001_assignment1\data\raw\gopro\blur\images\002135.png,C:\Users\User\comp6001_assignment1\data\raw\gopro\sharp\images\002135.png,"(720, 1280)","(720, 1280)",31.771855374087824,108.74830146392068,0.2921595550778064,medium_blur
002136.png,C:\Users\User\comp6001_assignment1\data\raw\gopro\blur\images\002136.png,C:\Users\User\comp6001_assignment1\data\raw\gopro\sharp\images\002136.png,"(720, 1280)","(720, 1280)",30.065122221016594,108.37692763072354,0.27741257180388434,medium_blur
002137.png,C:\Users\User\comp6001_assignment1\data\raw\gopro\blur\images\002137.png,C:\Users\User\comp6001_assignment1\data\raw\gopro\sharp\images\002137.png,"(720, 1280)","(720, 1280)",24.876820744036447,110.58953840306485,0.22494732414126384,high_blur
002138.png,C:\Users\User\comp6001_assignment1\data\raw\gopro\blur\images\002138.png,C:\Users\User\comp6001_assignment1\data\raw\gopro\sharp\images\002138.png,"(720, 1280)","(720, 1280)",28.255488050897625,112.46921206777594,0.25122864763521313,medium_blur
002139.png,C:\Users\User\comp6001_assignment1\data\raw\gopro\blur\images\002139.png,C:\Users\User\comp6001_assignment1\data\raw\gopro\sharp\images\002139.png,"(720, 1280)","(720, 1280)",21.12091100407235,109.40778989692862,0.19304759763486273,high_blur
002140.png,C:\Users\User\comp6001_assignment1\data\raw\gopro\blur\images\002140.png,C:\Users\User\comp6001_assignment1\data\raw\gopro\sharp\images\002140.png,"(720, 1280)","(720, 1280)",30.179979811151526,117.48932867447543,0.25687422125120535,medium_blur
002141.png,C:\Users\User\comp6001_assignment1\data\raw\gopro\blur\images\002141.png,C:\Users\User\comp6001_assignment1\data\raw\gopro\sharp\images\002141.png,"(720, 1280)","(720, 1280)",28.714940343756712,117.85591009655236,0.24364446651674762,medium_blur
002142.png,C:\Users\User\comp6001_assignment1\data\raw\gopro\blur\images\002142.png,C:\Users\User\comp6001_assignment1\data\raw\gopro\sharp\images\002142.png,"(720, 1280)","(720, 1280)",32.384609285047325,117.02450300805363,0.2767335767283821,medium_blur
002143.png,C:\Users\User\comp6001_assignment1\data\raw\gopro\blur\images\002143.png,C:\Users\User\comp6001_assignment1\data\raw\gopro\sharp\images\002143.png,"(720, 1280)","(720, 1280)",38.47932310089772,116.68336897404872,0.3297755578702743,medium_blur
002144.png,C:\Users\User\comp6001_assignment1\data\raw\gopro\blur\images\002144.png,C:\Users\User\comp6001_assignment1\data\raw\gopro\sharp\images\002144.png,"(720, 1280)","(720, 1280)",35.20716073909335,122.04496755811427,0.28847695599938566,medium_blur
002145.png,C:\Users\User\comp6001_assignment1\data\raw\gopro\blur\images\002145.png,C:\Users\User\comp6001_assignment1\data\raw\gopro\sharp\images\002145.png,"(720, 1280)","(720, 1280)",37.86973949170524,126.7049688547346,0.2988812501278741,medium_blur
002146.png,C:\Users\User\comp6001_assignment1\data\raw\gopro\blur\images\002146.png,C:\Users\User\comp6001_assignment1\data\raw\gopro\sharp\images\002146.png,"(720, 1280)","(720, 1280)",41.79218381973076,123.1486950027983,0.3393635946802967,medium_blur
002147.png,C:\Users\User\comp6001_assignment1\data\raw\gopro\blur\images\002147.png,C:\Users\User\comp6001_assignment1\data\raw\gopro\sharp\images\002147.png,"(720, 1280)","(720, 1280)",34.91478537850911,120.86004378169376,0.2888860890923214,medium_blur
002148.png,C:\Users\User\comp6001_assignment1\data\raw\gopro\blur\images\002148.png,C:\Users\User\comp6001_assignment1\data\raw\gopro\sharp\images\002148.png,"(720, 1280)","(720, 1280)",26.227627519094202,122.07772677484087,0.21484367549962477,high_blur
002149.png,C:\Users\User\comp6001_assignment1\data\raw\gopro\blur\images\002149.png,C:\Users\User\comp6001_assignment1\data\raw\gopro\sharp\images\002149.png,"(720, 1280)","(720, 1280)",26.30510675998264,123.54076608611211,0.21292653098425682,high_blur
002150.png,C:\Users\User\comp6001_assignment1\data\raw\gopro\blur\images\002150.png,C:\Users\User\comp6001_assignment1\data\raw\gopro\sharp\images\002150.png,"(720, 1280)","(720, 1280)",34.12193532714842,122.40955796830919,0.2787522142118574,medium_blur
002151.png,C:\Users\User\comp6001_assignment1\data\raw\gopro\blur\images\002151.png,C:\Users\User\comp6001_assignment1\data\raw\gopro\sharp\images\002151.png,"(720, 1280)","(720, 1280)",32.56102995841766,122.83774026811388,0.26507350171614236,medium_blur
002152.png,C:\Users\User\comp6001_assignment1\data\raw\gopro\blur\images\002152.png,C:\Users\User\comp6001_assignment1\data\raw\gopro\sharp\images\002152.png,"(720, 1280)","(720, 1280)",33.57214623318779,126.76579377435638,0.26483600371167937,medium_blur
002153.png,C:\Users\User\comp6001_assignment1\data\raw\gopro\blur\images\002153.png,C:\Users\User\comp6001_assignment1\data\raw\gopro\sharp\images\002153.png,"(720, 1280)","(720, 1280)",31.183021789408315,125.07502168765598,0.24931454231354905,medium_blur
002154.png,C:\Users\User\comp6001_assignment1\data\raw\gopro\blur\images\002154.png,C:\Users\User\comp6001_assignment1\data\raw\gopro\sharp\images\002154.png,"(720, 1280)","(720, 1280)",40.10317372566388,129.35046221906876,0.3100350244952704,medium_blur
002155.png,C:\Users\User\comp6001_assignment1\data\raw\gopro\blur\images\002155.png,C:\Users\User\comp6001_assignment1\data\raw\gopro\sharp\images\002155.png,"(720, 1280)","(720, 1280)",28.430380144895167,130.1361989821434,0.2184663480651649,medium_blur
002156.png,C:\Users\User\comp6001_assignment1\data\raw\gopro\blur\images\002156.png,C:\Users\User\comp6001_assignment1\data\raw\gopro\sharp\images\002156.png,"(720, 1280)","(720, 1280)",39.75309337382378,134.83706954763434,0.29482317810853814,medium_blur
002157.png,C:\Users\User\comp6001_assignment1\data\raw\gopro\blur\images\002157.png,C:\Users\User\comp6001_assignment1\data\raw\gopro\sharp\images\002157.png,"(720, 1280)","(720, 1280)",33.802678852971404,133.17296321015408,0.25382538644192143,medium_blur
002158.png,C:\Users\User\comp6001_assignment1\data\raw\gopro\blur\images\002158.png,C:\Users\User\comp6001_assignment1\data\raw\gopro\sharp\images\002158.png,"(720, 1280)","(720, 1280)",32.67955623414663,132.42980154786173,0.24676889831227417,medium_blur
002159.png,C:\Users\User\comp6001_assignment1\data\raw\gopro\blur\images\002159.png,C:\Users\User\comp6001_assignment1\data\raw\gopro\sharp\images\002159.png,"(720, 1280)","(720, 1280)",32.32064809140333,136.872178382704,0.23613745664711497,medium_blur
002160.png,C:\Users\User\comp6001_assignment1\data\raw\gopro\blur\images\002160.png,C:\Users\User\comp6001_assignment1\data\raw\gopro\sharp\images\002160.png,"(720, 1280)","(720, 1280)",40.32117407432721,138.3102653591533,0.2915269807827283,medium_blur
002161.png,C:\Users\User\comp6001_assignment1\data\raw\gopro\blur\images\002161.png,C:\Users\User\comp6001_assignment1\data\raw\gopro\sharp\images\002161.png,"(720, 1280)","(720, 1280)",50.72690063459605,144.829905156537,0.3502515628679464,low_blur
002162.png,C:\Users\User\comp6001_assignment1\data\raw\gopro\blur\images\002162.png,C:\Users\User\comp6001_assignment1\data\raw\gopro\sharp\images\002162.png,"(720, 1280)","(720, 1280)",43.86823458791543,144.3637850527116,0.30387284850462376,low_blur
002163.png,C:\Users\User\comp6001_assignment1\data\raw\gopro\blur\images\002163.png,C:\Users\User\comp6001_assignment1\data\raw\gopro\sharp\images\002163.png,"(720, 1280)","(720, 1280)",38.32487550308675,141.3996167677127,0.271039458072474,medium_blur
002164.png,C:\Users\User\comp6001_assignment1\data\raw\gopro\blur\images\002164.png,C:\Users\User\comp6001_assignment1\data\raw\gopro\sharp\images\002164.png,"(720, 1280)","(720, 1280)",34.762487051203216,134.53802983258566,0.25838409475652774,medium_blur
002165.png,C:\Users\User\comp6001_assignment1\data\raw\gopro\blur\images\002165.png,C:\Users\User\comp6001_assignment1\data\raw\gopro\sharp\images\002165.png,"(720, 1280)","(720, 1280)",33.81216599866019,134.95131506516728,0.2505508447978218,medium_blur
002166.png,C:\Users\User\comp6001_assignment1\data\raw\gopro\blur\images\002166.png,C:\Users\User\comp6001_assignment1\data\raw\gopro\sharp\images\002166.png,"(720, 1280)","(720, 1280)",31.026853247673156,131.17732193692055,0.23652604571564456,medium_blur
002167.png,C:\Users\User\comp6001_assignment1\data\raw\gopro\blur\images\002167.png,C:\Users\User\comp6001_assignment1\data\raw\gopro\sharp\images\002167.png,"(720, 1280)","(720, 1280)",24.474740531496355,131.38895553577095,0.18627700045130718,high_blur
002168.png,C:\Users\User\comp6001_assignment1\data\raw\gopro\blur\images\002168.png,C:\Users\User\comp6001_assignment1\data\raw\gopro\sharp\images\002168.png,"(720, 1280)","(720, 1280)",21.705678033097588,129.0057586591921,0.16825355904271833,high_blur
002169.png,C:\Users\User\comp6001_assignment1\data\raw\gopro\blur\images\002169.png,C:\Users\User\comp6001_assignment1\data\raw\gopro\sharp\images\002169.png,"(720, 1280)","(720, 1280)",31.98325394692951,133.3532221371498,0.23983862880821358,medium_blur
002170.png,C:\Users\User\comp6001_assignment1\data\raw\gopro\blur\images\002170.png,C:\Users\User\comp6001_assignment1\data\raw\gopro\sharp\images\002170.png,"(720, 1280)","(720, 1280)",30.556942217320575,139.88954642509063,0.21843620910944286,medium_blur
002171.png,C:\Users\User\comp6001_assignment1\data\raw\gopro\blur\images\002171.png,C:\Users\User\comp6001_assignment1\data\raw\gopro\sharp\images\002171.png,"(720, 1280)","(720, 1280)",48.53030843565079,146.9626001969785,0.3302221678665313,low_blur
002172.png,C:\Users\User\comp6001_assignment1\data\raw\gopro\blur\images\002172.png,C:\Users\User\comp6001_assignment1\data\raw\gopro\sharp\images\002172.png,"(720, 1280)","(720, 1280)",39.96702292545342,140.16258376023922,0.28514758968034687,medium_blur
002173.png,C:\Users\User\comp6001_assignment1\data\raw\gopro\blur\images\002173.png,C:\Users\User\comp6001_assignment1\data\raw\gopro\sharp\images\002173.png,"(720, 1280)","(720, 1280)",48.1083632534451,139.2367044402652,0.3455149519904732,low_blur
002174.png,C:\Users\User\comp6001_assignment1\data\raw\gopro\blur\images\002174.png,C:\Users\User\comp6001_assignment1\data\raw\gopro\sharp\images\002174.png,"(720, 1280)","(720, 1280)",37.37293670771914,136.89679585668773,0.2730008140154975,medium_blur
002175.png,C:\Users\User\comp6001_assignment1\data\raw\gopro\blur\images\002175.png,C:\Users\User\comp6001_assignment1\data\raw\gopro\sharp\images\002175.png,"(720, 1280)","(720, 1280)",50.793250447021286,139.59738703816734,0.3638553093368097,low_blur
002176.png,C:\Users\User\comp6001_assignment1\data\raw\gopro\blur\images\002176.png,C:\Users\User\comp6001_assignment1\data\raw\gopro\sharp\images\002176.png,"(720, 1280)","(720, 1280)",50.04298936301219,133.85501748613788,0.3738596453020977,low_blur
002177.png,C:\Users\User\comp6001_assignment1\data\raw\gopro\blur\images\002177.png,C:\Users\User\comp6001_assignment1\data\raw\gopro\sharp\images\002177.png,"(720, 1280)","(720, 1280)",42.65389206918666,126.12519933437302,0.33818691499328546,low_blur
002178.png,C:\Users\User\comp6001_assignment1\data\raw\gopro\blur\images\002178.png,C:\Users\User\comp6001_assignment1\data\raw\gopro\sharp\images\002178.png,"(720, 1280)","(720, 1280)",48.472231479051366,137.9134361673414,0.3514685212883932,low_blur
002179.png,C:\Users\User\comp6001_assignment1\data\raw\gopro\blur\images\002179.png,C:\Users\User\comp6001_assignment1\data\raw\gopro\sharp\images\002179.png,"(720, 1280)","(720, 1280)",48.01824071888394,133.90387448413875,0.3586023249908709,low_blur
002180.png,C:\Users\User\comp6001_assignment1\data\raw\gopro\blur\images\002180.png,C:\Users\User\comp6001_assignment1\data\raw\gopro\sharp\images\002180.png,"(720, 1280)","(720, 1280)",42.31903574112785,130.9734306860605,0.3231116075697385,medium_blur
002181.png,C:\Users\User\comp6001_assignment1\data\raw\gopro\blur\images\002181.png,C:\Users\User\comp6001_assignment1\data\raw\gopro\sharp\images\002181.png,"(720, 1280)","(720, 1280)",32.589489329580594,131.11345301813074,0.24855946187755754,medium_blur
002182.png,C:\Users\User\comp6001_assignment1\data\raw\gopro\blur\images\002182.png,C:\Users\User\comp6001_assignment1\data\raw\gopro\sharp\images\002182.png,"(720, 1280)","(720, 1280)",31.67807462290893,133.44201935010366,0.2373920506810016,medium_blur
002183.png,C:\Users\User\comp6001_assignment1\data\raw\gopro\blur\images\002183.png,C:\Users\User\comp6001_assignment1\data\raw\gopro\sharp\images\002183.png,"(720, 1280)","(720, 1280)",44.66969335191045,133.9877093211974,0.3333864992160864,low_blur
002184.png,C:\Users\User\comp6001_assignment1\data\raw\gopro\blur\images\002184.png,C:\Users\User\comp6001_assignment1\data\raw\gopro\sharp\images\002184.png,"(720, 1280)","(720, 1280)",39.963492523842085,129.8662737256462,0.3077280295667153,medium_blur
002185.png,C:\Users\User\comp6001_assignment1\data\raw\gopro\blur\images\002185.png,C:\Users\User\comp6001_assignment1\data\raw\gopro\sharp\images\002185.png,"(720, 1280)","(720, 1280)",41.29615267341399,134.0009711189929,0.30817801039412773,medium_blur
002186.png,C:\Users\User\comp6001_assignment1\data\raw\gopro\blur\images\002186.png,C:\Users\User\comp6001_assignment1\data\raw\gopro\sharp\images\002186.png,"(720, 1280)","(720, 1280)",45.660872892392725,132.3530789017101,0.344992902831162,low_blur
002187.png,C:\Users\User\comp6001_assignment1\data\raw\gopro\blur\images\002187.png,C:\Users\User\comp6001_assignment1\data\raw\gopro\sharp\images\002187.png,"(720, 1280)","(720, 1280)",59.57706110026044,132.84702462201525,0.4484636465535319,low_blur
002188.png,C:\Users\User\comp6001_assignment1\data\raw\gopro\blur\images\002188.png,C:\Users\User\comp6001_assignment1\data\raw\gopro\sharp\images\002188.png,"(720, 1280)","(720, 1280)",49.562997206199334,130.65807731272267,0.3793335874963152,low_blur
002189.png,C:\Users\User\comp6001_assignment1\data\raw\gopro\blur\images\002189.png,C:\Users\User\comp6001_assignment1\data\raw\gopro\sharp\images\002189.png,"(720, 1280)","(720, 1280)",43.31996264625359,132.64394333832237,0.32658832022579104,low_blur
002190.png,C:\Users\User\comp6001_assignment1\data\raw\gopro\blur\images\002190.png,C:\Users\User\comp6001_assignment1\data\raw\gopro\sharp\images\002190.png,"(720, 1280)","(720, 1280)",40.46160206535717,130.99896528853307,0.3088696309405908,medium_blur
002191.png,C:\Users\User\comp6001_assignment1\data\raw\gopro\blur\images\002191.png,C:\Users\User\comp6001_assignment1\data\raw\gopro\sharp\images\002191.png,"(720, 1280)","(720, 1280)",25.022580089423094,129.09560085946077,0.19382984331685701,high_blur
002192.png,C:\Users\User\comp6001_assignment1\data\raw\gopro\blur\images\002192.png,C:\Users\User\comp6001_assignment1\data\raw\gopro\sharp\images\002192.png,"(720, 1280)","(720, 1280)",37.157367602835755,130.65563249850675,0.28439162468113655,medium_blur
002193.png,C:\Users\User\comp6001_assignment1\data\raw\gopro\blur\images\002193.png,C:\Users\User\comp6001_assignment1\data\raw\gopro\sharp\images\002193.png,"(720, 1280)","(720, 1280)",33.383156244224956,135.185037237039,0.24694416574535621,medium_blur
002194.png,C:\Users\User\comp6001_assignment1\data\raw\gopro\blur\images\002194.png,C:\Users\User\comp6001_assignment1\data\raw\gopro\sharp\images\002194.png,"(720, 1280)","(720, 1280)",46.85818122295688,133.24207309933772,0.35167706513021085,low_blur
002195.png,C:\Users\User\comp6001_assignment1\data\raw\gopro\blur\images\002195.png,C:\Users\User\comp6001_assignment1\data\raw\gopro\sharp\images\002195.png,"(720, 1280)","(720, 1280)",46.453790456343285,132.917746153908,0.3494927637356912,low_blur
002196.png,C:\Users\User\comp6001_assignment1\data\raw\gopro\blur\images\002196.png,C:\Users\User\comp6001_assignment1\data\raw\gopro\sharp\images\002196.png,"(720, 1280)","(720, 1280)",58.40836484065585,140.08387216463322,0.4169528150095825,low_blur
002197.png,C:\Users\User\comp6001_assignment1\data\raw\gopro\blur\images\002197.png,C:\Users\User\comp6001_assignment1\data\raw\gopro\sharp\images\002197.png,"(720, 1280)","(720, 1280)",53.61738480356003,141.26439205005312,0.37955343184265894,low_blur
002198.png,C:\Users\User\comp6001_assignment1\data\raw\gopro\blur\images\002198.png,C:\Users\User\comp6001_assignment1\data\raw\gopro\sharp\images\002198.png,"(720, 1280)","(720, 1280)",54.3361888615926,143.27528680674112,0.3792432740413376,low_blur
002199.png,C:\Users\User\comp6001_assignment1\data\raw\gopro\blur\images\002199.png,C:\Users\User\comp6001_assignment1\data\raw\gopro\sharp\images\002199.png,"(720, 1280)","(720, 1280)",64.84903875774688,142.96289190807582,0.45360749134053824,low_blur
002200.png,C:\Users\User\comp6001_assignment1\data\raw\gopro\blur\images\002200.png,C:\Users\User\comp6001_assignment1\data\raw\gopro\sharp\images\002200.png,"(720, 1280)","(720, 1280)",34.220447458986584,138.01196104826278,0.2479527658080314,medium_blur
002481.png,C:\Users\User\comp6001_assignment1\data\raw\gopro\blur\images\002481.png,C:\Users\User\comp6001_assignment1\data\raw\gopro\sharp\images\002481.png,"(720, 1280)","(720, 1280)",9.169358224985332,82.01664388923174,0.11179874948615427,high_blur
002482.png,C:\Users\User\comp6001_assignment1\data\raw\gopro\blur\images\002482.png,C:\Users\User\comp6001_assignment1\data\raw\gopro\sharp\images\002482.png,"(720, 1280)","(720, 1280)",10.928786802408426,101.86656451069398,0.10728531833610887,high_blur
002483.png,C:\Users\User\comp6001_assignment1\data\raw\gopro\blur\images\002483.png,C:\Users\User\comp6001_assignment1\data\raw\gopro\sharp\images\002483.png,"(720, 1280)","(720, 1280)",12.260158402035554,109.05548215964866,0.11242129380495913,high_blur
002484.png,C:\Users\User\comp6001_assignment1\data\raw\gopro\blur\images\002484.png,C:\Users\User\comp6001_assignment1\data\raw\gopro\sharp\images\002484.png,"(720, 1280)","(720, 1280)",11.89569634331597,100.83985554494858,0.11796621760166937,high_blur
002485.png,C:\Users\User\comp6001_assignment1\data\raw\gopro\blur\images\002485.png,C:\Users\User\comp6001_assignment1\data\raw\gopro\sharp\images\002485.png,"(720, 1280)","(720, 1280)",14.527694212396641,121.00939523513107,0.12005426672009732,high_blur
002486.png,C:\Users\User\comp6001_assignment1\data\raw\gopro\blur\images\002486.png,C:\Users\User\comp6001_assignment1\data\raw\gopro\sharp\images\002486.png,"(720, 1280)","(720, 1280)",38.2244594355642,155.0672027971997,0.24650254047008224,medium_blur
002487.png,C:\Users\User\comp6001_assignment1\data\raw\gopro\blur\images\002487.png,C:\Users\User\comp6001_assignment1\data\raw\gopro\sharp\images\002487.png,"(720, 1280)","(720, 1280)",29.08124125823976,145.49591284137185,0.19987668854964374,medium_blur
002488.png,C:\Users\User\comp6001_assignment1\data\raw\gopro\blur\images\002488.png,C:\Users\User\comp6001_assignment1\data\raw\gopro\sharp\images\002488.png,"(720, 1280)","(720, 1280)",18.6420675178516,150.1515372822974,0.12415502267926441,high_blur
002489.png,C:\Users\User\comp6001_assignment1\data\raw\gopro\blur\images\002489.png,C:\Users\User\comp6001_assignment1\data\raw\gopro\sharp\images\002489.png,"(720, 1280)","(720, 1280)",13.383073505824298,139.1392545078124,0.09618474349459027,high_blur
002490.png,C:\Users\User\comp6001_assignment1\data\raw\gopro\blur\images\002490.png,C:\Users\User\comp6001_assignment1\data\raw\gopro\sharp\images\002490.png,"(720, 1280)","(720, 1280)",10.077810304071878,88.73068858529437,0.11357750586200603,high_blur
002491.png,C:\Users\User\comp6001_assignment1\data\raw\gopro\blur\images\002491.png,C:\Users\User\comp6001_assignment1\data\raw\gopro\sharp\images\002491.png,"(720, 1280)","(720, 1280)",11.796782312123563,119.19420896354839,0.09897110282213047,high_blur
002492.png,C:\Users\User\comp6001_assignment1\data\raw\gopro\blur\images\002492.png,C:\Users\User\comp6001_assignment1\data\raw\gopro\sharp\images\002492.png,"(720, 1280)","(720, 1280)",12.019776449905207,116.46367146237216,0.10320622987363551,high_blur
002493.png,C:\Users\User\comp6001_assignment1\data\raw\gopro\blur\images\002493.png,C:\Users\User\comp6001_assignment1\data\raw\gopro\sharp\images\002493.png,"(720, 1280)","(720, 1280)",9.29836475372197,75.51756507185833,0.12312850319846617,high_blur
002494.png,C:\Users\User\comp6001_assignment1\data\raw\gopro\blur\images\002494.png,C:\Users\User\comp6001_assignment1\data\raw\gopro\sharp\images\002494.png,"(720, 1280)","(720, 1280)",13.191503396488706,116.91202180836999,0.11283273688468512,high_blur
002495.png,C:\Users\User\comp6001_assignment1\data\raw\gopro\blur\images\002495.png,C:\Users\User\comp6001_assignment1\data\raw\gopro\sharp\images\002495.png,"(720, 1280)","(720, 1280)",13.523912356110564,115.0816491355425,0.11751580253257425,high_blur
002496.png,C:\Users\User\comp6001_assignment1\data\raw\gopro\blur\images\002496.png,C:\Users\User\comp6001_assignment1\data\raw\gopro\sharp\images\002496.png,"(720, 1280)","(720, 1280)",15.63533407004557,151.1403438868099,0.10344911005840038,high_blur
002497.png,C:\Users\User\comp6001_assignment1\data\raw\gopro\blur\images\002497.png,C:\Users\User\comp6001_assignment1\data\raw\gopro\sharp\images\002497.png,"(720, 1280)","(720, 1280)",8.882585679314458,80.66307616560077,0.11011959995149914,high_blur
002498.png,C:\Users\User\comp6001_assignment1\data\raw\gopro\blur\images\002498.png,C:\Users\User\comp6001_assignment1\data\raw\gopro\sharp\images\002498.png,"(720, 1280)","(720, 1280)",10.6425399638694,85.2533647947417,0.1248342512725958,high_blur
002499.png,C:\Users\User\comp6001_assignment1\data\raw\gopro\blur\images\002499.png,C:\Users\User\comp6001_assignment1\data\raw\gopro\sharp\images\002499.png,"(720, 1280)","(720, 1280)",13.700566855271653,105.33100380360163,0.1300715492991672,high_blur
002500.png,C:\Users\User\comp6001_assignment1\data\raw\gopro\blur\images\002500.png,C:\Users\User\comp6001_assignment1\data\raw\gopro\sharp\images\002500.png,"(720, 1280)","(720, 1280)",10.245986997773906,90.14398819929994,0.1136624549380305,high_blur
002501.png,C:\Users\User\comp6001_assignment1\data\raw\gopro\blur\images\002501.png,C:\Users\User\comp6001_assignment1\data\raw\gopro\sharp\images\002501.png,"(720, 1280)","(720, 1280)",12.302978901614665,96.93280949117403,0.12692275159388272,high_blur
002502.png,C:\Users\User\comp6001_assignment1\data\raw\gopro\blur\images\002502.png,C:\Users\User\comp6001_assignment1\data\raw\gopro\sharp\images\002502.png,"(720, 1280)","(720, 1280)",13.517251459492577,109.54099353839257,0.12339902187869953,high_blur
002503.png,C:\Users\User\comp6001_assignment1\data\raw\gopro\blur\images\002503.png,C:\Users\User\comp6001_assignment1\data\raw\gopro\sharp\images\002503.png,"(720, 1280)","(720, 1280)",14.534958025101085,113.85532092925179,0.12766164905772215,high_blur
002504.png,C:\Users\User\comp6001_assignment1\data\raw\gopro\blur\images\002504.png,C:\Users\User\comp6001_assignment1\data\raw\gopro\sharp\images\002504.png,"(720, 1280)","(720, 1280)",12.272790572738648,119.7248117778625,0.10250833047442588,high_blur
002505.png,C:\Users\User\comp6001_assignment1\data\raw\gopro\blur\images\002505.png,C:\Users\User\comp6001_assignment1\data\raw\gopro\sharp\images\002505.png,"(720, 1280)","(720, 1280)",9.168076151048398,87.0198904038877,0.10535609855910878,high_blur
002506.png,C:\Users\User\comp6001_assignment1\data\raw\gopro\blur\images\002506.png,C:\Users\User\comp6001_assignment1\data\raw\gopro\sharp\images\002506.png,"(720, 1280)","(720, 1280)",7.3673252643903115,70.2961532451194,0.10480410268898716,high_blur
002507.png,C:\Users\User\comp6001_assignment1\data\raw\gopro\blur\images\002507.png,C:\Users\User\comp6001_assignment1\data\raw\gopro\sharp\images\002507.png,"(720, 1280)","(720, 1280)",8.603882749061821,79.19471883194065,0.10864212759229218,high_blur
002508.png,C:\Users\User\comp6001_assignment1\data\raw\gopro\blur\images\002508.png,C:\Users\User\comp6001_assignment1\data\raw\gopro\sharp\images\002508.png,"(720, 1280)","(720, 1280)",16.682346920012247,126.13904203195455,0.13225363574953744,high_blur
002509.png,C:\Users\User\comp6001_assignment1\data\raw\gopro\blur\images\002509.png,C:\Users\User\comp6001_assignment1\data\raw\gopro\sharp\images\002509.png,"(720, 1280)","(720, 1280)",10.870517576334214,78.78684558629988,0.1379737631842026,high_blur
002510.png,C:\Users\User\comp6001_assignment1\data\raw\gopro\blur\images\002510.png,C:\Users\User\comp6001_assignment1\data\raw\gopro\sharp\images\002510.png,"(720, 1280)","(720, 1280)",15.496550507767994,108.29541224055833,0.14309517075307224,high_blur
002511.png,C:\Users\User\comp6001_assignment1\data\raw\gopro\blur\images\002511.png,C:\Users\User\comp6001_assignment1\data\raw\gopro\sharp\images\002511.png,"(720, 1280)","(720, 1280)",11.224293618000878,91.46130700663697,0.12272177146953696,high_blur
002512.png,C:\Users\User\comp6001_assignment1\data\raw\gopro\blur\images\002512.png,C:\Users\User\comp6001_assignment1\data\raw\gopro\sharp\images\002512.png,"(720, 1280)","(720, 1280)",7.8939290258325165,72.30810532120601,0.10917073528167434,high_blur
002513.png,C:\Users\User\comp6001_assignment1\data\raw\gopro\blur\images\002513.png,C:\Users\User\comp6001_assignment1\data\raw\gopro\sharp\images\002513.png,"(720, 1280)","(720, 1280)",8.332217879867555,75.29871116655143,0.11065551786578612,high_blur
002514.png,C:\Users\User\comp6001_assignment1\data\raw\gopro\blur\images\002514.png,C:\Users\User\comp6001_assignment1\data\raw\gopro\sharp\images\002514.png,"(720, 1280)","(720, 1280)",21.95165798603576,115.76862835014721,0.18961663705426185,high_blur
002515.png,C:\Users\User\comp6001_assignment1\data\raw\gopro\blur\images\002515.png,C:\Users\User\comp6001_assignment1\data\raw\gopro\sharp\images\002515.png,"(720, 1280)","(720, 1280)",20.874562510312632,131.09272984064833,0.15923508904036598,high_blur
002516.png,C:\Users\User\comp6001_assignment1\data\raw\gopro\blur\images\002516.png,C:\Users\User\comp6001_assignment1\data\raw\gopro\sharp\images\002516.png,"(720, 1280)","(720, 1280)",12.702540240436123,102.0541400958297,0.12446864210764645,high_blur
002517.png,C:\Users\User\comp6001_assignment1\data\raw\gopro\blur\images\002517.png,C:\Users\User\comp6001_assignment1\data\raw\gopro\sharp\images\002517.png,"(720, 1280)","(720, 1280)",20.228021518225734,140.93486761834413,0.1435274453981718,high_blur
002518.png,C:\Users\User\comp6001_assignment1\data\raw\gopro\blur\images\002518.png,C:\Users\User\comp6001_assignment1\data\raw\gopro\sharp\images\002518.png,"(720, 1280)","(720, 1280)",12.592330819870508,101.71338828260514,0.12380209755322848,high_blur
002519.png,C:\Users\User\comp6001_assignment1\data\raw\gopro\blur\images\002519.png,C:\Users\User\comp6001_assignment1\data\raw\gopro\sharp\images\002519.png,"(720, 1280)","(720, 1280)",16.643078029744427,116.62116462933466,0.14271061416009007,high_blur
002520.png,C:\Users\User\comp6001_assignment1\data\raw\gopro\blur\images\002520.png,C:\Users\User\comp6001_assignment1\data\raw\gopro\sharp\images\002520.png,"(720, 1280)","(720, 1280)",10.16561581586202,88.41286564565472,0.11497892009805982,high_blur
002521.png,C:\Users\User\comp6001_assignment1\data\raw\gopro\blur\images\002521.png,C:\Users\User\comp6001_assignment1\data\raw\gopro\sharp\images\002521.png,"(720, 1280)","(720, 1280)",15.415153642855744,103.60503392322565,0.148787689725491,high_blur
002522.png,C:\Users\User\comp6001_assignment1\data\raw\gopro\blur\images\002522.png,C:\Users\User\comp6001_assignment1\data\raw\gopro\sharp\images\002522.png,"(720, 1280)","(720, 1280)",11.526675038580239,87.13742645169366,0.13228156380826167,high_blur
002523.png,C:\Users\User\comp6001_assignment1\data\raw\gopro\blur\images\002523.png,C:\Users\User\comp6001_assignment1\data\raw\gopro\sharp\images\002523.png,"(720, 1280)","(720, 1280)",7.232295950990842,59.96056689277815,0.12061753790149288,high_blur
002524.png,C:\Users\User\comp6001_assignment1\data\raw\gopro\blur\images\002524.png,C:\Users\User\comp6001_assignment1\data\raw\gopro\sharp\images\002524.png,"(720, 1280)","(720, 1280)",5.105724819225735,37.56001302026349,0.1359351184226657,high_blur
002525.png,C:\Users\User\comp6001_assignment1\data\raw\gopro\blur\images\002525.png,C:\Users\User\comp6001_assignment1\data\raw\gopro\sharp\images\002525.png,"(720, 1280)","(720, 1280)",4.6073328768836115,30.835877820444683,0.14941468189158308,high_blur
002526.png,C:\Users\User\comp6001_assignment1\data\raw\gopro\blur\images\002526.png,C:\Users\User\comp6001_assignment1\data\raw\gopro\sharp\images\002526.png,"(720, 1280)","(720, 1280)",4.714212222629122,33.33722213253445,0.1414098691988596,high_blur
002527.png,C:\Users\User\comp6001_assignment1\data\raw\gopro\blur\images\002527.png,C:\Users\User\comp6001_assignment1\data\raw\gopro\sharp\images\002527.png,"(720, 1280)","(720, 1280)",6.685183365658182,54.69123914892411,0.12223499537525734,high_blur
002528.png,C:\Users\User\comp6001_assignment1\data\raw\gopro\blur\images\002528.png,C:\Users\User\comp6001_assignment1\data\raw\gopro\sharp\images\002528.png,"(720, 1280)","(720, 1280)",6.564999954769933,55.95086989994285,0.11733508282063881,high_blur
002801.png,C:\Users\User\comp6001_assignment1\data\raw\gopro\blur\images\002801.png,C:\Users\User\comp6001_assignment1\data\raw\gopro\sharp\images\002801.png,"(720, 1280)","(720, 1280)",58.27443467621865,226.2387919230037,0.2575793221768772,low_blur
002802.png,C:\Users\User\comp6001_assignment1\data\raw\gopro\blur\images\002802.png,C:\Users\User\comp6001_assignment1\data\raw\gopro\sharp\images\002802.png,"(720, 1280)","(720, 1280)",47.61566948524641,174.72121512518976,0.2725236855089635,low_blur
002803.png,C:\Users\User\comp6001_assignment1\data\raw\gopro\blur\images\002803.png,C:\Users\User\comp6001_assignment1\data\raw\gopro\sharp\images\002803.png,"(720, 1280)","(720, 1280)",44.41025840233697,161.90138080383934,0.27430438319362854,low_blur
002804.png,C:\Users\User\comp6001_assignment1\data\raw\gopro\blur\images\002804.png,C:\Users\User\comp6001_assignment1\data\raw\gopro\sharp\images\002804.png,"(720, 1280)","(720, 1280)",45.23221137032216,162.48459859762193,0.2783784540684484,low_blur
002805.png,C:\Users\User\comp6001_assignment1\data\raw\gopro\blur\images\002805.png,C:\Users\User\comp6001_assignment1\data\raw\gopro\sharp\images\002805.png,"(720, 1280)","(720, 1280)",36.48507160813603,157.9305714091536,0.2310196897300099,medium_blur
002806.png,C:\Users\User\comp6001_assignment1\data\raw\gopro\blur\images\002806.png,C:\Users\User\comp6001_assignment1\data\raw\gopro\sharp\images\002806.png,"(720, 1280)","(720, 1280)",42.009630004840446,161.51336987726663,0.2601000154610259,medium_blur
002807.png,C:\Users\User\comp6001_assignment1\data\raw\gopro\blur\images\002807.png,C:\Users\User\comp6001_assignment1\data\raw\gopro\sharp\images\002807.png,"(720, 1280)","(720, 1280)",41.952042947934,161.8132028353467,0.2592621752134141,medium_blur
002808.png,C:\Users\User\comp6001_assignment1\data\raw\gopro\blur\images\002808.png,C:\Users\User\comp6001_assignment1\data\raw\gopro\sharp\images\002808.png,"(720, 1280)","(720, 1280)",49.45126112662301,167.5153056213932,0.2952044348439263,low_blur
002809.png,C:\Users\User\comp6001_assignment1\data\raw\gopro\blur\images\002809.png,C:\Users\User\comp6001_assignment1\data\raw\gopro\sharp\images\002809.png,"(720, 1280)","(720, 1280)",62.35685848235025,221.82486909837957,0.28110851020894245,low_blur
002810.png,C:\Users\User\comp6001_assignment1\data\raw\gopro\blur\images\002810.png,C:\Users\User\comp6001_assignment1\data\raw\gopro\sharp\images\002810.png,"(720, 1280)","(720, 1280)",55.26154502574311,177.08135677540037,0.31206867865098264,low_blur
002811.png,C:\Users\User\comp6001_assignment1\data\raw\gopro\blur\images\002811.png,C:\Users\User\comp6001_assignment1\data\raw\gopro\sharp\images\002811.png,"(720, 1280)","(720, 1280)",45.33242825090857,168.09908630031893,0.26967682719716124,low_blur
002812.png,C:\Users\User\comp6001_assignment1\data\raw\gopro\blur\images\002812.png,C:\Users\User\comp6001_assignment1\data\raw\gopro\sharp\images\002812.png,"(720, 1280)","(720, 1280)",41.795146649377145,161.2092899575127,0.25926016210231934,medium_blur
002813.png,C:\Users\User\comp6001_assignment1\data\raw\gopro\blur\images\002813.png,C:\Users\User\comp6001_assignment1\data\raw\gopro\sharp\images\002813.png,"(720, 1280)","(720, 1280)",45.51886342407862,160.2751516474216,0.28400449447942133,low_blur
002814.png,C:\Users\User\comp6001_assignment1\data\raw\gopro\blur\images\002814.png,C:\Users\User\comp6001_assignment1\data\raw\gopro\sharp\images\002814.png,"(720, 1280)","(720, 1280)",32.37056273422124,154.50349236379435,0.20951346948136476,medium_blur
002815.png,C:\Users\User\comp6001_assignment1\data\raw\gopro\blur\images\002815.png,C:\Users\User\comp6001_assignment1\data\raw\gopro\sharp\images\002815.png,"(720, 1280)","(720, 1280)",42.4269989390432,162.8230079920157,0.2605712758882207,medium_blur
002816.png,C:\Users\User\comp6001_assignment1\data\raw\gopro\blur\images\002816.png,C:\Users\User\comp6001_assignment1\data\raw\gopro\sharp\images\002816.png,"(720, 1280)","(720, 1280)",36.91832245249808,158.82533942591226,0.23244604786376055,medium_blur
002817.png,C:\Users\User\comp6001_assignment1\data\raw\gopro\blur\images\002817.png,C:\Users\User\comp6001_assignment1\data\raw\gopro\sharp\images\002817.png,"(720, 1280)","(720, 1280)",38.49943538521542,158.73599210743373,0.24253752959022257,medium_blur
002818.png,C:\Users\User\comp6001_assignment1\data\raw\gopro\blur\images\002818.png,C:\Users\User\comp6001_assignment1\data\raw\gopro\sharp\images\002818.png,"(720, 1280)","(720, 1280)",42.773298765675825,157.00707554472817,0.27242911578699064,low_blur
002819.png,C:\Users\User\comp6001_assignment1\data\raw\gopro\blur\images\002819.png,C:\Users\User\comp6001_assignment1\data\raw\gopro\sharp\images\002819.png,"(720, 1280)","(720, 1280)",38.55760111320283,159.9204965460459,0.24110481110024498,medium_blur
002820.png,C:\Users\User\comp6001_assignment1\data\raw\gopro\blur\images\002820.png,C:\Users\User\comp6001_assignment1\data\raw\gopro\sharp\images\002820.png,"(720, 1280)","(720, 1280)",42.98044308988664,206.88861753645534,0.2077467750502789,low_blur
002821.png,C:\Users\User\comp6001_assignment1\data\raw\gopro\blur\images\002821.png,C:\Users\User\comp6001_assignment1\data\raw\gopro\sharp\images\002821.png,"(720, 1280)","(720, 1280)",43.27260361582438,162.34658644484418,0.2665445856347612,low_blur
002822.png,C:\Users\User\comp6001_assignment1\data\raw\gopro\blur\images\002822.png,C:\Users\User\comp6001_assignment1\data\raw\gopro\sharp\images\002822.png,"(720, 1280)","(720, 1280)",43.25615917626722,164.7318458722856,0.2625852878937403,low_blur
002823.png,C:\Users\User\comp6001_assignment1\data\raw\gopro\blur\images\002823.png,C:\Users\User\comp6001_assignment1\data\raw\gopro\sharp\images\002823.png,"(720, 1280)","(720, 1280)",53.4658637513714,218.30549642151254,0.24491304445073772,low_blur
002824.png,C:\Users\User\comp6001_assignment1\data\raw\gopro\blur\images\002824.png,C:\Users\User\comp6001_assignment1\data\raw\gopro\sharp\images\002824.png,"(720, 1280)","(720, 1280)",54.257450066449906,186.3819171511321,0.29110898145522834,low_blur
002825.png,C:\Users\User\comp6001_assignment1\data\raw\gopro\blur\images\002825.png,C:\Users\User\comp6001_assignment1\data\raw\gopro\sharp\images\002825.png,"(720, 1280)","(720, 1280)",49.19336216360961,173.5586435873138,0.28343942510720904,low_blur
002826.png,C:\Users\User\comp6001_assignment1\data\raw\gopro\blur\images\002826.png,C:\Users\User\comp6001_assignment1\data\raw\gopro\sharp\images\002826.png,"(720, 1280)","(720, 1280)",43.19184979965657,177.84988547988695,0.24285565144270269,low_blur
002827.png,C:\Users\User\comp6001_assignment1\data\raw\gopro\blur\images\002827.png,C:\Users\User\comp6001_assignment1\data\raw\gopro\sharp\images\002827.png,"(720, 1280)","(720, 1280)",44.27258876001806,174.75005543572692,0.2533480670268974,low_blur
002828.png,C:\Users\User\comp6001_assignment1\data\raw\gopro\blur\images\002828.png,C:\Users\User\comp6001_assignment1\data\raw\gopro\sharp\images\002828.png,"(720, 1280)","(720, 1280)",47.29263549027499,175.3328330648905,0.2697306298020903,low_blur
002829.png,C:\Users\User\comp6001_assignment1\data\raw\gopro\blur\images\002829.png,C:\Users\User\comp6001_assignment1\data\raw\gopro\sharp\images\002829.png,"(720, 1280)","(720, 1280)",46.740138888092964,177.66163588041604,0.2630851542812702,low_blur
002830.png,C:\Users\User\comp6001_assignment1\data\raw\gopro\blur\images\002830.png,C:\Users\User\comp6001_assignment1\data\raw\gopro\sharp\images\002830.png,"(720, 1280)","(720, 1280)",42.07937056206598,185.1169190958647,0.2273123967561367,medium_blur
002831.png,C:\Users\User\comp6001_assignment1\data\raw\gopro\blur\images\002831.png,C:\Users\User\comp6001_assignment1\data\raw\gopro\sharp\images\002831.png,"(720, 1280)","(720, 1280)",37.38536872569426,180.41545817045505,0.20721821235684076,medium_blur
002832.png,C:\Users\User\comp6001_assignment1\data\raw\gopro\blur\images\002832.png,C:\Users\User\comp6001_assignment1\data\raw\gopro\sharp\images\002832.png,"(720, 1280)","(720, 1280)",52.90313986024741,186.17851580038067,0.2841527639748093,low_blur
002833.png,C:\Users\User\comp6001_assignment1\data\raw\gopro\blur\images\002833.png,C:\Users\User\comp6001_assignment1\data\raw\gopro\sharp\images\002833.png,"(720, 1280)","(720, 1280)",45.565603388562614,187.02826892826286,0.2436294986166161,low_blur
002834.png,C:\Users\User\comp6001_assignment1\data\raw\gopro\blur\images\002834.png,C:\Users\User\comp6001_assignment1\data\raw\gopro\sharp\images\002834.png,"(720, 1280)","(720, 1280)",51.07091929622226,197.11798894267147,0.25908806987922606,low_blur
002835.png,C:\Users\User\comp6001_assignment1\data\raw\gopro\blur\images\002835.png,C:\Users\User\comp6001_assignment1\data\raw\gopro\sharp\images\002835.png,"(720, 1280)","(720, 1280)",55.669433000559884,198.88570636663428,0.27990665601246095,low_blur
002836.png,C:\Users\User\comp6001_assignment1\data\raw\gopro\blur\images\002836.png,C:\Users\User\comp6001_assignment1\data\raw\gopro\sharp\images\002836.png,"(720, 1280)","(720, 1280)",48.09582357673172,182.47318567881635,0.2635774861669414,low_blur
002837.png,C:\Users\User\comp6001_assignment1\data\raw\gopro\blur\images\002837.png,C:\Users\User\comp6001_assignment1\data\raw\gopro\sharp\images\002837.png,"(720, 1280)","(720, 1280)",47.484406705125174,190.2011741701656,0.24965359393704997,low_blur
002838.png,C:\Users\User\comp6001_assignment1\data\raw\gopro\blur\images\002838.png,C:\Users\User\comp6001_assignment1\data\raw\gopro\sharp\images\002838.png,"(720, 1280)","(720, 1280)",44.26103732637008,184.7973838482033,0.23951116840664782,low_blur
002839.png,C:\Users\User\comp6001_assignment1\data\raw\gopro\blur\images\002839.png,C:\Users\User\comp6001_assignment1\data\raw\gopro\sharp\images\002839.png,"(720, 1280)","(720, 1280)",44.66006174822088,183.00558892935175,0.24403660023203594,low_blur
002840.png,C:\Users\User\comp6001_assignment1\data\raw\gopro\blur\images\002840.png,C:\Users\User\comp6001_assignment1\data\raw\gopro\sharp\images\002840.png,"(720, 1280)","(720, 1280)",46.5409775847435,186.0078749156422,0.2502097161388922,low_blur
002841.png,C:\Users\User\comp6001_assignment1\data\raw\gopro\blur\images\002841.png,C:\Users\User\comp6001_assignment1\data\raw\gopro\sharp\images\002841.png,"(720, 1280)","(720, 1280)",43.897485108494465,188.86803037923178,0.23242411655391126,low_blur
002842.png,C:\Users\User\comp6001_assignment1\data\raw\gopro\blur\images\002842.png,C:\Users\User\comp6001_assignment1\data\raw\gopro\sharp\images\002842.png,"(720, 1280)","(720, 1280)",43.308613969209475,183.12007665066065,0.23650390912332653,low_blur
002843.png,C:\Users\User\comp6001_assignment1\data\raw\gopro\blur\images\002843.png,C:\Users\User\comp6001_assignment1\data\raw\gopro\sharp\images\002843.png,"(720, 1280)","(720, 1280)",42.119033201682726,182.46210921728357,0.23083714958713555,medium_blur
002844.png,C:\Users\User\comp6001_assignment1\data\raw\gopro\blur\images\002844.png,C:\Users\User\comp6001_assignment1\data\raw\gopro\sharp\images\002844.png,"(720, 1280)","(720, 1280)",38.229478895399296,174.48670351379783,0.21909680292736614,medium_blur
002845.png,C:\Users\User\comp6001_assignment1\data\raw\gopro\blur\images\002845.png,C:\Users\User\comp6001_assignment1\data\raw\gopro\sharp\images\002845.png,"(720, 1280)","(720, 1280)",38.29247069501405,178.42826052415512,0.21460989744774217,medium_blur
002846.png,C:\Users\User\comp6001_assignment1\data\raw\gopro\blur\images\002846.png,C:\Users\User\comp6001_assignment1\data\raw\gopro\sharp\images\002846.png,"(720, 1280)","(720, 1280)",39.002173830946,175.85626394189438,0.22178438774074646,medium_blur
002847.png,C:\Users\User\comp6001_assignment1\data\raw\gopro\blur\images\002847.png,C:\Users\User\comp6001_assignment1\data\raw\gopro\sharp\images\002847.png,"(720, 1280)","(720, 1280)",35.18098629835976,171.77115007548383,0.2048131265398849,medium_blur
002848.png,C:\Users\User\comp6001_assignment1\data\raw\gopro\blur\images\002848.png,C:\Users\User\comp6001_assignment1\data\raw\gopro\sharp\images\002848.png,"(720, 1280)","(720, 1280)",32.35735748535791,164.57381337140401,0.1966130383718393,medium_blur
002849.png,C:\Users\User\comp6001_assignment1\data\raw\gopro\blur\images\002849.png,C:\Users\User\comp6001_assignment1\data\raw\gopro\sharp\images\002849.png,"(720, 1280)","(720, 1280)",32.71893988053005,170.63834386566535,0.19174435907776108,medium_blur
002850.png,C:\Users\User\comp6001_assignment1\data\raw\gopro\blur\images\002850.png,C:\Users\User\comp6001_assignment1\data\raw\gopro\sharp\images\002850.png,"(720, 1280)","(720, 1280)",40.03942075672739,171.0174849751037,0.23412471982157249,medium_blur
002851.png,C:\Users\User\comp6001_assignment1\data\raw\gopro\blur\images\002851.png,C:\Users\User\comp6001_assignment1\data\raw\gopro\sharp\images\002851.png,"(720, 1280)","(720, 1280)",42.7172275926378,171.64686031188495,0.2488669324479998,low_blur
002852.png,C:\Users\User\comp6001_assignment1\data\raw\gopro\blur\images\002852.png,C:\Users\User\comp6001_assignment1\data\raw\gopro\sharp\images\002852.png,"(720, 1280)","(720, 1280)",47.035114854431136,170.69145894365545,0.27555634677187724,low_blur
002853.png,C:\Users\User\comp6001_assignment1\data\raw\gopro\blur\images\002853.png,C:\Users\User\comp6001_assignment1\data\raw\gopro\sharp\images\002853.png,"(720, 1280)","(720, 1280)",45.36495076894761,171.65158309964653,0.2642850706478464,low_blur
002854.png,C:\Users\User\comp6001_assignment1\data\raw\gopro\blur\images\002854.png,C:\Users\User\comp6001_assignment1\data\raw\gopro\sharp\images\002854.png,"(720, 1280)","(720, 1280)",40.421791149392526,170.50792531632314,0.23706693440807575,medium_blur
002855.png,C:\Users\User\comp6001_assignment1\data\raw\gopro\blur\images\002855.png,C:\Users\User\comp6001_assignment1\data\raw\gopro\sharp\images\002855.png,"(720, 1280)","(720, 1280)",42.53519314205972,168.9009731399524,0.25183509809796323,low_blur
002856.png,C:\Users\User\comp6001_assignment1\data\raw\gopro\blur\images\002856.png,C:\Users\User\comp6001_assignment1\data\raw\gopro\sharp\images\002856.png,"(720, 1280)","(720, 1280)",36.25449775940578,170.3455139125671,0.21282919006535012,medium_blur
002857.png,C:\Users\User\comp6001_assignment1\data\raw\gopro\blur\images\002857.png,C:\Users\User\comp6001_assignment1\data\raw\gopro\sharp\images\002857.png,"(720, 1280)","(720, 1280)",25.41204670090733,167.35093464468028,0.15184884836970722,high_blur
002858.png,C:\Users\User\comp6001_assignment1\data\raw\gopro\blur\images\002858.png,C:\Users\User\comp6001_assignment1\data\raw\gopro\sharp\images\002858.png,"(720, 1280)","(720, 1280)",29.647289582898892,169.13218043009448,0.1752906484487721,medium_blur
002859.png,C:\Users\User\comp6001_assignment1\data\raw\gopro\blur\images\002859.png,C:\Users\User\comp6001_assignment1\data\raw\gopro\sharp\images\002859.png,"(720, 1280)","(720, 1280)",31.383494821124632,164.8999605535707,0.19031838888176056,medium_blur
002860.png,C:\Users\User\comp6001_assignment1\data\raw\gopro\blur\images\002860.png,C:\Users\User\comp6001_assignment1\data\raw\gopro\sharp\images\002860.png,"(720, 1280)","(720, 1280)",36.54557813833262,169.25799711052105,0.21591640430620332,medium_blur
002861.png,C:\Users\User\comp6001_assignment1\data\raw\gopro\blur\images\002861.png,C:\Users\User\comp6001_assignment1\data\raw\gopro\sharp\images\002861.png,"(720, 1280)","(720, 1280)",39.304178680503526,166.30247439416848,0.23634151458854263,medium_blur
002862.png,C:\Users\User\comp6001_assignment1\data\raw\gopro\blur\images\002862.png,C:\Users\User\comp6001_assignment1\data\raw\gopro\sharp\images\002862.png,"(720, 1280)","(720, 1280)",40.05280860036211,164.83166773875556,0.24299219408137368,medium_blur
002863.png,C:\Users\User\comp6001_assignment1\data\raw\gopro\blur\images\002863.png,C:\Users\User\comp6001_assignment1\data\raw\gopro\sharp\images\002863.png,"(720, 1280)","(720, 1280)",37.745795444441434,159.1793178674015,0.23712751095913673,medium_blur
002864.png,C:\Users\User\comp6001_assignment1\data\raw\gopro\blur\images\002864.png,C:\Users\User\comp6001_assignment1\data\raw\gopro\sharp\images\002864.png,"(720, 1280)","(720, 1280)",36.05825597135639,164.3882129834917,0.21934818387972846,medium_blur
002865.png,C:\Users\User\comp6001_assignment1\data\raw\gopro\blur\images\002865.png,C:\Users\User\comp6001_assignment1\data\raw\gopro\sharp\images\002865.png,"(720, 1280)","(720, 1280)",46.583144375252424,164.6241790635097,0.2829666008809777,low_blur
002866.png,C:\Users\User\comp6001_assignment1\data\raw\gopro\blur\images\002866.png,C:\Users\User\comp6001_assignment1\data\raw\gopro\sharp\images\002866.png,"(720, 1280)","(720, 1280)",36.16359466055293,159.808308917387,0.22629358200007477,medium_blur
002867.png,C:\Users\User\comp6001_assignment1\data\raw\gopro\blur\images\002867.png,C:\Users\User\comp6001_assignment1\data\raw\gopro\sharp\images\002867.png,"(720, 1280)","(720, 1280)",29.927511157555056,157.11577769926922,0.19048062259497348,medium_blur
002868.png,C:\Users\User\comp6001_assignment1\data\raw\gopro\blur\images\002868.png,C:\Users\User\comp6001_assignment1\data\raw\gopro\sharp\images\002868.png,"(720, 1280)","(720, 1280)",35.69422279120551,164.12096309199868,0.2174872856980622,medium_blur
002869.png,C:\Users\User\comp6001_assignment1\data\raw\gopro\blur\images\002869.png,C:\Users\User\comp6001_assignment1\data\raw\gopro\sharp\images\002869.png,"(720, 1280)","(720, 1280)",36.246791900404006,164.40346087842406,0.2204746281162759,medium_blur
002870.png,C:\Users\User\comp6001_assignment1\data\raw\gopro\blur\images\002870.png,C:\Users\User\comp6001_assignment1\data\raw\gopro\sharp\images\002870.png,"(720, 1280)","(720, 1280)",34.85946435724777,161.12199844224241,0.21635446861454075,medium_blur
002871.png,C:\Users\User\comp6001_assignment1\data\raw\gopro\blur\images\002871.png,C:\Users\User\comp6001_assignment1\data\raw\gopro\sharp\images\002871.png,"(720, 1280)","(720, 1280)",41.15883086578816,169.34935642482498,0.24304096414814755,medium_blur
002872.png,C:\Users\User\comp6001_assignment1\data\raw\gopro\blur\images\002872.png,C:\Users\User\comp6001_assignment1\data\raw\gopro\sharp\images\002872.png,"(720, 1280)","(720, 1280)",45.256608957407224,168.5680062172784,0.2684768596977307,low_blur
002873.png,C:\Users\User\comp6001_assignment1\data\raw\gopro\blur\images\002873.png,C:\Users\User\comp6001_assignment1\data\raw\gopro\sharp\images\002873.png,"(720, 1280)","(720, 1280)",37.545948542558406,162.3702189643013,0.23123666876683147,medium_blur
002874.png,C:\Users\User\comp6001_assignment1\data\raw\gopro\blur\images\002874.png,C:\Users\User\comp6001_assignment1\data\raw\gopro\sharp\images\002874.png,"(720, 1280)","(720, 1280)",37.080236392551015,152.3392154491094,0.24340571979973222,medium_blur
002875.png,C:\Users\User\comp6001_assignment1\data\raw\gopro\blur\images\002875.png,C:\Users\User\comp6001_assignment1\data\raw\gopro\sharp\images\002875.png,"(720, 1280)","(720, 1280)",32.33977859143741,144.55280134398737,0.2237229461381541,medium_blur
002876.png,C:\Users\User\comp6001_assignment1\data\raw\gopro\blur\images\002876.png,C:\Users\User\comp6001_assignment1\data\raw\gopro\sharp\images\002876.png,"(720, 1280)","(720, 1280)",36.26146314620853,139.43544371540872,0.26005915122713347,medium_blur
002877.png,C:\Users\User\comp6001_assignment1\data\raw\gopro\blur\images\002877.png,C:\Users\User\comp6001_assignment1\data\raw\gopro\sharp\images\002877.png,"(720, 1280)","(720, 1280)",32.92597944690092,132.88552540342428,0.24777701969017227,medium_blur
002878.png,C:\Users\User\comp6001_assignment1\data\raw\gopro\blur\images\002878.png,C:\Users\User\comp6001_assignment1\data\raw\gopro\sharp\images\002878.png,"(720, 1280)","(720, 1280)",24.217572847926753,124.1266589714792,0.19510371943178,high_blur
002879.png,C:\Users\User\comp6001_assignment1\data\raw\gopro\blur\images\002879.png,C:\Users\User\comp6001_assignment1\data\raw\gopro\sharp\images\002879.png,"(720, 1280)","(720, 1280)",36.62468373800089,132.78740490263007,0.27581444009767925,medium_blur
002880.png,C:\Users\User\comp6001_assignment1\data\raw\gopro\blur\images\002880.png,C:\Users\User\comp6001_assignment1\data\raw\gopro\sharp\images\002880.png,"(720, 1280)","(720, 1280)",35.7172653846729,134.75351407707004,0.2650562816610069,medium_blur
002881.png,C:\Users\User\comp6001_assignment1\data\raw\gopro\blur\images\002881.png,C:\Users\User\comp6001_assignment1\data\raw\gopro\sharp\images\002881.png,"(720, 1280)","(720, 1280)",32.711035848517476,133.75988430258673,0.24455041970636174,medium_blur
002882.png,C:\Users\User\comp6001_assignment1\data\raw\gopro\blur\images\002882.png,C:\Users\User\comp6001_assignment1\data\raw\gopro\sharp\images\002882.png,"(720, 1280)","(720, 1280)",20.09495106393201,118.58516461219321,0.16945586008126384,high_blur
002883.png,C:\Users\User\comp6001_assignment1\data\raw\gopro\blur\images\002883.png,C:\Users\User\comp6001_assignment1\data\raw\gopro\sharp\images\002883.png,"(720, 1280)","(720, 1280)",12.44022865123984,119.519907581865,0.10408499221502554,high_blur
002884.png,C:\Users\User\comp6001_assignment1\data\raw\gopro\blur\images\002884.png,C:\Users\User\comp6001_assignment1\data\raw\gopro\sharp\images\002884.png,"(720, 1280)","(720, 1280)",20.11685191801919,119.1133668609607,0.16888828220104313,high_blur
002885.png,C:\Users\User\comp6001_assignment1\data\raw\gopro\blur\images\002885.png,C:\Users\User\comp6001_assignment1\data\raw\gopro\sharp\images\002885.png,"(720, 1280)","(720, 1280)",24.661272689479073,124.06865548799189,0.19877117705912617,high_blur
002886.png,C:\Users\User\comp6001_assignment1\data\raw\gopro\blur\images\002886.png,C:\Users\User\comp6001_assignment1\data\raw\gopro\sharp\images\002886.png,"(720, 1280)","(720, 1280)",34.817361044419826,123.22718856607952,0.2825460959285284,medium_blur
002887.png,C:\Users\User\comp6001_assignment1\data\raw\gopro\blur\images\002887.png,C:\Users\User\comp6001_assignment1\data\raw\gopro\sharp\images\002887.png,"(720, 1280)","(720, 1280)",23.88722553540923,131.68055148729755,0.18140283636266105,high_blur
002888.png,C:\Users\User\comp6001_assignment1\data\raw\gopro\blur\images\002888.png,C:\Users\User\comp6001_assignment1\data\raw\gopro\sharp\images\002888.png,"(720, 1280)","(720, 1280)",18.711759878083214,125.77804904496934,0.1487680880620555,high_blur
002889.png,C:\Users\User\comp6001_assignment1\data\raw\gopro\blur\images\002889.png,C:\Users\User\comp6001_assignment1\data\raw\gopro\sharp\images\002889.png,"(720, 1280)","(720, 1280)",22.221361443244092,146.71791765033933,0.15145635787094427,high_blur
002890.png,C:\Users\User\comp6001_assignment1\data\raw\gopro\blur\images\002890.png,C:\Users\User\comp6001_assignment1\data\raw\gopro\sharp\images\002890.png,"(720, 1280)","(720, 1280)",38.76787563272643,139.52258504222232,0.27786093282471713,medium_blur
002891.png,C:\Users\User\comp6001_assignment1\data\raw\gopro\blur\images\002891.png,C:\Users\User\comp6001_assignment1\data\raw\gopro\sharp\images\002891.png,"(720, 1280)","(720, 1280)",28.196677287008743,165.300940464386,0.17057783946110047,medium_blur
002892.png,C:\Users\User\comp6001_assignment1\data\raw\gopro\blur\images\002892.png,C:\Users\User\comp6001_assignment1\data\raw\gopro\sharp\images\002892.png,"(720, 1280)","(720, 1280)",25.660679949271834,130.642383883063,0.19641925678787614,high_blur
002893.png,C:\Users\User\comp6001_assignment1\data\raw\gopro\blur\images\002893.png,C:\Users\User\comp6001_assignment1\data\raw\gopro\sharp\images\002893.png,"(720, 1280)","(720, 1280)",35.5264165784624,129.2651354768247,0.2748337085995119,medium_blur
002894.png,C:\Users\User\comp6001_assignment1\data\raw\gopro\blur\images\002894.png,C:\Users\User\comp6001_assignment1\data\raw\gopro\sharp\images\002894.png,"(720, 1280)","(720, 1280)",37.70646265309651,142.38571991248898,0.264819131255739,medium_blur
002895.png,C:\Users\User\comp6001_assignment1\data\raw\gopro\blur\images\002895.png,C:\Users\User\comp6001_assignment1\data\raw\gopro\sharp\images\002895.png,"(720, 1280)","(720, 1280)",30.456289960130064,135.87963214063168,0.22414168685978794,medium_blur
002896.png,C:\Users\User\comp6001_assignment1\data\raw\gopro\blur\images\002896.png,C:\Users\User\comp6001_assignment1\data\raw\gopro\sharp\images\002896.png,"(720, 1280)","(720, 1280)",39.611435328938065,132.479935042034,0.2989995074603556,medium_blur
002897.png,C:\Users\User\comp6001_assignment1\data\raw\gopro\blur\images\002897.png,C:\Users\User\comp6001_assignment1\data\raw\gopro\sharp\images\002897.png,"(720, 1280)","(720, 1280)",30.753329827907933,130.68515309165556,0.23532382292872975,medium_blur
002898.png,C:\Users\User\comp6001_assignment1\data\raw\gopro\blur\images\002898.png,C:\Users\User\comp6001_assignment1\data\raw\gopro\sharp\images\002898.png,"(720, 1280)","(720, 1280)",39.68255749667015,140.4319845902231,0.28257492486228886,medium_blur
002899.png,C:\Users\User\comp6001_assignment1\data\raw\gopro\blur\images\002899.png,C:\Users\User\comp6001_assignment1\data\raw\gopro\sharp\images\002899.png,"(720, 1280)","(720, 1280)",45.6707071643111,136.17312857121598,0.33538707408835294,low_blur
002900.png,C:\Users\User\comp6001_assignment1\data\raw\gopro\blur\images\002900.png,C:\Users\User\comp6001_assignment1\data\raw\gopro\sharp\images\002900.png,"(720, 1280)","(720, 1280)",35.076306768289015,134.90760072024187,0.2600024504062361,medium_blur
